# Rhino

mtllib cube-site-concertHall.mtl
usemtl Default
v -72.15936279296875 0 51.703529357910156
v -72.15936279296875 0.30000001192092896 51.703529357910156
v -74.6463623046875 0 114.07082366943359
v -74.6463623046875 0.30000001192092896 114.07082366943359
v -74.6463623046875 0 114.07082366943359
v -74.6463623046875 0.30000001192092896 114.07082366943359
v -67.078559875488281 0 121.78532409667969
v -67.078559875488281 0.30000001192092896 121.78532409667969
v -67.078559875488281 0 121.78532409667969
v -67.078559875488281 0.30000001192092896 121.78532409667969
v -45.352870941162109 0 125.26799774169922
v -45.352870941162109 0.30000001192092896 125.26799774169922
v -45.352870941162109 0 125.26799774169922
v -45.352870941162109 0.30000001192092896 125.26799774169922
v 36.382350921630859 0 139.83888244628906
v 36.382350921630859 0.30000001192092896 139.83888244628906
v 36.382350921630859 0 139.83888244628906
v 36.382350921630859 0.30000001192092896 139.83888244628906
v 50.316410064697266 0 129.34123229980469
v 50.316410064697266 0.30000001192092896 129.34123229980469
v 50.316410064697266 0 129.34123229980469
v 50.316410064697266 0.30000001192092896 129.34123229980469
v 64.390655517578125 0 78.677925109863281
v 64.390655517578125 0.30000001192092896 78.677925109863281
v 64.390655517578125 0 78.677925109863281
v 64.390655517578125 0.30000001192092896 78.677925109863281
v 64.599761962890625 0 76.831214904785156
v 64.599761962890625 0.30000001192092896 76.831214904785156
v 66.02752685546875 0 64.214439392089844
v 66.02752685546875 0.30000001192092896 64.214439392089844
v 66.02752685546875 0 64.214439392089844
v 66.02752685546875 0.30000001192092896 64.214439392089844
v 68.471084594726562 0 26.945735931396484
v 68.471084594726562 0.30000001192092896 26.945735931396484
v 68.471084594726562 0 26.945735931396484
v 68.471084594726562 0.30000001192092896 26.945735931396484
v 70.571258544921875 0 -31.78077507019043
v 70.571258544921875 0.30000001192092896 -31.78077507019043
v 70.571258544921875 0 -31.78077507019043
v 70.571258544921875 0.30000001192092896 -31.78077507019043
v 64.80902099609375 0 -34.965423583984375
v 64.80902099609375 0.30000001192092896 -34.965423583984375
v 64.80902099609375 0 -34.965423583984375
v 64.80902099609375 0.30000001192092896 -34.965423583984375
v 38.580852508544922 0 -34.731010437011719
v 38.580852508544922 0.30000001192092896 -34.731010437011719
v 38.580852508544922 0 -34.731010437011719
v 38.580852508544922 0.30000001192092896 -34.731010437011719
v 26.771598815917969 0 -33.227424621582031
v 26.771598815917969 0.30000001192092896 -33.227424621582031
v 26.771598815917969 0 -33.227424621582031
v 26.771598815917969 0.30000001192092896 -33.227424621582031
v -5.8132686614990234 0 -33.227424621582031
v -5.8132686614990234 0.30000001192092896 -33.227424621582031
v -5.8132686614990234 0 -33.227424621582031
v -5.8132686614990234 0.30000001192092896 -33.227424621582031
v -20.500606536865234 0 -37.519657135009766
v -20.500606536865234 0.30000001192092896 -37.519657135009766
v -20.500606536865234 0 -37.519657135009766
v -20.500606536865234 0.30000001192092896 -37.519657135009766
v -28.487197875976562 0 -41.17291259765625
v -28.487197875976562 0.30000001192092896 -41.17291259765625
v -28.487197875976562 0 -41.17291259765625
v -28.487197875976562 0.30000001192092896 -41.17291259765625
v -35.941089630126953 0 -45.58807373046875
v -35.941089630126953 0.30000001192092896 -45.58807373046875
v -35.941089630126953 0 -45.58807373046875
v -35.941089630126953 0.30000001192092896 -45.58807373046875
v -64.605392456054688 0 -65.041793823242188
v -64.605392456054688 0.30000001192092896 -65.041793823242188
v -64.605392456054688 0 -65.041793823242188
v -64.605392456054688 0.30000001192092896 -65.041793823242188
v -69.68280029296875 0 -63.210597991943359
v -69.68280029296875 0.30000001192092896 -63.210597991943359
v -69.68280029296875 0 -63.210597991943359
v -69.68280029296875 0.30000001192092896 -63.210597991943359
v -69.798423767089844 0 -52.589561462402344
v -69.798423767089844 0.30000001192092896 -52.589561462402344
v -70.387519836425781 0 -27.739166259765625
v -70.387519836425781 0.30000001192092896 -27.739166259765625
v -72.15936279296875 0 51.703529357910156
v -72.15936279296875 0.30000001192092896 51.703529357910156
v -72.15936279296875 0 51.703529357910156
v -74.6463623046875 0 114.07082366943359
v -67.078559875488281 0 121.78532409667969
v -45.352870941162109 0 125.26799774169922
v 36.382350921630859 0 139.83888244628906
v 50.316410064697266 0 129.34123229980469
v 64.390655517578125 0 78.677925109863281
v 64.599761962890625 0 76.831214904785156
v 66.02752685546875 0 64.214439392089844
v 68.471084594726562 0 26.945735931396484
v 70.571258544921875 0 -31.78077507019043
v 64.80902099609375 0 -34.965423583984375
v 38.580852508544922 0 -34.731010437011719
v 26.771598815917969 0 -33.227424621582031
v -5.8132686614990234 0 -33.227424621582031
v -20.500606536865234 0 -37.519657135009766
v -28.487197875976562 0 -41.17291259765625
v -35.941089630126953 0 -45.58807373046875
v -64.605392456054688 0 -65.041793823242188
v -69.68280029296875 0 -63.210597991943359
v -69.798423767089844 0 -52.589561462402344
v -70.387519836425781 0 -27.739166259765625
v -72.15936279296875 0.30000001192092896 51.703529357910156
v -74.6463623046875 0.30000001192092896 114.07082366943359
v -67.078559875488281 0.30000001192092896 121.78532409667969
v -45.352870941162109 0.30000001192092896 125.26799774169922
v 36.382350921630859 0.30000001192092896 139.83888244628906
v 50.316410064697266 0.30000001192092896 129.34123229980469
v 64.390655517578125 0.30000001192092896 78.677925109863281
v 64.599761962890625 0.30000001192092896 76.831214904785156
v 66.02752685546875 0.30000001192092896 64.214439392089844
v 68.471084594726562 0.30000001192092896 26.945735931396484
v 70.571258544921875 0.30000001192092896 -31.78077507019043
v 64.80902099609375 0.30000001192092896 -34.965423583984375
v 38.580852508544922 0.30000001192092896 -34.731010437011719
v 26.771598815917969 0.30000001192092896 -33.227424621582031
v -5.8132686614990234 0.30000001192092896 -33.227424621582031
v -20.500606536865234 0.30000001192092896 -37.519657135009766
v -28.487197875976562 0.30000001192092896 -41.17291259765625
v -35.941089630126953 0.30000001192092896 -45.58807373046875
v -64.605392456054688 0.30000001192092896 -65.041793823242188
v -69.68280029296875 0.30000001192092896 -63.210597991943359
v -69.798423767089844 0.30000001192092896 -52.589561462402344
v -70.387519836425781 0.30000001192092896 -27.739166259765625
vt 0 0
vt 0 0.50051569938659668
vt 0.10003053396940231 0
vt 0.10003053396940231 0.50051569938659668
vt 0.10003053396940231 0
vt 0.10003053396940231 0.50051569938659668
vt 0.11734959483146667 0
vt 0.11734959483146667 0.50051569938659668
vt 0.11734959483146667 0
vt 0.11734959483146667 0.50051569938659668
vt 0.15261214971542358 0
vt 0.15261214971542358 0.50051569938659668
vt 0.15261214971542358 0
vt 0.15261214971542358 0.50051569938659668
vt 0.28566783666610718 0
vt 0.28566783666610718 0.50051569938659668
vt 0.28566783666610718 0
vt 0.28566783666610718 0.50051569938659668
vt 0.3136269748210907 0
vt 0.3136269748210907 0.50051569938659668
vt 0.3136269748210907 0
vt 0.3136269748210907 0.50051569938659668
vt 0.39789578318595886 0
vt 0.39789578318595886 0.50051569938659668
vt 0.39789578318595886 0
vt 0.39789578318595886 0.50051569938659668
vt 0.40087425708770752 0
vt 0.40087425708770752 0.50051569938659668
vt 0.4212232232093811 0
vt 0.4212232232093811 0.50051569938659668
vt 0.4212232232093811 0
vt 0.4212232232093811 0.50051569938659668
vt 0.48107904195785522 0
vt 0.48107904195785522 0.50051569938659668
vt 0.48107904195785522 0
vt 0.48107904195785522 0.50051569938659668
vt 0.57525551319122314 0
vt 0.57525551319122314 0.50051569938659668
vt 0.57525551319122314 0
vt 0.57525551319122314 0.50051569938659668
vt 0.58580672740936279 0
vt 0.58580672740936279 0.50051569938659668
vt 0.58580672740936279 0
vt 0.58580672740936279 0.50051569938659668
vt 0.62784218788146973 0
vt 0.62784218788146973 0.50051569938659668
vt 0.62784218788146973 0
vt 0.62784218788146973 0.50051569938659668
vt 0.64692074060440063 0
vt 0.64692074060440063 0.50051569938659668
vt 0.64692074060440063 0
vt 0.64692074060440063 0.50051569938659668
vt 0.69914191961288452 0
vt 0.69914191961288452 0.50051569938659668
vt 0.69914191961288452 0
vt 0.69914191961288452 0.50051569938659668
vt 0.72366464138031006 0
vt 0.72366464138031006 0.50051569938659668
vt 0.72366464138031006 0
vt 0.72366464138031006 0.50051569938659668
vt 0.73773962259292603 0
vt 0.73773962259292603 0.50051569938659668
vt 0.73773962259292603 0
vt 0.73773962259292603 0.50051569938659668
vt 0.75162374973297119 0
vt 0.75162374973297119 0.50051569938659668
vt 0.75162374973297119 0
vt 0.75162374973297119 0.50051569938659668
vt 0.80714225769042969 0
vt 0.80714225769042969 0.50051569938659668
vt 0.80714225769042969 0
vt 0.80714225769042969 0.50051569938659668
vt 0.81579244136810303 0
vt 0.81579244136810303 0.50051569938659668
vt 0.81579244136810303 0
vt 0.81579244136810303 0.50051569938659668
vt 0.83281493186950684 0
vt 0.83281493186950684 0.50051569938659668
vt 0.87265187501907349 0
vt 0.87265187501907349 0.50051569938659668
vt 1 0
vt 1 0.50051569938659668
vt 0.14124751091003418 0.50907039642333984
vt 0.041296415030956268 0.50051617622375488
vt 0.028933005407452583 0.52654606103897095
vt 0.023351596668362617 0.60127276182174683
vt 0 0.88240540027618408
vt 0.016823748126626015 0.93033236265182495
vt 0.098017804324626923 0.97874146699905396
vt 0.10097737610340118 0.97946071624755859
vt 0.12119727581739426 0.9843716025352478
vt 0.18092484772205353 0.99277633428573608
vt 0.27504116296768188 1
vt 0.28014492988586426 0.98018044233322144
vt 0.27976927161216736 0.88996726274490356
vt 0.27735957503318787 0.84934872388839722
vt 0.27735957503318787 0.73727130889892578
vt 0.28423839807510376 0.68675345182418823
vt 0.29009318351745605 0.6592831015586853
vt 0.297169029712677 0.63364505767822266
vt 0.32834595441818237 0.53505265712738037
vt 0.32541123032569885 0.51758861541748047
vt 0.30838975310325623 0.51719093322753906
vt 0.26856398582458496 0.51516473293304443
vt 0.14124751091003418 0.99144583940505981
vt 0.041296415030956268 1
vt 0.028933005407452583 0.97397011518478394
vt 0.023351596668362617 0.89924347400665283
vt 0 0.6181107759475708
vt 0.016823748126626015 0.57018381357192993
vt 0.098017804324626923 0.52177470922470093
vt 0.10097737610340118 0.52105545997619629
vt 0.12119727581739426 0.51614457368850708
vt 0.18092484772205353 0.5077398419380188
vt 0.27504116296768188 0.50051617622375488
vt 0.28014492988586426 0.52033573389053345
vt 0.27976927161216736 0.61054891347885132
vt 0.27735957503318787 0.65116745233535767
vt 0.27735957503318787 0.7632448673248291
vt 0.28423839807510376 0.81376278400421143
vt 0.29009318351745605 0.84123307466506958
vt 0.297169029712677 0.86687111854553223
vt 0.32834595441818237 0.96546351909637451
vt 0.32541123032569885 0.98292756080627441
vt 0.30838975310325623 0.98332524299621582
vt 0.26856398582458496 0.98535144329071045
vn -0.99920588731765747 0 -0.039845075458288193
vn -0.99920588731765747 0 -0.039845075458288193
vn -0.99920588731765747 0 -0.039845075458288193
vn -0.99920588731765747 0 -0.039845075458288193
vn -0.71386140584945679 0 0.70028698444366455
vn -0.71386140584945679 0 0.70028698444366455
vn -0.71386140584945679 0 0.70028698444366455
vn -0.71386140584945679 0 0.70028698444366455
vn -0.15828147530555725 0 0.98739403486251831
vn -0.15828147530555725 0 0.98739403486251831
vn -0.15828147530555725 0 0.98739403486251831
vn -0.15828147530555725 0 0.98739403486251831
vn -0.17550243437290192 0 0.98447901010513306
vn -0.17550243437290192 0 0.98447901010513306
vn -0.17550243437290192 0 0.98447901010513306
vn -0.17550243437290192 0 0.98447901010513306
vn 0.60172677040100098 0 0.79870200157165527
vn 0.60172677040100098 0 0.79870200157165527
vn 0.60172677040100098 0 0.79870200157165527
vn 0.60172677040100098 0 0.79870200157165527
vn 0.96351248025894165 0 0.2676633894443512
vn 0.96351248025894165 0 0.2676633894443512
vn 0.96351248025894165 0 0.2676633894443512
vn 0.96351248025894165 0 0.2676633894443512
vn 0.99365025758743286 0 0.11251318454742432
vn 0.99365025758743286 0 0.11251318454742432
vn 0.99365776777267456 0 0.11244641989469528
vn 0.99365776777267456 0 0.11244641989469528
vn 0.99365776777267456 0 0.11244641989469528
vn 0.99365776777267456 0 0.11244641989469528
vn 0.99785745143890381 0 0.06542544811964035
vn 0.99785745143890381 0 0.06542544811964035
vn 0.99785745143890381 0 0.06542544811964035
vn 0.99785745143890381 0 0.06542544811964035
vn 0.99936115741729736 0 0.03573906421661377
vn 0.99936115741729736 0 0.03573906421661377
vn 0.99936115741729736 0 0.03573906421661377
vn 0.99936115741729736 0 0.03573906421661377
vn 0.48371535539627075 0 -0.87522536516189575
vn 0.48371535539627075 0 -0.87522536516189575
vn 0.48371535539627075 0 -0.87522536516189575
vn 0.48371535539627075 0 -0.87522536516189575
vn -0.0089370198547840118 0 -0.99996006488800049
vn -0.0089370198547840118 0 -0.99996006488800049
vn -0.0089370198547840118 0 -0.99996006488800049
vn -0.0089370198547840118 0 -0.99996006488800049
vn -0.12630333006381989 0 -0.99199163913726807
vn -0.12630333006381989 0 -0.99199163913726807
vn -0.12630333006381989 0 -0.99199163913726807
vn -0.12630333006381989 0 -0.99199163913726807
vn 0 0 -1
vn 0 0 -1
vn 0 0 -1
vn 0 0 -1
vn 0.2805074155330658 0 -0.95985186100006104
vn 0.2805074155330658 0 -0.95985186100006104
vn 0.2805074155330658 0 -0.95985186100006104
vn 0.2805074155330658 0 -0.95985186100006104
vn 0.41597110033035278 0 -0.9093778133392334
vn 0.41597110033035278 0 -0.9093778133392334
vn 0.41597110033035278 0 -0.9093778133392334
vn 0.41597110033035278 0 -0.9093778133392334
vn 0.50963515043258667 0 -0.86039060354232788
vn 0.50963515043258667 0 -0.86039060354232788
vn 0.50963515043258667 0 -0.86039060354232788
vn 0.50963515043258667 0 -0.86039060354232788
vn 0.56155955791473389 0 -0.82743632793426514
vn 0.56155955791473389 0 -0.82743632793426514
vn 0.56155955791473389 0 -0.82743632793426514
vn 0.56155955791473389 0 -0.82743632793426514
vn -0.33926638960838318 0 -0.94069033861160278
vn -0.33926638960838318 0 -0.94069033861160278
vn -0.33926638960838318 0 -0.94069033861160278
vn -0.33926638960838318 0 -0.94069033861160278
vn -0.99994075298309326 0 -0.010886016301810741
vn -0.99994075298309326 0 -0.010886016301810741
vn -0.99971914291381836 0 -0.023698868229985237
vn -0.99971914291381836 0 -0.023698868229985237
vn -0.99975138902664185 0 -0.022297864779829979
vn -0.99975138902664185 0 -0.022297864779829979
vn -0.99975138902664185 0 -0.022297864779829979
vn -0.99975138902664185 0 -0.022297864779829979
vn 0 -1 0
vn 0 -1 0
vn 0 -1 0
vn 0 -1 0
vn 0 -1 0
vn 0 -1 0
vn 0 -1 0
vn 0 -1 0
vn 0 -1 0
vn 0 -1 0
vn 0 -1 0
vn 0 -1 0
vn 0 -1 0
vn 0 -1 0
vn 0 -1 0
vn 0 -1 0
vn 0 -1 0
vn 0 -1 0
vn 0 -1 0
vn 0 -1 0
vn 0 -1 0
vn 0 -1 0
vn 0 1 0
vn 0 1 0
vn 0 1 0
vn 0 1 0
vn 0 1 0
vn 0 1 0
vn 0 1 0
vn 0 1 0
vn 0 1 0
vn 0 1 0
vn 0 1 0
vn 0 1 0
vn 0 1 0
vn 0 1 0
vn 0 1 0
vn 0 1 0
vn 0 1 0
vn 0 1 0
vn 0 1 0
vn 0 1 0
vn 0 1 0
vn 0 1 0
f 1/1/1 3/3/3 4/4/4 2/2/2
f 5/5/5 7/7/7 8/8/8 6/6/6
f 9/9/9 11/11/11 12/12/12 10/10/10
f 13/13/13 15/15/15 16/16/16 14/14/14
f 17/17/17 19/19/19 20/20/20 18/18/18
f 21/21/21 23/23/23 24/24/24 22/22/22
f 25/25/25 27/27/27 28/28/28 26/26/26
f 27/27/27 29/29/29 30/30/30 28/28/28
f 31/31/31 33/33/33 34/34/34 32/32/32
f 35/35/35 37/37/37 38/38/38 36/36/36
f 39/39/39 41/41/41 42/42/42 40/40/40
f 43/43/43 45/45/45 46/46/46 44/44/44
f 47/47/47 49/49/49 50/50/50 48/48/48
f 51/51/51 53/53/53 54/54/54 52/52/52
f 55/55/55 57/57/57 58/58/58 56/56/56
f 59/59/59 61/61/61 62/62/62 60/60/60
f 63/63/63 65/65/65 66/66/66 64/64/64
f 67/67/67 69/69/69 70/70/70 68/68/68
f 71/71/71 73/73/73 74/74/74 72/72/72
f 75/75/75 77/77/77 78/78/78 76/76/76
f 77/77/77 79/79/79 80/80/80 78/78/78
f 79/79/79 81/81/81 82/82/82 80/80/80
f 95/95/95 94/94/94 93/93/93
f 96/96/96 95/95/95 92/92/92
f 92/92/92 95/95/95 93/93/93
f 97/97/97 96/96/96 92/92/92
f 90/90/90 83/83/83 91/91/91
f 92/92/92 91/91/91 83/83/83
f 88/88/88 87/87/87 89/89/89
f 90/90/90 89/89/89 86/86/86
f 86/86/86 89/89/89 87/87/87
f 83/83/83 97/97/97 92/92/92
f 100/100/100 99/99/99 104/104/104
f 103/103/103 102/102/102 101/101/101
f 100/100/100 103/103/103 101/101/101
f 103/103/103 100/100/100 104/104/104
f 85/85/85 84/84/84 86/86/86
f 83/83/83 90/90/90 86/86/86
f 98/98/98 97/97/97 83/83/83
f 86/86/86 84/84/84 83/83/83
f 98/98/98 83/83/83 104/104/104
f 104/104/104 99/99/99 98/98/98
f 117/117/117 115/115/115 116/116/116
f 118/118/118 114/114/114 117/117/117
f 114/114/114 115/115/115 117/117/117
f 119/119/119 114/114/114 118/118/118
f 112/112/112 113/113/113 105/105/105
f 114/114/114 105/105/105 113/113/113
f 110/110/110 111/111/111 109/109/109
f 112/112/112 108/108/108 111/111/111
f 108/108/108 109/109/109 111/111/111
f 105/105/105 114/114/114 119/119/119
f 122/122/122 126/126/126 121/121/121
f 125/125/125 123/123/123 124/124/124
f 122/122/122 123/123/123 125/125/125
f 125/125/125 126/126/126 122/122/122
f 107/107/107 108/108/108 106/106/106
f 105/105/105 108/108/108 112/112/112
f 120/120/120 105/105/105 119/119/119
f 108/108/108 105/105/105 106/106/106
f 120/120/120 126/126/126 105/105/105
f 126/126/126 120/120/120 121/121/121
usemtl Default
v -64.664710998535156 0 58.603061676025391
v -64.664710998535156 0.20000000298023224 58.603061676025391
v -72.15936279296875 0 51.703529357910156
v -72.15936279296875 0.20000000298023224 51.703529357910156
vt 0 0
vt 0 1
vt 1 0
vt 1 1
vn 0.67729330062866211 0 -0.73571306467056274
vn 0.67729330062866211 0 -0.73571306467056274
vn 0.67729330062866211 0 -0.73571306467056274
vn 0.67729330062866211 0 -0.73571306467056274
f 127/127/127 129/129/129 130/130/130 128/128/128
usemtl Default
v -188.69081791770233 3.444873275526561E-10 23.90118448714496
v -188.69081791770233 14.000000000344487 23.90118448714496
v -188.80715092551483 3.444873275526561E-10 27.873215126793397
v -188.80715092551483 14.000000000344487 27.873215126793397
v -188.80715092551483 3.444873275526561E-10 27.873215126793397
v -188.80715092551483 14.000000000344487 27.873215126793397
v -179.85552128684296 3.444873275526561E-10 28.114700722496522
v -179.85552128684296 14.000000000344487 28.114700722496522
v -179.85552128684296 3.444873275526561E-10 28.114700722496522
v -179.85552128684296 14.000000000344487 28.114700722496522
v -180.04561528098358 3.444873275526561E-10 34.966474938194764
v -180.04561528098358 14.000000000344487 34.966474938194764
v -180.04561528098358 3.444873275526561E-10 34.966474938194764
v -180.04561528098358 14.000000000344487 34.966474938194764
v -162.01245793235077 3.444873275526561E-10 35.469377922813905
v -162.01245793235077 14.000000000344487 35.469377922813905
v -162.01245793235077 3.444873275526561E-10 35.469377922813905
v -162.01245793235077 14.000000000344487 35.469377922813905
v -162.26531132590546 3.444873275526561E-10 44.627699303429139
v -162.26531132590546 14.000000000344487 44.627699303429139
v -162.26531132590546 3.444873275526561E-10 44.627699303429139
v -162.26531132590546 14.000000000344487 44.627699303429139
v -98.285262192604677 3.444873275526561E-10 46.387415337364686
v -98.285262192604677 14.000000000344487 46.387415337364686
v -98.285262192604677 3.444873275526561E-10 46.387415337364686
v -98.285262192604677 14.000000000344487 46.387415337364686
v -97.661490525124208 3.444873275526561E-10 23.774441170494569
v -97.661490525124208 14.000000000344487 23.774441170494569
v -97.294959153053895 3.444873275526561E-10 10.588296341698182
v -97.294959153053895 14.000000000344487 10.588296341698182
v -96.834891404030458 3.444873275526561E-10 -6.1956496955942981
v -96.834891404030458 14.000000000344487 -6.1956496955942981
v -96.834891404030458 3.444873275526561E-10 -6.1956496955942981
v -96.834891404030458 14.000000000344487 -6.1956496955942981
v -105.91713627707733 3.444873275526561E-10 -6.4449268104624622
v -105.91713627707733 14.000000000344487 -6.4449268104624622
v -105.91713627707733 3.444873275526561E-10 -6.4449268104624622
v -105.91713627707733 14.000000000344487 -6.4449268104624622
v -105.7806540383078 3.444873275526561E-10 -11.435150695044982
v -105.7806540383078 14.000000000344487 -11.435150695044982
v -105.62950810324921 3.444873275526561E-10 -17.058934760291564
v -105.62950810324921 14.000000000344487 -17.058934760291564
v -105.62950810324921 3.444873275526561E-10 -17.058934760291564
v -105.62950810324921 14.000000000344487 -17.058934760291564
v -114.62810429465546 3.444873275526561E-10 -17.311980796058165
v -114.62810429465546 14.000000000344487 -17.311980796058165
v -114.62810429465546 3.444873275526561E-10 -17.311980796058165
v -114.62810429465546 14.000000000344487 -17.311980796058165
v -114.38304814231171 3.444873275526561E-10 -26.24550969620465
v -114.38304814231171 14.000000000344487 -26.24550969620465
v -113.51549443137421 3.444873275526561E-10 -58.067933631141173
v -113.51549443137421 14.000000000344487 -58.067933631141173
v -113.51549443137421 3.444873275526561E-10 -58.067933631141173
v -113.51549443137421 14.000000000344487 -58.067933631141173
v -197.0810919655539 3.444873275526561E-10 13.052305626671327
v -197.0810919655539 14.000000000344487 13.052305626671327
v -197.0810919655539 3.444873275526561E-10 13.052305626671327
v -197.0810919655539 14.000000000344487 13.052305626671327
v -194.77156742942108 3.444873275526561E-10 13.086025643150819
v -194.77156742942108 14.000000000344487 13.086025643150819
v -194.77156742942108 3.444873275526561E-10 13.086025643150819
v -194.77156742942108 14.000000000344487 13.086025643150819
v -194.98564823996796 3.444873275526561E-10 20.798851418297303
v -194.98564823996796 14.000000000344487 20.798851418297303
v -194.98564823996796 3.444873275526561E-10 20.798851418297303
v -194.98564823996796 14.000000000344487 20.798851418297303
v -192.78856572043671 3.444873275526561E-10 23.790363716881288
v -192.78856572043671 14.000000000344487 23.790363716881288
v -192.78856572043671 3.444873275526561E-10 23.790363716881288
v -192.78856572043671 14.000000000344487 23.790363716881288
v -188.69081791770233 3.444873275526561E-10 23.90118448714496
v -188.69081791770233 14.000000000344487 23.90118448714496
v -188.69081791770233 3.444873275526561E-10 23.90118448714496
v -188.80715092551483 3.444873275526561E-10 27.873215126793397
v -179.85552128684296 3.444873275526561E-10 28.114700722496522
v -180.04561528098358 3.444873275526561E-10 34.966474938194764
v -162.01245793235077 3.444873275526561E-10 35.469377922813905
v -162.26531132590546 3.444873275526561E-10 44.627699303429139
v -98.285262192604677 3.444873275526561E-10 46.387415337364686
v -97.661490525124208 3.444873275526561E-10 23.774441170494569
v -97.294959153053895 3.444873275526561E-10 10.588296341698182
v -96.834891404030458 3.444873275526561E-10 -6.1956496955942981
v -105.91713627707733 3.444873275526561E-10 -6.4449268104624622
v -105.7806540383078 3.444873275526561E-10 -11.435150695044982
v -105.62950810324921 3.444873275526561E-10 -17.058934760291564
v -114.62810429465546 3.444873275526561E-10 -17.311980796058165
v -114.38304814231171 3.444873275526561E-10 -26.24550969620465
v -113.51549443137421 3.444873275526561E-10 -58.067933631141173
v -197.0810919655539 3.444873275526561E-10 13.052305626671327
v -194.77156742942108 3.444873275526561E-10 13.086025643150819
v -194.98564823996796 3.444873275526561E-10 20.798851418297303
v -192.78856572043671 3.444873275526561E-10 23.790363716881288
v -188.69081791770233 14.000000000344487 23.90118448714496
v -188.80715092551483 14.000000000344487 27.873215126793397
v -179.85552128684296 14.000000000344487 28.114700722496522
v -180.04561528098358 14.000000000344487 34.966474938194764
v -162.01245793235077 14.000000000344487 35.469377922813905
v -162.26531132590546 14.000000000344487 44.627699303429139
v -98.285262192604677 14.000000000344487 46.387415337364686
v -97.661490525124208 14.000000000344487 23.774441170494569
v -97.294959153053895 14.000000000344487 10.588296341698182
v -96.834891404030458 14.000000000344487 -6.1956496955942981
v -105.91713627707733 14.000000000344487 -6.4449268104624622
v -105.7806540383078 14.000000000344487 -11.435150695044982
v -105.62950810324921 14.000000000344487 -17.058934760291564
v -114.62810429465546 14.000000000344487 -17.311980796058165
v -114.38304814231171 14.000000000344487 -26.24550969620465
v -113.51549443137421 14.000000000344487 -58.067933631141173
v -197.0810919655539 14.000000000344487 13.052305626671327
v -194.77156742942108 14.000000000344487 13.086025643150819
v -194.98564823996796 14.000000000344487 20.798851418297303
v -192.78856572043671 14.000000000344487 23.790363716881288
v -136.91327428411685 5.1208318989129697 -58.710518490239295
v -136.91327428411688 3.444873275526561E-10 -58.710518490239281
v -136.91327428411688 14.000000000344501 -58.710518490239259
v -196.29529126620835 3.444873275526561E-10 -13.9732505725073
v -196.29529126620835 4.7634768845145263 -13.9732505725073
v -196.29529126620835 14.000000000344487 -13.9732505725073
v -180.46550206263461 3.444944329800137E-10 -25.899108882356771
v -192.68049298899061 3.445157492620865E-10 -16.696569974831004
v -192.68049298899061 3.445157492620865E-10 -16.696569974831004
v -195.5256120132193 3.444873275526561E-10 -14.55311209795995
v -195.5256120132193 3.444873275526561E-10 -14.55311209795995
v -196.29529126620835 3.444873275526561E-10 -13.9732505725073
v -136.91327428411688 3.444873275526561E-10 -58.710518490239281
v -142.16283643036218 3.444873275526561E-10 -54.755599473962228
v -180.46550206263461 3.444944329800137E-10 -25.899108882356771
v -160.03354804404503 3.444944329800137E-10 -41.292149527777937
v -157.80897909758241 3.444944329800137E-10 -42.968096927634328
v -160.03354804404503 3.444944329800137E-10 -41.292149527777937
v -142.16283643036218 3.444873275526561E-10 -54.755599473962228
v -157.80897909758241 3.444944329800137E-10 -42.968096927634328
v -192.68049298899055 14.000000000344466 -16.696569974831064
v -180.46550206263464 14.000000000344494 -25.899108882356749
v -195.52561201321927 14.000000000344501 -14.553112097959946
v -192.68049298899055 14.000000000344466 -16.696569974831064
v -196.29529126620835 14.000000000344487 -13.9732505725073
v -195.52561201321927 14.000000000344501 -14.553112097959946
v -142.16283643036218 14.000000000344501 -54.755599473962207
v -136.91327428411688 14.000000000344501 -58.710518490239259
v -160.03354804404503 14.000000000344494 -41.292149527777944
v -157.80897909758244 14.000000000344494 -42.968096927634335
v -157.80897909758244 14.000000000344494 -42.968096927634335
vt 0 0
vt 0 0.52927082777023315
vt 0.041666667908430099 0
vt 0.041666667908430099 0.52927082777023315
vt 0.041666667908430099 0
vt 0.041666667908430099 0.52927082777023315
vt 0.083333335816860199 0
vt 0.083333335816860199 0.52927082777023315
vt 0.083333335816860199 0
vt 0.083333335816860199 0.52927082777023315
vt 0.125 0
vt 0.125 0.52927082777023315
vt 0.125 0
vt 0.125 0.52927082777023315
vt 0.1666666716337204 0
vt 0.1666666716337204 0.52927082777023315
vt 0.1666666716337204 0
vt 0.1666666716337204 0.52927082777023315
vt 0.2083333283662796 0
vt 0.2083333283662796 0.52927082777023315
vt 0.2083333283662796 0
vt 0.2083333283662796 0.52927082777023315
vt 0.25 0
vt 0.25 0.52927082777023315
vt 0.25 0
vt 0.25 0.52927082777023315
vt 0.2916666567325592 0
vt 0.2916666567325592 0.52927082777023315
vt 0.3333333432674408 0
vt 0.3333333432674408 0.52927082777023315
vt 0.375 0
vt 0.375 0.52927082777023315
vt 0.375 0
vt 0.375 0.52927082777023315
vt 0.4166666567325592 0
vt 0.4166666567325592 0.52927082777023315
vt 0.4166666567325592 0
vt 0.4166666567325592 0.52927082777023315
vt 0.4583333432674408 0
vt 0.4583333432674408 0.52927082777023315
vt 0.5 0
vt 0.5 0.52927082777023315
vt 0.5 0
vt 0.5 0.52927082777023315
vt 0.54166668653488159 0
vt 0.54166668653488159 0.52927082777023315
vt 0.54166668653488159 0
vt 0.54166668653488159 0.52927082777023315
vt 0.58333331346511841 0
vt 0.58333331346511841 0.52927082777023315
vt 0.625 0
vt 0.625 0.52927082777023315
vt 0.625 0
vt 0.625 0.52927082777023315
vt 0.83333331346511841 0
vt 0.83333331346511841 0.52927082777023315
vt 0.83333331346511841 0
vt 0.83333331346511841 0.52927082777023315
vt 0.875 0
vt 0.875 0.52927082777023315
vt 0.875 0
vt 0.875 0.52927082777023315
vt 0.91666668653488159 0
vt 0.91666668653488159 0.52927082777023315
vt 0.91666668653488159 0
vt 0.91666668653488159 0.52927082777023315
vt 0.95833331346511841 0
vt 0.95833331346511841 0.52927082777023315
vt 0.95833331346511841 0
vt 0.95833331346511841 0.52927082777023315
vt 1 0
vt 1 0.52927082777023315
vt 0.15737321972846985 0.98659306764602661
vt 0.16501881182193756 0.99697589874267578
vt 0.17876820266246796 0.96768647432327271
vt 0.19197255373001099 0.98556160926818848
vt 0.21970318257808685 0.92659914493560791
vt 0.23735441267490387 0.95048755407333374
vt 0.33569192886352539 0.74123227596282959
vt 0.29210814833641052 0.68225085735321045
vt 0.26669761538505554 0.64784812927246094
vt 0.23434425890445709 0.60408031940460205
vt 0.2203858494758606 0.63378632068634033
vt 0.21076604723930359 0.62077426910400391
vt 0.19992098212242126 0.60611903667449951
vt 0.18607918918132782 0.63553619384765625
vt 0.1688588559627533 0.61223948001861572
vt 0.10750977694988251 0.52927136421203613
vt 0.12357789278030396 0.98731762170791626
vt 0.12706899642944336 0.97968900203704834
vt 0.14193256199359894 0.99981075525283813
vt 0.15107870101928711 1
vt 0.15737321972846985 0.54267829656600952
vt 0.16501881182193756 0.53229546546936035
vt 0.17876820266246796 0.56158488988876343
vt 0.19197255373001099 0.54370975494384766
vt 0.21970318257808685 0.60267215967178345
vt 0.23735441267490387 0.57878381013870239
vt 0.33569192886352539 0.78803908824920654
vt 0.29210814833641052 0.84702050685882568
vt 0.26669761538505554 0.8814232349395752
vt 0.23434425890445709 0.92519104480743408
vt 0.2203858494758606 0.8954850435256958
vt 0.21076604723930359 0.90849709510803223
vt 0.19992098212242126 0.92315226793289185
vt 0.18607918918132782 0.89373511075973511
vt 0.1688588559627533 0.91703188419342041
vt 0.10750977694988251 1
vt 0.12357789278030396 0.54195374250411987
vt 0.12706899642944336 0.54958236217498779
vt 0.14193256199359894 0.52946054935455322
vt 0.15107870101928711 0.52927136421203613
vt 0.64024060964584351 0.1935933530330658
vt 0.64024060964584351 0
vt 0.64024060964584351 0.52927088737487793
vt 0.80584371089935303 0
vt 0.80584371089935303 0.18008352816104889
vt 0.80584371089935303 0.52927082777023315
vt 0.071549184620380402 0.8338158130645752
vt 0.071549184620380402 0.89776706695556641
vt 0.071549184620380402 0.89776706695556641
vt 0.071549184620380402 0.9126625657081604
vt 0.071549184620380402 0.9126625657081604
vt 0.071549177169799805 0.91669225692749023
vt 0.071549192070960999 0.60579931735992432
vt 0.071549184620380402 0.63328325748443604
vt 0.071549184620380402 0.8338158130645752
vt 0.071549177169799805 0.7268449068069458
vt 0.071549177169799805 0.71519821882247925
vt 0.071549177169799805 0.7268449068069458
vt 0.071549184620380402 0.63328325748443604
vt 0.071549177169799805 0.71519821882247925
vt 0.071549184620380402 0.63150429725646973
vt 0.071549184620380402 0.69545555114746094
vt 0.071549184620380402 0.61660873889923096
vt 0.071549184620380402 0.63150429725646973
vt 0.071549177169799805 0.6125791072845459
vt 0.071549184620380402 0.61660873889923096
vt 0.071549184620380402 0.8959881067276001
vt 0.071549192070960999 0.92347204685211182
vt 0.071549177169799805 0.80242645740509033
vt 0.071549177169799805 0.81407314538955688
vt 0.071549177169799805 0.81407314538955688
vn -0.99957138299942017 0 -0.029274608939886093
vn -0.99957138299942017 0 -0.029274608939886093
vn -0.99957138299942017 0 -0.029274608939886093
vn -0.99957138299942017 0 -0.029274608939886093
vn -0.026966957375407219 0 0.99963635206222534
vn -0.026966957375407219 0 0.99963635206222534
vn -0.026966957375407219 0 0.99963635206222534
vn -0.026966957375407219 0 0.99963635206222534
vn -0.9996153712272644 0 -0.027733279392123222
vn -0.9996153712272644 0 -0.027733279392123222
vn -0.9996153712272644 0 -0.027733279392123222
vn -0.9996153712272644 0 -0.027733279392123222
vn -0.027876941487193108 0 0.99961137771606445
vn -0.027876941487193108 0 0.99961137771606445
vn -0.027876941487193108 0 0.99961137771606445
vn -0.027876941487193108 0 0.99961137771606445
vn -0.99961912631988525 0 -0.027598060667514801
vn -0.99961912631988525 0 -0.027598060667514801
vn -0.99961912631988525 0 -0.027598060667514801
vn -0.99961912631988525 0 -0.027598060667514801
vn -0.027493765577673912 0 0.99962198734283447
vn -0.027493765577673912 0 0.99962198734283447
vn -0.027493765577673912 0 0.99962198734283447
vn -0.027493765577673912 0 0.99962198734283447
vn 0.99961978197097778 0 0.027574172243475914
vn 0.99961978197097778 0 0.027574172243475914
vn 0.99961388111114502 0 0.0277860127389431
vn 0.99961388111114502 0 0.0277860127389431
vn 0.99962455034255981 0 0.027400782331824303
vn 0.99962455034255981 0 0.027400782331824303
vn 0.99962455034255981 0 0.027400782331824303
vn 0.99962455034255981 0 0.027400782331824303
vn 0.02743636816740036 0 -0.99962353706359863
vn 0.02743636816740036 0 -0.99962353706359863
vn 0.02743636816740036 0 -0.99962353706359863
vn 0.02743636816740036 0 -0.99962353706359863
vn 0.99962621927261353 0 0.027338381856679916
vn 0.99962621927261353 0 0.027338381856679916
vn 0.99963903427124023 0 0.026866806671023369
vn 0.99963903427124023 0 0.026866806671023369
vn 0.99963903427124023 0 0.026866806671023369
vn 0.99963903427124023 0 0.026866806671023369
vn 0.02810962125658989 0 -0.99960482120513916
vn 0.02810962125658989 0 -0.99960482120513916
vn 0.02810962125658989 0 -0.99960482120513916
vn 0.02810962125658989 0 -0.99960482120513916
vn 0.99962395429611206 0 0.02742135152220726
vn 0.99962395429611206 0 0.02742135152220726
vn 0.99962860345840454 0 0.027252199128270149
vn 0.99962860345840454 0 0.027252199128270149
vn 0.99962860345840454 0 0.027252199128270149
vn 0.99962860345840454 0 0.027252199128270149
vn 0.027453204616904259 0 -0.99962306022644043
vn 0.027453204616904259 0 -0.99962306022644043
vn -0.99957752227783203 0 -0.029064150527119637
vn -0.99957752227783203 0 -0.029064150527119637
vn -0.014598865061998367 0 0.9998934268951416
vn -0.014598865061998367 0 0.9998934268951416
vn -0.014598865061998367 0 0.9998934268951416
vn -0.014598865061998367 0 0.9998934268951416
vn -0.99961501359939575 0 -0.027746569365262985
vn -0.99961501359939575 0 -0.027746569365262985
vn -0.99961501359939575 0 -0.027746569365262985
vn -0.99961501359939575 0 -0.027746569365262985
vn -0.80597847700119019 0 0.59194487333297729
vn -0.80597847700119019 0 0.59194487333297729
vn -0.80597847700119019 0 0.59194487333297729
vn -0.80597847700119019 0 0.59194487333297729
vn -0.027034478262066841 0 0.9996345043182373
vn -0.027034478262066841 0 0.9996345043182373
vn -0.027034478262066841 0 0.9996345043182373
vn -0.027034478262066841 0 0.9996345043182373
vn 0 -1 0
vn 0 -1 0
vn 0 -1 0
vn 0 -1 0
vn 0 -1 0
vn 0 -1 0
vn 0 -1 0
vn 0 -1 0
vn 0 -1 0
vn 0 -1 0
vn 0 -1 0
vn 0 -1 0
vn 0 -1 0
vn 0 -1 0
vn 0 -1 0
vn 0 -1 0
vn 0 -1 0
vn 0 -1 0
vn 0 -1 0
vn 0 -1 0
vn 0 1 0
vn 0 1 0
vn 0 1 0
vn 0 1 0
vn 0 1 0
vn 0 1 0
vn 0 1 0
vn 0 1 0
vn 0 1 0
vn 0 1 0
vn 0 1 0
vn 0 1 0
vn 0 1 0
vn 0 1 0
vn 0 1 0
vn 0 1 0
vn 0 1 0
vn 0 1 0
vn 0 1 0
vn 0 1 0
vn 0.027453206479549408 0 -0.99962306022644043
vn 0.027453206479549408 0 -0.99962306022644043
vn 0.027453206479549408 0 -0.99962306022644043
vn -0.99957752227783203 0 -0.029064150527119637
vn -0.99957752227783203 0 -0.029064150527119637
vn -0.99957752227783203 0 -0.029064150527119637
vn 0 -1 0
vn 0 -1 0
vn 0 -1 0
vn 0 -1 0
vn 0 -1 0
vn 0 -1 0
vn 0 -1 0
vn 0 -1 0
vn 0 -1 0
vn 0 -1 0
vn 0 -1 0
vn 0 -1 0
vn 0 -1 0
vn 0 -1 0
vn 0 1 0
vn 0 1 0
vn 0 1 0
vn 0 1 0
vn 0 1 0
vn 0 1 0
vn 0 1 0
vn 0 1 0
vn 0 1 0
vn 0 1 0
vn 0 1 0
f 131/131/131 133/133/133 134/134/134 132/132/132
f 135/135/135 137/137/137 138/138/138 136/136/136
f 139/139/139 141/141/141 142/142/142 140/140/140
f 143/143/143 145/145/145 146/146/146 144/144/144
f 147/147/147 149/149/149 150/150/150 148/148/148
f 151/151/151 153/153/153 154/154/154 152/152/152
f 155/155/155 157/157/157 158/158/158 156/156/156
f 157/157/157 159/159/159 160/160/160 158/158/158
f 159/159/159 161/161/161 162/162/162 160/160/160
f 163/163/163 165/165/165 166/166/166 164/164/164
f 167/167/167 169/169/169 170/170/170 168/168/168
f 169/169/169 171/171/171 172/172/172 170/170/170
f 173/173/173 175/175/175 176/176/176 174/174/174
f 177/177/177 179/179/179 180/180/180 178/178/178
f 179/179/179 181/181/181 182/182/182 180/180/180
f 187/187/187 189/189/189 190/190/190 188/188/188
f 191/191/191 193/193/193 194/194/194 192/192/192
f 195/195/195 197/197/197 198/198/198 196/196/196
f 199/199/199 201/201/201 202/202/202 200/200/200
f 205/205/205 204/204/204 203/203/203
f 205/205/205 207/207/207 206/206/206
f 209/209/209 208/208/208 207/207/207
f 220/220/220 205/205/205 203/203/203
f 203/203/203 222/222/222 221/221/221
f 203/203/203 221/221/221 220/220/220
f 207/207/207 205/205/205 216/216/216
f 213/213/213 211/211/211 210/210/210
f 207/207/207 213/213/213 210/210/210
f 211/211/211 213/213/213 212/212/212
f 216/216/216 214/214/214 213/213/213
f 216/216/216 213/213/213 207/207/207
f 215/215/215 214/214/214 216/216/216
f 210/210/210 209/209/209 207/207/207
f 225/225/225 223/223/223 224/224/224
f 225/225/225 226/226/226 227/227/227
f 229/229/229 227/227/227 228/228/228
f 240/240/240 223/223/223 225/225/225
f 223/223/223 241/241/241 242/242/242
f 223/223/223 240/240/240 241/241/241
f 227/227/227 236/236/236 225/225/225
f 233/233/233 230/230/230 231/231/231
f 227/227/227 230/230/230 233/233/233
f 231/231/231 232/232/232 233/233/233
f 236/236/236 233/233/233 234/234/234
f 236/236/236 227/227/227 233/233/233
f 235/235/235 236/236/236 234/234/234
f 230/230/230 227/227/227 229/229/229
f 244/244/244 243/243/243 183/183/183
f 243/243/243 184/184/184 183/183/183
f 184/184/184 243/243/243 245/245/245
f 186/186/186 247/247/247 185/185/185
f 246/246/246 185/185/185 247/247/247
f 248/248/248 247/247/247 186/186/186
f 249/249/249 216/216/216 205/205/205
f 205/205/205 250/250/250 249/249/249
f 251/251/251 205/205/205 220/220/220
f 220/220/220 252/252/252 251/251/251
f 254/254/254 220/220/220 219/219/219
f 220/220/220 254/254/254 253/253/253
f 256/256/256 255/255/255 218/218/218
f 257/257/257 258/258/258 216/216/216
f 259/259/259 217/217/217 216/216/216
f 216/216/216 260/260/260 259/259/259
f 217/217/217 261/261/261 218/218/218
f 262/262/262 261/261/261 217/217/217
f 264/264/264 263/263/263 225/225/225
f 225/225/225 236/236/236 264/264/264
f 225/225/225 266/266/266 240/240/240
f 265/265/265 240/240/240 266/266/266
f 240/240/240 267/267/267 239/239/239
f 240/240/240 268/268/268 267/267/267
f 269/269/269 238/238/238 270/270/270
f 264/264/264 236/236/236 271/271/271
f 272/272/272 236/236/236 237/237/237
f 236/236/236 272/272/272 271/271/271
f 238/238/238 269/269/269 237/237/237
f 273/273/273 237/237/237 269/269/269
usemtl Default
v -188.69081791770233 3.444873275526561E-10 23.90118448714496
v -188.69081791770233 14.000000000344487 23.90118448714496
v -188.80715092551483 3.444873275526561E-10 27.873215126793397
v -188.80715092551483 14.000000000344487 27.873215126793397
v -188.80715092551483 3.444873275526561E-10 27.873215126793397
v -188.80715092551483 14.000000000344487 27.873215126793397
v -179.85552128684296 3.444873275526561E-10 28.114700722496522
v -179.85552128684296 14.000000000344487 28.114700722496522
v -179.85552128684296 3.444873275526561E-10 28.114700722496522
v -179.85552128684296 14.000000000344487 28.114700722496522
v -180.04561528098358 3.444873275526561E-10 34.966474938194764
v -180.04561528098358 14.000000000344487 34.966474938194764
v -180.04561528098358 3.444873275526561E-10 34.966474938194764
v -180.04561528098358 14.000000000344487 34.966474938194764
v -162.01245793235077 3.444873275526561E-10 35.469377922813905
v -162.01245793235077 14.000000000344487 35.469377922813905
v -162.01245793235077 3.444873275526561E-10 35.469377922813905
v -162.01245793235077 14.000000000344487 35.469377922813905
v -162.26531132590546 3.444873275526561E-10 44.627699303429139
v -162.26531132590546 14.000000000344487 44.627699303429139
v -162.26531132590546 3.444873275526561E-10 44.627699303429139
v -162.26531132590546 14.000000000344487 44.627699303429139
v -98.285262192604677 3.444873275526561E-10 46.387415337364686
v -98.285262192604677 14.000000000344487 46.387415337364686
v -98.285262192604677 3.444873275526561E-10 46.387415337364686
v -98.285262192604677 14.000000000344487 46.387415337364686
v -97.661490525124208 3.444873275526561E-10 23.774441170494569
v -97.661490525124208 14.000000000344487 23.774441170494569
v -97.294959153053895 3.444873275526561E-10 10.588296341698182
v -97.294959153053895 14.000000000344487 10.588296341698182
v -96.834891404030458 3.444873275526561E-10 -6.1956496955942981
v -96.834891404030458 14.000000000344487 -6.1956496955942981
v -96.834891404030458 3.444873275526561E-10 -6.1956496955942981
v -96.834891404030458 14.000000000344487 -6.1956496955942981
v -105.91713627707733 3.444873275526561E-10 -6.4449268104624622
v -105.91713627707733 14.000000000344487 -6.4449268104624622
v -105.91713627707733 3.444873275526561E-10 -6.4449268104624622
v -105.91713627707733 14.000000000344487 -6.4449268104624622
v -105.7806540383078 3.444873275526561E-10 -11.435150695044982
v -105.7806540383078 14.000000000344487 -11.435150695044982
v -105.62950810324921 3.444873275526561E-10 -17.058934760291564
v -105.62950810324921 14.000000000344487 -17.058934760291564
v -105.62950810324921 3.444873275526561E-10 -17.058934760291564
v -105.62950810324921 14.000000000344487 -17.058934760291564
v -114.62810429465546 3.444873275526561E-10 -17.311980796058165
v -114.62810429465546 14.000000000344487 -17.311980796058165
v -114.62810429465546 3.444873275526561E-10 -17.311980796058165
v -114.62810429465546 14.000000000344487 -17.311980796058165
v -114.38304814231171 3.444873275526561E-10 -26.24550969620465
v -114.38304814231171 14.000000000344487 -26.24550969620465
v -113.51549443137421 3.444873275526561E-10 -58.067933631141173
v -113.51549443137421 14.000000000344487 -58.067933631141173
v -113.51549443137421 3.444873275526561E-10 -58.067933631141173
v -113.51549443137421 14.000000000344487 -58.067933631141173
v -197.0810919655539 3.444873275526561E-10 13.052305626671327
v -197.0810919655539 14.000000000344487 13.052305626671327
v -197.0810919655539 3.444873275526561E-10 13.052305626671327
v -197.0810919655539 14.000000000344487 13.052305626671327
v -194.77156742942108 3.444873275526561E-10 13.086025643150819
v -194.77156742942108 14.000000000344487 13.086025643150819
v -194.77156742942108 3.444873275526561E-10 13.086025643150819
v -194.77156742942108 14.000000000344487 13.086025643150819
v -194.98564823996796 3.444873275526561E-10 20.798851418297303
v -194.98564823996796 14.000000000344487 20.798851418297303
v -194.98564823996796 3.444873275526561E-10 20.798851418297303
v -194.98564823996796 14.000000000344487 20.798851418297303
v -192.78856572043671 3.444873275526561E-10 23.790363716881288
v -192.78856572043671 14.000000000344487 23.790363716881288
v -192.78856572043671 3.444873275526561E-10 23.790363716881288
v -192.78856572043671 14.000000000344487 23.790363716881288
v -188.69081791770233 3.444873275526561E-10 23.90118448714496
v -188.69081791770233 14.000000000344487 23.90118448714496
v -188.69081791770233 3.444873275526561E-10 23.90118448714496
v -188.80715092551483 3.444873275526561E-10 27.873215126793397
v -179.85552128684296 3.444873275526561E-10 28.114700722496522
v -180.04561528098358 3.444873275526561E-10 34.966474938194764
v -162.01245793235077 3.444873275526561E-10 35.469377922813905
v -162.26531132590546 3.444873275526561E-10 44.627699303429139
v -98.285262192604677 3.444873275526561E-10 46.387415337364686
v -97.661490525124208 3.444873275526561E-10 23.774441170494569
v -97.294959153053895 3.444873275526561E-10 10.588296341698182
v -96.834891404030458 3.444873275526561E-10 -6.1956496955942981
v -105.91713627707733 3.444873275526561E-10 -6.4449268104624622
v -105.7806540383078 3.444873275526561E-10 -11.435150695044982
v -105.62950810324921 3.444873275526561E-10 -17.058934760291564
v -114.62810429465546 3.444873275526561E-10 -17.311980796058165
v -114.38304814231171 3.444873275526561E-10 -26.24550969620465
v -113.51549443137421 3.444873275526561E-10 -58.067933631141173
v -197.0810919655539 3.444873275526561E-10 13.052305626671327
v -194.77156742942108 3.444873275526561E-10 13.086025643150819
v -194.98564823996796 3.444873275526561E-10 20.798851418297303
v -192.78856572043671 3.444873275526561E-10 23.790363716881288
v -188.69081791770233 14.000000000344487 23.90118448714496
v -188.80715092551483 14.000000000344487 27.873215126793397
v -179.85552128684296 14.000000000344487 28.114700722496522
v -180.04561528098358 14.000000000344487 34.966474938194764
v -162.01245793235077 14.000000000344487 35.469377922813905
v -162.26531132590546 14.000000000344487 44.627699303429139
v -98.285262192604677 14.000000000344487 46.387415337364686
v -97.661490525124208 14.000000000344487 23.774441170494569
v -97.294959153053895 14.000000000344487 10.588296341698182
v -96.834891404030458 14.000000000344487 -6.1956496955942981
v -105.91713627707733 14.000000000344487 -6.4449268104624622
v -105.7806540383078 14.000000000344487 -11.435150695044982
v -105.62950810324921 14.000000000344487 -17.058934760291564
v -114.62810429465546 14.000000000344487 -17.311980796058165
v -114.38304814231171 14.000000000344487 -26.24550969620465
v -113.51549443137421 14.000000000344487 -58.067933631141173
v -197.0810919655539 14.000000000344487 13.052305626671327
v -194.77156742942108 14.000000000344487 13.086025643150819
v -194.98564823996796 14.000000000344487 20.798851418297303
v -192.78856572043671 14.000000000344487 23.790363716881288
v -136.91327428411685 5.1208318989129697 -58.710518490239295
v -136.91327428411688 3.444873275526561E-10 -58.710518490239281
v -136.91327428411688 14.000000000344501 -58.710518490239259
v -196.29529126620835 3.444873275526561E-10 -13.9732505725073
v -196.29529126620835 4.7634768845145263 -13.9732505725073
v -196.29529126620835 14.000000000344487 -13.9732505725073
v -180.46550206263461 3.444944329800137E-10 -25.899108882356771
v -192.68049298899061 3.445157492620865E-10 -16.696569974831004
v -192.68049298899061 3.445157492620865E-10 -16.696569974831004
v -195.5256120132193 3.444873275526561E-10 -14.55311209795995
v -195.5256120132193 3.444873275526561E-10 -14.55311209795995
v -196.29529126620835 3.444873275526561E-10 -13.9732505725073
v -136.91327428411688 3.444873275526561E-10 -58.710518490239281
v -142.16283643036218 3.444873275526561E-10 -54.755599473962228
v -180.46550206263461 3.444944329800137E-10 -25.899108882356771
v -160.03354804404503 3.444944329800137E-10 -41.292149527777937
v -157.80897909758241 3.444944329800137E-10 -42.968096927634328
v -160.03354804404503 3.444944329800137E-10 -41.292149527777937
v -142.16283643036218 3.444873275526561E-10 -54.755599473962228
v -157.80897909758241 3.444944329800137E-10 -42.968096927634328
v -192.68049298899055 14.000000000344466 -16.696569974831064
v -180.46550206263464 14.000000000344494 -25.899108882356749
v -195.52561201321927 14.000000000344501 -14.553112097959946
v -192.68049298899055 14.000000000344466 -16.696569974831064
v -196.29529126620835 14.000000000344487 -13.9732505725073
v -195.52561201321927 14.000000000344501 -14.553112097959946
v -142.16283643036218 14.000000000344501 -54.755599473962207
v -136.91327428411688 14.000000000344501 -58.710518490239259
v -160.03354804404503 14.000000000344494 -41.292149527777944
v -157.80897909758244 14.000000000344494 -42.968096927634335
v -157.80897909758244 14.000000000344494 -42.968096927634335
vt 0 0
vt 0 0.52927082777023315
vt 0.041666667908430099 0
vt 0.041666667908430099 0.52927082777023315
vt 0.041666667908430099 0
vt 0.041666667908430099 0.52927082777023315
vt 0.083333335816860199 0
vt 0.083333335816860199 0.52927082777023315
vt 0.083333335816860199 0
vt 0.083333335816860199 0.52927082777023315
vt 0.125 0
vt 0.125 0.52927082777023315
vt 0.125 0
vt 0.125 0.52927082777023315
vt 0.1666666716337204 0
vt 0.1666666716337204 0.52927082777023315
vt 0.1666666716337204 0
vt 0.1666666716337204 0.52927082777023315
vt 0.2083333283662796 0
vt 0.2083333283662796 0.52927082777023315
vt 0.2083333283662796 0
vt 0.2083333283662796 0.52927082777023315
vt 0.25 0
vt 0.25 0.52927082777023315
vt 0.25 0
vt 0.25 0.52927082777023315
vt 0.2916666567325592 0
vt 0.2916666567325592 0.52927082777023315
vt 0.3333333432674408 0
vt 0.3333333432674408 0.52927082777023315
vt 0.375 0
vt 0.375 0.52927082777023315
vt 0.375 0
vt 0.375 0.52927082777023315
vt 0.4166666567325592 0
vt 0.4166666567325592 0.52927082777023315
vt 0.4166666567325592 0
vt 0.4166666567325592 0.52927082777023315
vt 0.4583333432674408 0
vt 0.4583333432674408 0.52927082777023315
vt 0.5 0
vt 0.5 0.52927082777023315
vt 0.5 0
vt 0.5 0.52927082777023315
vt 0.54166668653488159 0
vt 0.54166668653488159 0.52927082777023315
vt 0.54166668653488159 0
vt 0.54166668653488159 0.52927082777023315
vt 0.58333331346511841 0
vt 0.58333331346511841 0.52927082777023315
vt 0.625 0
vt 0.625 0.52927082777023315
vt 0.625 0
vt 0.625 0.52927082777023315
vt 0.83333331346511841 0
vt 0.83333331346511841 0.52927082777023315
vt 0.83333331346511841 0
vt 0.83333331346511841 0.52927082777023315
vt 0.875 0
vt 0.875 0.52927082777023315
vt 0.875 0
vt 0.875 0.52927082777023315
vt 0.91666668653488159 0
vt 0.91666668653488159 0.52927082777023315
vt 0.91666668653488159 0
vt 0.91666668653488159 0.52927082777023315
vt 0.95833331346511841 0
vt 0.95833331346511841 0.52927082777023315
vt 0.95833331346511841 0
vt 0.95833331346511841 0.52927082777023315
vt 1 0
vt 1 0.52927082777023315
vt 0.15737321972846985 0.98659306764602661
vt 0.16501881182193756 0.99697589874267578
vt 0.17876820266246796 0.96768647432327271
vt 0.19197255373001099 0.98556160926818848
vt 0.21970318257808685 0.92659914493560791
vt 0.23735441267490387 0.95048755407333374
vt 0.33569192886352539 0.74123227596282959
vt 0.29210814833641052 0.68225085735321045
vt 0.26669761538505554 0.64784812927246094
vt 0.23434425890445709 0.60408031940460205
vt 0.2203858494758606 0.63378632068634033
vt 0.21076604723930359 0.62077426910400391
vt 0.19992098212242126 0.60611903667449951
vt 0.18607918918132782 0.63553619384765625
vt 0.1688588559627533 0.61223948001861572
vt 0.10750977694988251 0.52927136421203613
vt 0.12357789278030396 0.98731762170791626
vt 0.12706899642944336 0.97968900203704834
vt 0.14193256199359894 0.99981075525283813
vt 0.15107870101928711 1
vt 0.15737321972846985 0.54267829656600952
vt 0.16501881182193756 0.53229546546936035
vt 0.17876820266246796 0.56158488988876343
vt 0.19197255373001099 0.54370975494384766
vt 0.21970318257808685 0.60267215967178345
vt 0.23735441267490387 0.57878381013870239
vt 0.33569192886352539 0.78803908824920654
vt 0.29210814833641052 0.84702050685882568
vt 0.26669761538505554 0.8814232349395752
vt 0.23434425890445709 0.92519104480743408
vt 0.2203858494758606 0.8954850435256958
vt 0.21076604723930359 0.90849709510803223
vt 0.19992098212242126 0.92315226793289185
vt 0.18607918918132782 0.89373511075973511
vt 0.1688588559627533 0.91703188419342041
vt 0.10750977694988251 1
vt 0.12357789278030396 0.54195374250411987
vt 0.12706899642944336 0.54958236217498779
vt 0.14193256199359894 0.52946054935455322
vt 0.15107870101928711 0.52927136421203613
vt 0.64024060964584351 0.1935933530330658
vt 0.64024060964584351 0
vt 0.64024060964584351 0.52927088737487793
vt 0.80584371089935303 0
vt 0.80584371089935303 0.18008352816104889
vt 0.80584371089935303 0.52927082777023315
vt 0.071549184620380402 0.8338158130645752
vt 0.071549184620380402 0.89776706695556641
vt 0.071549184620380402 0.89776706695556641
vt 0.071549184620380402 0.9126625657081604
vt 0.071549184620380402 0.9126625657081604
vt 0.071549177169799805 0.91669225692749023
vt 0.071549192070960999 0.60579931735992432
vt 0.071549184620380402 0.63328325748443604
vt 0.071549184620380402 0.8338158130645752
vt 0.071549177169799805 0.7268449068069458
vt 0.071549177169799805 0.71519821882247925
vt 0.071549177169799805 0.7268449068069458
vt 0.071549184620380402 0.63328325748443604
vt 0.071549177169799805 0.71519821882247925
vt 0.071549184620380402 0.63150429725646973
vt 0.071549184620380402 0.69545555114746094
vt 0.071549184620380402 0.61660873889923096
vt 0.071549184620380402 0.63150429725646973
vt 0.071549177169799805 0.6125791072845459
vt 0.071549184620380402 0.61660873889923096
vt 0.071549184620380402 0.8959881067276001
vt 0.071549192070960999 0.92347204685211182
vt 0.071549177169799805 0.80242645740509033
vt 0.071549177169799805 0.81407314538955688
vt 0.071549177169799805 0.81407314538955688
vn -0.99957138299942017 0 -0.029274608939886093
vn -0.99957138299942017 0 -0.029274608939886093
vn -0.99957138299942017 0 -0.029274608939886093
vn -0.99957138299942017 0 -0.029274608939886093
vn -0.026966957375407219 0 0.99963635206222534
vn -0.026966957375407219 0 0.99963635206222534
vn -0.026966957375407219 0 0.99963635206222534
vn -0.026966957375407219 0 0.99963635206222534
vn -0.9996153712272644 0 -0.027733279392123222
vn -0.9996153712272644 0 -0.027733279392123222
vn -0.9996153712272644 0 -0.027733279392123222
vn -0.9996153712272644 0 -0.027733279392123222
vn -0.027876941487193108 0 0.99961137771606445
vn -0.027876941487193108 0 0.99961137771606445
vn -0.027876941487193108 0 0.99961137771606445
vn -0.027876941487193108 0 0.99961137771606445
vn -0.99961912631988525 0 -0.027598060667514801
vn -0.99961912631988525 0 -0.027598060667514801
vn -0.99961912631988525 0 -0.027598060667514801
vn -0.99961912631988525 0 -0.027598060667514801
vn -0.027493765577673912 0 0.99962198734283447
vn -0.027493765577673912 0 0.99962198734283447
vn -0.027493765577673912 0 0.99962198734283447
vn -0.027493765577673912 0 0.99962198734283447
vn 0.99961978197097778 0 0.027574172243475914
vn 0.99961978197097778 0 0.027574172243475914
vn 0.99961388111114502 0 0.0277860127389431
vn 0.99961388111114502 0 0.0277860127389431
vn 0.99962455034255981 0 0.027400782331824303
vn 0.99962455034255981 0 0.027400782331824303
vn 0.99962455034255981 0 0.027400782331824303
vn 0.99962455034255981 0 0.027400782331824303
vn 0.02743636816740036 0 -0.99962353706359863
vn 0.02743636816740036 0 -0.99962353706359863
vn 0.02743636816740036 0 -0.99962353706359863
vn 0.02743636816740036 0 -0.99962353706359863
vn 0.99962621927261353 0 0.027338381856679916
vn 0.99962621927261353 0 0.027338381856679916
vn 0.99963903427124023 0 0.026866806671023369
vn 0.99963903427124023 0 0.026866806671023369
vn 0.99963903427124023 0 0.026866806671023369
vn 0.99963903427124023 0 0.026866806671023369
vn 0.02810962125658989 0 -0.99960482120513916
vn 0.02810962125658989 0 -0.99960482120513916
vn 0.02810962125658989 0 -0.99960482120513916
vn 0.02810962125658989 0 -0.99960482120513916
vn 0.99962395429611206 0 0.02742135152220726
vn 0.99962395429611206 0 0.02742135152220726
vn 0.99962860345840454 0 0.027252199128270149
vn 0.99962860345840454 0 0.027252199128270149
vn 0.99962860345840454 0 0.027252199128270149
vn 0.99962860345840454 0 0.027252199128270149
vn 0.027453204616904259 0 -0.99962306022644043
vn 0.027453204616904259 0 -0.99962306022644043
vn -0.99957752227783203 0 -0.029064150527119637
vn -0.99957752227783203 0 -0.029064150527119637
vn -0.014598865061998367 0 0.9998934268951416
vn -0.014598865061998367 0 0.9998934268951416
vn -0.014598865061998367 0 0.9998934268951416
vn -0.014598865061998367 0 0.9998934268951416
vn -0.99961501359939575 0 -0.027746569365262985
vn -0.99961501359939575 0 -0.027746569365262985
vn -0.99961501359939575 0 -0.027746569365262985
vn -0.99961501359939575 0 -0.027746569365262985
vn -0.80597847700119019 0 0.59194487333297729
vn -0.80597847700119019 0 0.59194487333297729
vn -0.80597847700119019 0 0.59194487333297729
vn -0.80597847700119019 0 0.59194487333297729
vn -0.027034478262066841 0 0.9996345043182373
vn -0.027034478262066841 0 0.9996345043182373
vn -0.027034478262066841 0 0.9996345043182373
vn -0.027034478262066841 0 0.9996345043182373
vn 0 -1 0
vn 0 -1 0
vn 0 -1 0
vn 0 -1 0
vn 0 -1 0
vn 0 -1 0
vn 0 -1 0
vn 0 -1 0
vn 0 -1 0
vn 0 -1 0
vn 0 -1 0
vn 0 -1 0
vn 0 -1 0
vn 0 -1 0
vn 0 -1 0
vn 0 -1 0
vn 0 -1 0
vn 0 -1 0
vn 0 -1 0
vn 0 -1 0
vn 0 1 0
vn 0 1 0
vn 0 1 0
vn 0 1 0
vn 0 1 0
vn 0 1 0
vn 0 1 0
vn 0 1 0
vn 0 1 0
vn 0 1 0
vn 0 1 0
vn 0 1 0
vn 0 1 0
vn 0 1 0
vn 0 1 0
vn 0 1 0
vn 0 1 0
vn 0 1 0
vn 0 1 0
vn 0 1 0
vn 0.027453206479549408 0 -0.99962306022644043
vn 0.027453206479549408 0 -0.99962306022644043
vn 0.027453206479549408 0 -0.99962306022644043
vn -0.99957752227783203 0 -0.029064150527119637
vn -0.99957752227783203 0 -0.029064150527119637
vn -0.99957752227783203 0 -0.029064150527119637
vn 0 -1 0
vn 0 -1 0
vn 0 -1 0
vn 0 -1 0
vn 0 -1 0
vn 0 -1 0
vn 0 -1 0
vn 0 -1 0
vn 0 -1 0
vn 0 -1 0
vn 0 -1 0
vn 0 -1 0
vn 0 -1 0
vn 0 -1 0
vn 0 1 0
vn 0 1 0
vn 0 1 0
vn 0 1 0
vn 0 1 0
vn 0 1 0
vn 0 1 0
vn 0 1 0
vn 0 1 0
vn 0 1 0
vn 0 1 0
f 274/274/274 276/276/276 277/277/277 275/275/275
f 278/278/278 280/280/280 281/281/281 279/279/279
f 282/282/282 284/284/284 285/285/285 283/283/283
f 286/286/286 288/288/288 289/289/289 287/287/287
f 290/290/290 292/292/292 293/293/293 291/291/291
f 294/294/294 296/296/296 297/297/297 295/295/295
f 298/298/298 300/300/300 301/301/301 299/299/299
f 300/300/300 302/302/302 303/303/303 301/301/301
f 302/302/302 304/304/304 305/305/305 303/303/303
f 306/306/306 308/308/308 309/309/309 307/307/307
f 310/310/310 312/312/312 313/313/313 311/311/311
f 312/312/312 314/314/314 315/315/315 313/313/313
f 316/316/316 318/318/318 319/319/319 317/317/317
f 320/320/320 322/322/322 323/323/323 321/321/321
f 322/322/322 324/324/324 325/325/325 323/323/323
f 330/330/330 332/332/332 333/333/333 331/331/331
f 334/334/334 336/336/336 337/337/337 335/335/335
f 338/338/338 340/340/340 341/341/341 339/339/339
f 342/342/342 344/344/344 345/345/345 343/343/343
f 348/348/348 347/347/347 346/346/346
f 348/348/348 350/350/350 349/349/349
f 352/352/352 351/351/351 350/350/350
f 363/363/363 348/348/348 346/346/346
f 346/346/346 365/365/365 364/364/364
f 346/346/346 364/364/364 363/363/363
f 350/350/350 348/348/348 359/359/359
f 356/356/356 354/354/354 353/353/353
f 350/350/350 356/356/356 353/353/353
f 354/354/354 356/356/356 355/355/355
f 359/359/359 357/357/357 356/356/356
f 359/359/359 356/356/356 350/350/350
f 358/358/358 357/357/357 359/359/359
f 353/353/353 352/352/352 350/350/350
f 368/368/368 366/366/366 367/367/367
f 368/368/368 369/369/369 370/370/370
f 372/372/372 370/370/370 371/371/371
f 383/383/383 366/366/366 368/368/368
f 366/366/366 384/384/384 385/385/385
f 366/366/366 383/383/383 384/384/384
f 370/370/370 379/379/379 368/368/368
f 376/376/376 373/373/373 374/374/374
f 370/370/370 373/373/373 376/376/376
f 374/374/374 375/375/375 376/376/376
f 379/379/379 376/376/376 377/377/377
f 379/379/379 370/370/370 376/376/376
f 378/378/378 379/379/379 377/377/377
f 373/373/373 370/370/370 372/372/372
f 387/387/387 386/386/386 326/326/326
f 386/386/386 327/327/327 326/326/326
f 327/327/327 386/386/386 388/388/388
f 329/329/329 390/390/390 328/328/328
f 389/389/389 328/328/328 390/390/390
f 391/391/391 390/390/390 329/329/329
f 392/392/392 359/359/359 348/348/348
f 348/348/348 393/393/393 392/392/392
f 394/394/394 348/348/348 363/363/363
f 363/363/363 395/395/395 394/394/394
f 397/397/397 363/363/363 362/362/362
f 363/363/363 397/397/397 396/396/396
f 399/399/399 398/398/398 361/361/361
f 400/400/400 401/401/401 359/359/359
f 402/402/402 360/360/360 359/359/359
f 359/359/359 403/403/403 402/402/402
f 360/360/360 404/404/404 361/361/361
f 405/405/405 404/404/404 360/360/360
f 407/407/407 406/406/406 368/368/368
f 368/368/368 379/379/379 407/407/407
f 368/368/368 409/409/409 383/383/383
f 408/408/408 383/383/383 409/409/409
f 383/383/383 410/410/410 382/382/382
f 383/383/383 411/411/411 410/410/410
f 412/412/412 381/381/381 413/413/413
f 407/407/407 379/379/379 414/414/414
f 415/415/415 379/379/379 380/380/380
f 379/379/379 415/415/415 414/414/414
f 381/381/381 412/412/412 380/380/380
f 416/416/416 380/380/380 412/412/412
usemtl Default
v -114.38304814231171 3.444873275526561E-10 -26.24550969620465
v -114.38304814231171 81.000000000344485 -26.24550969620465
v -113.51549443137421 3.444873275526561E-10 -58.067933631141173
v -113.51549443137421 81.000000000344485 -58.067933631141173
v -113.51549443137421 3.444873275526561E-10 -58.067933631141173
v -113.51549443137421 81.000000000344485 -58.067933631141173
v -114.38304814231171 3.444873275526561E-10 -26.24550969620465
v -114.38304814231171 81.000000000344485 -26.24550969620465
v -114.38304814231171 3.444873275526561E-10 -26.24550969620465
v -113.51549443137421 3.444873275526561E-10 -58.067933631141173
v -114.38304814231171 81.000000000344485 -26.24550969620465
v -113.51549443137421 81.000000000344485 -58.067933631141173
v -136.91327428411688 29.627670270633729 -58.710518490239274
v -136.91327428411691 29.511189984102916 -58.710518490239259
v -136.91327428411688 3.444873275526561E-10 -58.710518490239281
v -136.91327428411691 81.0000000003445 -58.710518490239259
v -136.91327428411688 29.627670270633729 -58.710518490239274
v -178.27292417298861 3.444873275526561E-10 -27.550954836143955
v -178.27292417298864 17.507530800936973 -27.55095483614393
v -178.27292417298864 17.507530800936973 -27.55095483614393
v -178.27292417298861 61.8469428702412 -27.550954836143951
v -178.27292417298861 81.0000000003445 -27.550954836143951
v -157.80897909758241 3.444944329800137E-10 -42.968096927634328
v -178.27292417298861 3.444873275526561E-10 -27.550954836143955
v -136.91327428411688 3.444873275526561E-10 -58.710518490239281
v -142.16283643036218 3.444873275526561E-10 -54.755599473962228
v -157.80897909758241 3.444944329800137E-10 -42.968096927634328
v -178.27292417298861 81.0000000003445 -27.550954836143951
v -157.80897909758241 81.000000000344485 -42.968096927634328
v -136.91327428411691 81.0000000003445 -58.710518490239259
v -142.1628364303622 81.0000000003445 -54.755599473962214
v -157.80897909758241 81.000000000344485 -42.968096927634328
v -142.1628364303622 81.0000000003445 -54.755599473962214
vt 0 0
vt 0 0.68574428558349609
vt 0.1666666716337204 0
vt 0.1666666716337204 0.68574428558349609
vt 0.1666666716337204 0
vt 0.1666666716337204 0.68574428558349609
vt 1 0
vt 1 0.68574428558349609
vt 0.28204789757728577 1
vt 0.36935532093048096 0.88582617044448853
vt 0.28204789757728577 0.6857450008392334
vt 0.36935532093048096 0.7999187707901001
vt 0.22762896120548248 0.25082722306251526
vt 0.22762896120548248 0.24984110891819
vt 0.22762896120548248 0
vt 0.22762896120548248 0.68574428558349609
vt 0.22762896120548248 0.25082722306251526
vt 0.86935704946517944 0
vt 0.86935704946517944 0.14821837842464447
vt 0.86935704946517944 0.14821837842464447
vt 0.86935704946517944 0.52359491586685181
vt 0.86935704946517944 0.68574428558349609
vt 0.17370434105396271 0.8189016580581665
vt 0.060962498188018799 0.8189016580581665
vt 0.28882491588592529 0.8189016580581665
vt 0.25990352034568787 0.8189016580581665
vt 0.17370434105396271 0.8189016580581665
vt 0.060962498188018799 0.86684334278106689
vt 0.17370434105396271 0.86684334278106689
vt 0.28882491588592529 0.86684328317642212
vt 0.25990352034568787 0.86684334278106689
vt 0.17370434105396271 0.86684334278106689
vt 0.25990352034568787 0.86684334278106689
vn 0.99962860345840454 0 0.027252199128270149
vn 0.99962860345840454 0 0.027252199128270149
vn 0.99962860345840454 0 0.027252199128270149
vn 0.99962860345840454 0 0.027252199128270149
vn 0.027453204616904259 0 -0.99962306022644043
vn 0.027453204616904259 0 -0.99962306022644043
vn -0.020428484305739403 0 0.99979132413864136
vn -0.020428484305739403 0 0.99979132413864136
vn 0 -1 0
vn 0 -1 0
vn 0 1 0
vn 0 1 0
vn 0.027453206479549408 0 -0.99962306022644043
vn 0.027453206479549408 0 -0.99962306022644043
vn 0.027453206479549408 0 -0.99962306022644043
vn 0.027453206479549408 0 -0.99962306022644043
vn 0.027453206479549408 0 -0.99962306022644043
vn -0.020428486168384552 0 0.99979132413864136
vn -0.020428486168384552 0 0.99979132413864136
vn -0.020428486168384552 0 0.99979132413864136
vn -0.020428484305739403 0 0.99979132413864136
vn -0.020428486168384552 0 0.99979132413864136
vn 0 -1 0
vn 0 -1 0
vn 0 -1 0
vn 0 -1 0
vn 0 -1 0
vn 0 1 0
vn 0 1 0
vn 0 1 0
vn 0 1 0
vn 0 1 0
vn 0 1 0
f 417/417/417 419/419/419 420/420/420 418/418/418
f 430/430/430 429/429/429 421/421/421
f 431/431/431 430/430/430 421/421/421
f 422/422/422 421/421/421 433/433/433
f 422/422/422 433/433/433 432/432/432
f 435/435/435 423/423/423 424/424/424
f 434/434/434 423/423/423 435/435/435
f 424/424/424 437/437/437 436/436/436
f 424/424/424 438/438/438 437/437/437
f 440/440/440 439/439/439 425/425/425
f 426/426/426 442/442/442 441/441/441
f 442/442/442 426/426/426 425/425/425
f 425/425/425 443/443/443 442/442/442
f 444/444/444 427/427/427 445/445/445
f 447/447/447 428/428/428 446/446/446
f 449/449/449 448/448/448 427/427/427
f 427/427/427 428/428/428 449/449/449
usemtl Default
v -114.38304814231171 3.444873275526561E-10 -26.24550969620465
v -114.38304814231171 81.000000000344485 -26.24550969620465
v -113.51549443137421 3.444873275526561E-10 -58.067933631141173
v -113.51549443137421 81.000000000344485 -58.067933631141173
v -113.51549443137421 3.444873275526561E-10 -58.067933631141173
v -113.51549443137421 81.000000000344485 -58.067933631141173
v -114.38304814231171 3.444873275526561E-10 -26.24550969620465
v -114.38304814231171 81.000000000344485 -26.24550969620465
v -114.38304814231171 3.444873275526561E-10 -26.24550969620465
v -113.51549443137421 3.444873275526561E-10 -58.067933631141173
v -114.38304814231171 81.000000000344485 -26.24550969620465
v -113.51549443137421 81.000000000344485 -58.067933631141173
v -136.91327428411688 29.627670270633729 -58.710518490239274
v -136.91327428411691 29.511189984102916 -58.710518490239259
v -136.91327428411688 3.444873275526561E-10 -58.710518490239281
v -136.91327428411691 81.0000000003445 -58.710518490239259
v -136.91327428411688 29.627670270633729 -58.710518490239274
v -178.27292417298861 3.444873275526561E-10 -27.550954836143955
v -178.27292417298864 17.507530800936973 -27.55095483614393
v -178.27292417298864 17.507530800936973 -27.55095483614393
v -178.27292417298861 61.8469428702412 -27.550954836143951
v -178.27292417298861 81.0000000003445 -27.550954836143951
v -157.80897909758241 3.444944329800137E-10 -42.968096927634328
v -178.27292417298861 3.444873275526561E-10 -27.550954836143955
v -136.91327428411688 3.444873275526561E-10 -58.710518490239281
v -142.16283643036218 3.444873275526561E-10 -54.755599473962228
v -157.80897909758241 3.444944329800137E-10 -42.968096927634328
v -178.27292417298861 81.0000000003445 -27.550954836143951
v -157.80897909758241 81.000000000344485 -42.968096927634328
v -136.91327428411691 81.0000000003445 -58.710518490239259
v -142.1628364303622 81.0000000003445 -54.755599473962214
v -157.80897909758241 81.000000000344485 -42.968096927634328
v -142.1628364303622 81.0000000003445 -54.755599473962214
vt 0 0
vt 0 0.68574428558349609
vt 0.1666666716337204 0
vt 0.1666666716337204 0.68574428558349609
vt 0.1666666716337204 0
vt 0.1666666716337204 0.68574428558349609
vt 1 0
vt 1 0.68574428558349609
vt 0.28204789757728577 1
vt 0.36935532093048096 0.88582617044448853
vt 0.28204789757728577 0.6857450008392334
vt 0.36935532093048096 0.7999187707901001
vt 0.22762896120548248 0.25082722306251526
vt 0.22762896120548248 0.24984110891819
vt 0.22762896120548248 0
vt 0.22762896120548248 0.68574428558349609
vt 0.22762896120548248 0.25082722306251526
vt 0.86935704946517944 0
vt 0.86935704946517944 0.14821837842464447
vt 0.86935704946517944 0.14821837842464447
vt 0.86935704946517944 0.52359491586685181
vt 0.86935704946517944 0.68574428558349609
vt 0.17370434105396271 0.8189016580581665
vt 0.060962498188018799 0.8189016580581665
vt 0.28882491588592529 0.8189016580581665
vt 0.25990352034568787 0.8189016580581665
vt 0.17370434105396271 0.8189016580581665
vt 0.060962498188018799 0.86684334278106689
vt 0.17370434105396271 0.86684334278106689
vt 0.28882491588592529 0.86684328317642212
vt 0.25990352034568787 0.86684334278106689
vt 0.17370434105396271 0.86684334278106689
vt 0.25990352034568787 0.86684334278106689
vn 0.99962860345840454 0 0.027252199128270149
vn 0.99962860345840454 0 0.027252199128270149
vn 0.99962860345840454 0 0.027252199128270149
vn 0.99962860345840454 0 0.027252199128270149
vn 0.027453204616904259 0 -0.99962306022644043
vn 0.027453204616904259 0 -0.99962306022644043
vn -0.020428484305739403 0 0.99979132413864136
vn -0.020428484305739403 0 0.99979132413864136
vn 0 -1 0
vn 0 -1 0
vn 0 1 0
vn 0 1 0
vn 0.027453206479549408 0 -0.99962306022644043
vn 0.027453206479549408 0 -0.99962306022644043
vn 0.027453206479549408 0 -0.99962306022644043
vn 0.027453206479549408 0 -0.99962306022644043
vn 0.027453206479549408 0 -0.99962306022644043
vn -0.020428486168384552 0 0.99979132413864136
vn -0.020428486168384552 0 0.99979132413864136
vn -0.020428486168384552 0 0.99979132413864136
vn -0.020428484305739403 0 0.99979132413864136
vn -0.020428486168384552 0 0.99979132413864136
vn 0 -1 0
vn 0 -1 0
vn 0 -1 0
vn 0 -1 0
vn 0 -1 0
vn 0 1 0
vn 0 1 0
vn 0 1 0
vn 0 1 0
vn 0 1 0
vn 0 1 0
f 450/450/450 452/452/452 453/453/453 451/451/451
f 463/463/463 462/462/462 454/454/454
f 464/464/464 463/463/463 454/454/454
f 455/455/455 454/454/454 466/466/466
f 455/455/455 466/466/466 465/465/465
f 468/468/468 456/456/456 457/457/457
f 467/467/467 456/456/456 468/468/468
f 457/457/457 470/470/470 469/469/469
f 457/457/457 471/471/471 470/470/470
f 473/473/473 472/472/472 458/458/458
f 459/459/459 475/475/475 474/474/474
f 475/475/475 459/459/459 458/458/458
f 458/458/458 476/476/476 475/475/475
f 477/477/477 460/460/460 478/478/478
f 480/480/480 461/461/461 479/479/479
f 482/482/482 481/481/481 460/460/460
f 460/460/460 461/461/461 482/482/482
usemtl Default
v -119.5312643898703 3.444873275526561E-10 -61.580850196082579
v -119.5312643898703 7.9000000957119187 -61.580850196082579
v -119.56023320090546 3.444873275526561E-10 -60.221742224891173
v -119.56023320090546 7.9000000957119187 -60.221742224891173
v -119.56023320090546 3.444873275526561E-10 -60.221742224891173
v -119.56023320090546 7.9000000957119187 -60.221742224891173
v -113.82053288352265 3.444873275526561E-10 -60.262391638953673
v -113.82053288352265 7.9000000957119187 -60.262391638953673
v -113.82053288352265 3.444873275526561E-10 -60.262391638953673
v -113.82053288352265 7.9000000957119187 -60.262391638953673
v -113.59604557883515 3.444873275526561E-10 -61.603639197547423
v -113.59604557883515 7.9000000957119187 -61.603639197547423
v -113.59604557883515 3.444873275526561E-10 -61.603639197547423
v -113.59604557883515 7.9000000957119187 -61.603639197547423
v -112.25602635276093 3.444873275526561E-10 -60.419625830848204
v -112.25602635276093 7.9000000957119187 -60.419625830848204
v -112.25602635276093 3.444873275526561E-10 -60.419625830848204
v -112.25602635276093 7.9000000957119187 -60.419625830848204
v -110.96041020285858 3.444873275526561E-10 -61.544206214148986
v -110.96041020285858 7.9000000957119187 -61.544206214148986
v -110.96041020285858 3.444873275526561E-10 -61.544206214148986
v -110.96041020285858 7.9000000957119187 -61.544206214148986
v -112.23770054709686 3.444873275526561E-10 -63.074151587684142
v -112.23770054709686 7.9000000957119187 -63.074151587684142
v -112.23770054709686 3.444873275526561E-10 -63.074151587684142
v -112.23770054709686 7.9000000957119187 -63.074151587684142
v -110.16624363791718 3.444873275526561E-10 -63.338464331824767
v -110.16624363791718 7.9000000957119187 -63.338464331824767
v -110.16624363791718 3.444873275526561E-10 -63.338464331824767
v -110.16624363791718 7.9000000957119187 -63.338464331824767
v -110.06758030783905 3.444873275526561E-10 -65.844400000770079
v -110.06758030783905 7.9000000957119187 -65.844400000770079
v -110.06758030783905 3.444873275526561E-10 -65.844400000770079
v -110.06758030783905 7.9000000957119187 -65.844400000770079
v -111.96295842063202 3.444873275526561E-10 -65.928536963660704
v -111.96295842063202 7.9000000957119187 -65.928536963660704
v -111.96295842063202 3.444873275526561E-10 -65.928536963660704
v -111.96295842063202 7.9000000957119187 -65.928536963660704
v -119.5312643898703 3.444873275526561E-10 -61.580850196082579
v -119.5312643898703 7.9000000957119187 -61.580850196082579
v -119.5312643898703 3.444873275526561E-10 -61.580850196082579
v -119.56023320090546 3.444873275526561E-10 -60.221742224891173
v -113.82053288352265 3.444873275526561E-10 -60.262391638953673
v -113.59604557883515 3.444873275526561E-10 -61.603639197547423
v -112.25602635276093 3.444873275526561E-10 -60.419625830848204
v -110.96041020285858 3.444873275526561E-10 -61.544206214148986
v -112.23770054709686 3.444873275526561E-10 -63.074151587684142
v -110.16624363791718 3.444873275526561E-10 -63.338464331824767
v -110.06758030783905 3.444873275526561E-10 -65.844400000770079
v -111.96295842063202 3.444873275526561E-10 -65.928536963660704
v -119.5312643898703 7.9000000957119187 -61.580850196082579
v -119.56023320090546 7.9000000957119187 -60.221742224891173
v -113.82053288352265 7.9000000957119187 -60.262391638953673
v -113.59604557883515 7.9000000957119187 -61.603639197547423
v -112.25602635276093 7.9000000957119187 -60.419625830848204
v -110.96041020285858 7.9000000957119187 -61.544206214148986
v -112.23770054709686 7.9000000957119187 -63.074151587684142
v -110.16624363791718 7.9000000957119187 -63.338464331824767
v -110.06758030783905 7.9000000957119187 -65.844400000770079
v -111.96295842063202 7.9000000957119187 -65.928536963660704
v -111.79408289818068 3.444944329800137E-10 -77.634833493690891
v -111.79408289818068 2.9972461813633959 -77.63483349369092
v -111.79408289818068 7.9000000957119045 -77.63483349369092
v -111.79408289818068 2.9972461813633959 -77.63483349369092
v -132.49839044049688 3.444944329800137E-10 -62.036606948926362
v -132.49839044049691 5.4997422101397664 -62.036606948926362
v -132.49839044049691 5.4997422101397664 -62.036606948926362
v -132.49839044049688 7.9000000957119259 -62.036606948926362
v -125.79280061869895 3.445015384073713E-10 -67.088469173388361
v -132.49839044049688 3.444944329800137E-10 -62.036606948926362
v -116.72188612454369 3.444944329800137E-10 -73.922321450690561
v -125.79280061869895 3.445015384073713E-10 -67.088469173388361
v -111.79408289818068 3.444944329800137E-10 -77.634833493690891
v -116.72188612454369 3.444944329800137E-10 -73.922321450690561
v -132.49839044049688 7.9000000957119259 -62.036606948926362
v -125.79280061869893 7.9000000957119045 -67.08846917338839
v -125.79280061869893 7.9000000957119045 -67.08846917338839
v -116.72188612454369 7.9000000957119259 -73.922321450690561
v -116.72188612454369 7.9000000957119259 -73.922321450690561
v -111.79408289818068 7.9000000957119045 -77.63483349369092
vt 0 0
vt 0 0.53114604949951172
vt 0.076923079788684845 0
vt 0.076923079788684845 0.53114604949951172
vt 0.076923079788684845 0
vt 0.076923079788684845 0.53114604949951172
vt 0.15384615957736969 0
vt 0.15384615957736969 0.53114604949951172
vt 0.15384615957736969 0
vt 0.15384615957736969 0.53114604949951172
vt 0.23076923191547394 0
vt 0.23076923191547394 0.53114604949951172
vt 0.23076923191547394 0
vt 0.23076923191547394 0.53114604949951172
vt 0.30769231915473938 0
vt 0.30769231915473938 0.53114604949951172
vt 0.30769231915473938 0
vt 0.30769231915473938 0.53114604949951172
vt 0.38461539149284363 0
vt 0.38461539149284363 0.53114604949951172
vt 0.38461539149284363 0
vt 0.38461539149284363 0.53114604949951172
vt 0.46153846383094788 0
vt 0.46153846383094788 0.53114604949951172
vt 0.46153846383094788 0
vt 0.46153846383094788 0.53114604949951172
vt 0.53846156597137451 0
vt 0.53846156597137451 0.53114604949951172
vt 0.53846156597137451 0
vt 0.53846156597137451 0.53114604949951172
vt 0.61538463830947876 0
vt 0.61538463830947876 0.53114604949951172
vt 0.61538463830947876 0
vt 0.61538463830947876 0.53114604949951172
vt 0.69230771064758301 0
vt 0.69230771064758301 0.53114604949951172
vt 0.69230771064758301 0
vt 0.69230771064758301 0.53114604949951172
vt 1 0
vt 1 0.53114604949951172
vt 0.18579982221126556 0.95816785097122192
vt 0.18109139800071716 0.96658992767333984
vt 0.20689542591571808 0.99356710910797119
vt 0.21241798996925354 0.98618519306182861
vt 0.21442137658596039 1
vt 0.22400391101837158 0.9990648627281189
vt 0.22344644367694855 0.98336905241012573
vt 0.23360015451908112 0.99153292179107666
vt 0.24248386919498444 0.97621893882751465
vt 0.23429146409034729 0.96669602394104004
vt 0.18579982221126556 0.57297873497009277
vt 0.18109139800071716 0.56455665826797485
vt 0.20689542591571808 0.53757947683334351
vt 0.21241798996925354 0.54496139287948608
vt 0.21442137658596039 0.5311465859413147
vt 0.22400391101837158 0.53208178281784058
vt 0.22344644367694855 0.54777753353118896
vt 0.23360015451908112 0.53961372375488281
vt 0.24248386919498444 0.55492770671844482
vt 0.23429146409034729 0.56445056200027466
vt 0.72149217128753662 0
vt 0.72149217128753662 0.20151588320732117
vt 0.72149217128753662 0.53114604949951172
vt 0.72149217128753662 0.20151588320732117
vt 0.97662848234176636 0
vt 0.97662848234176636 0.36976790428161621
vt 0.97662848234176636 0.36976790428161621
vt 0.97662848234176636 0.53114604949951172
vt 0.17635436356067657 0.8937724232673645
vt 0.12934824824333191 0.89377236366271973
vt 0.23994138836860657 0.89377236366271973
vt 0.17635436356067657 0.8937724232673645
vt 0.27448523044586182 0.8937724232673645
vt 0.23994138836860657 0.89377236366271973
vt 0.12934824824333191 0.63737428188323975
vt 0.17635436356067657 0.63737428188323975
vt 0.17635436356067657 0.63737428188323975
vt 0.23994138836860657 0.63737428188323975
vt 0.23994138836860657 0.63737428188323975
vt 0.27448523044586182 0.63737428188323975
vn -0.99977284669876099 0 -0.021313076838850975
vn -0.99977284669876099 0 -0.021313076838850975
vn -0.99977284669876099 0 -0.021313076838850975
vn -0.99977284669876099 0 -0.021313076838850975
vn 0.0070819342508912086 0 0.99997490644454956
vn 0.0070819342508912086 0 0.99997490644454956
vn 0.0070819342508912086 0 0.99997490644454956
vn 0.0070819342508912086 0 0.99997490644454956
vn 0.98628056049346924 0 0.1650778204202652
vn 0.98628056049346924 0 0.1650778204202652
vn 0.98628056049346924 0 0.1650778204202652
vn 0.98628056049346924 0 0.1650778204202652
vn -0.66214025020599365 0 0.74937993288040161
vn -0.66214025020599365 0 0.74937993288040161
vn -0.66214025020599365 0 0.74937993288040161
vn -0.66214025020599365 0 0.74937993288040161
vn 0.65550047159194946 0 0.75519478321075439
vn 0.65550047159194946 0 0.75519478321075439
vn 0.65550047159194946 0 0.75519478321075439
vn 0.65550047159194946 0 0.75519478321075439
vn 0.76764446496963501 0 -0.64087593555450439
vn 0.76764446496963501 0 -0.64087593555450439
vn 0.76764446496963501 0 -0.64087593555450439
vn 0.76764446496963501 0 -0.64087593555450439
vn 0.12657101452350616 0 0.99195754528045654
vn 0.12657101452350616 0 0.99195754528045654
vn 0.12657101452350616 0 0.99195754528045654
vn 0.12657101452350616 0 0.99195754528045654
vn 0.99922585487365723 0 0.039341237396001816
vn 0.99922585487365723 0 0.039341237396001816
vn 0.99922585487365723 0 0.039341237396001816
vn 0.99922585487365723 0 0.039341237396001816
vn 0.044346217066049576 0 -0.99901622533798218
vn 0.044346217066049576 0 -0.99901622533798218
vn 0.044346217066049576 0 -0.99901622533798218
vn 0.044346217066049576 0 -0.99901622533798218
vn 0.99989593029022217 0 0.014424645341932774
vn 0.99989593029022217 0 0.014424645341932774
vn -0.035125397145748138 0 0.99938291311264038
vn -0.035125397145748138 0 0.99938291311264038
vn 0 -1 0
vn 0 -1 0
vn 0 -1 0
vn 0 -1 0
vn 0 -1 0
vn 0 -1 0
vn 0 -1 0
vn 0 -1 0
vn 0 -1 0
vn 0 -1 0
vn 0 1 0
vn 0 1 0
vn 0 1 0
vn 0 1 0
vn 0 1 0
vn 0 1 0
vn 0 1 0
vn 0 1 0
vn 0 1 0
vn 0 1 0
vn 0.99989593029022217 0 0.014424645341932774
vn 0.99989593029022217 0 0.014424645341932774
vn 0.99989593029022217 0 0.014424645341932774
vn 0.99989593029022217 0 0.014424645341932774
vn -0.03512539342045784 0 0.99938291311264038
vn -0.03512539342045784 0 0.99938291311264038
vn -0.03512539342045784 0 0.99938291311264038
vn -0.03512539342045784 0 0.99938291311264038
vn 0 -1 0
vn 0 -1 0
vn 0 -1 0
vn 0 -1 0
vn 0 -1 0
vn 0 -1 0
vn 0 1 0
vn 0 1 0
vn 0 1 0
vn 0 1 0
vn 0 1 0
vn 0 1 0
f 483/483/483 485/485/485 486/486/486 484/484/484
f 487/487/487 489/489/489 490/490/490 488/488/488
f 491/491/491 493/493/493 494/494/494 492/492/492
f 495/495/495 497/497/497 498/498/498 496/496/496
f 499/499/499 501/501/501 502/502/502 500/500/500
f 503/503/503 505/505/505 506/506/506 504/504/504
f 507/507/507 509/509/509 510/510/510 508/508/508
f 511/511/511 513/513/513 514/514/514 512/512/512
f 515/515/515 517/517/517 518/518/518 516/516/516
f 525/525/525 524/524/524 523/523/523
f 526/526/526 525/525/525 523/523/523
f 532/532/532 526/526/526 523/523/523
f 528/528/528 527/527/527 529/529/529
f 532/532/532 530/530/530 529/529/529
f 532/532/532 531/531/531 530/530/530
f 529/529/529 526/526/526 532/532/532
f 526/526/526 529/529/529 527/527/527
f 535/535/535 533/533/533 534/534/534
f 536/536/536 533/533/533 535/535/535
f 542/542/542 533/533/533 536/536/536
f 538/538/538 539/539/539 537/537/537
f 542/542/542 539/539/539 540/540/540
f 542/542/542 540/540/540 541/541/541
f 539/539/539 542/542/542 536/536/536
f 536/536/536 537/537/537 539/539/539
f 544/544/544 519/519/519 543/543/543
f 546/546/546 520/520/520 519/519/519
f 520/520/520 546/546/546 545/545/545
f 548/548/548 521/521/521 522/522/522
f 547/547/547 521/521/521 548/548/548
f 550/550/550 549/549/549 522/522/522
f 523/523/523 552/552/552 551/551/551
f 554/554/554 553/553/553 523/523/523
f 556/556/556 532/532/532 523/523/523
f 532/532/532 556/556/556 555/555/555
f 558/558/558 557/557/557 533/533/533
f 560/560/560 559/559/559 533/533/533
f 542/542/542 561/561/561 533/533/533
f 542/542/542 562/562/562 561/561/561
usemtl Default
v -98.134681701660156 3.444873275526561E-10 142.50772094726562
v -98.134681701660156 17.799999237060547 142.50772094726562
v -99.255340576171875 3.444873275526561E-10 142.61573791503906
v -99.255340576171875 17.799999237060547 142.61573791503906
v -99.255340576171875 3.444873275526561E-10 142.61573791503906
v -99.255340576171875 17.799999237060547 142.61573791503906
v -99.136054992675781 3.444873275526561E-10 138.98753356933594
v -99.136054992675781 17.799999237060547 138.98753356933594
v -99.136054992675781 3.444873275526561E-10 138.98753356933594
v -99.136054992675781 17.799999237060547 138.98753356933594
v -108.33390045166016 3.444873275526561E-10 138.78189086914062
v -108.33390045166016 17.799999237060547 138.78189086914062
v -108.33390045166016 3.444873275526561E-10 138.78189086914062
v -108.33390045166016 17.799999237060547 138.78189086914062
v -98.384384155273438 3.444873275526561E-10 152.32891845703125
v -98.384384155273438 17.799999237060547 152.32891845703125
v -98.384384155273438 3.444873275526561E-10 152.32891845703125
v -98.384384155273438 17.799999237060547 152.32891845703125
v -98.134681701660156 3.444873275526561E-10 142.50772094726562
v -98.134681701660156 17.799999237060547 142.50772094726562
v -98.134681701660156 3.444873275526561E-10 142.50772094726562
v -99.255340576171875 3.444873275526561E-10 142.61573791503906
v -99.136054992675781 3.444873275526561E-10 138.98753356933594
v -108.33390045166016 3.444873275526561E-10 138.78189086914062
v -98.384384155273438 3.444873275526561E-10 152.32891845703125
v -98.134681701660156 17.799999237060547 142.50772094726562
v -99.255340576171875 17.799999237060547 142.61573791503906
v -99.136054992675781 17.799999237060547 138.98753356933594
v -108.33390045166016 17.799999237060547 138.78189086914062
v -98.384384155273438 17.799999237060547 152.32891845703125
vt 0 0
vt 0 0.77254557609558105
vt 0.20000000298023224 0
vt 0.20000000298023224 0.77254557609558105
vt 0.20000000298023224 0
vt 0.20000000298023224 0.77254557609558105
vt 0.40000000596046448 0
vt 0.40000000596046448 0.77254557609558105
vt 0.40000000596046448 0
vt 0.40000000596046448 0.77254557609558105
vt 0.60000002384185791 0
vt 0.60000002384185791 0.77254557609558105
vt 0.60000002384185791 0
vt 0.60000002384185791 0.77254557609558105
vt 0.80000001192092896 0
vt 0.80000001192092896 0.77254557609558105
vt 0.80000001192092896 0
vt 0.80000001192092896 0.77254557609558105
vt 1 0
vt 1 0.77254557609558105
vt 0.22451974451541901 0.81291955709457397
vt 0.21003161370754242 0.84232014417648315
vt 0.14040426909923553 0.77254635095596313
vt 0 0.99372494220733643
vt 0.41407877206802368 1
vt 0.22451974451541901 0.95962679386138916
vt 0.21003161370754242 0.93022614717483521
vt 0.14040426909923553 1
vt 0 0.77882140874862671
vt 0.41407877206802368 0.77254635095596313
vn -0.095948219299316406 0 -0.99538630247116089
vn -0.095948219299316406 0 -0.99538630247116089
vn -0.095948219299316406 0 -0.99538630247116089
vn -0.095948219299316406 0 -0.99538630247116089
vn 0.99945998191833496 0 0.03285936638712883
vn 0.99945998191833496 0 0.03285936638712883
vn 0.99945998191833496 0 0.03285936638712883
vn 0.99945998191833496 0 0.03285936638712883
vn 0.02235172875225544 0 -0.99975019693374634
vn 0.02235172875225544 0 -0.99975019693374634
vn 0.02235172875225544 0 -0.99975019693374634
vn 0.02235172875225544 0 -0.99975019693374634
vn -0.80597847700119019 0 0.59194487333297729
vn -0.80597847700119019 0 0.59194487333297729
vn -0.80597847700119019 0 0.59194487333297729
vn -0.80597847700119019 0 0.59194487333297729
vn 0.99967694282531738 0 0.025416845455765724
vn 0.99967694282531738 0 0.025416845455765724
vn 0.99967694282531738 0 0.025416845455765724
vn 0.99967694282531738 0 0.025416845455765724
vn 0 -1 0
vn 0 -1 0
vn 0 -1 0
vn 0 -1 0
vn 0 -1 0
vn 0 1 0
vn 0 1 0
vn 0 1 0
vn 0 1 0
vn 0 1 0
f 563/563/563 565/565/565 566/566/566 564/564/564
f 567/567/567 569/569/569 570/570/570 568/568/568
f 571/571/571 573/573/573 574/574/574 572/572/572
f 575/575/575 577/577/577 578/578/578 576/576/576
f 579/579/579 581/581/581 582/582/582 580/580/580
f 584/584/584 587/587/587 586/586/586
f 587/587/587 584/584/584 583/583/583
f 586/586/586 585/585/585 584/584/584
f 589/589/589 591/591/591 592/592/592
f 592/592/592 588/588/588 589/589/589
f 591/591/591 589/589/589 590/590/590
usemtl Default
v -162.012451171875 3.444873275526561E-10 35.469379425048828
v -162.012451171875 81 35.469379425048828
v -162.26530456542969 3.444873275526561E-10 44.627700805664062
v -162.26530456542969 81 44.627700805664062
v -162.26530456542969 3.444873275526561E-10 44.627700805664062
v -162.26530456542969 81 44.627700805664062
v -98.285263061523438 3.444873275526561E-10 46.387416839599609
v -98.285263061523438 81 46.387416839599609
v -98.285263061523438 3.444873275526561E-10 46.387416839599609
v -98.285263061523438 81 46.387416839599609
v -97.661491394042969 3.444873275526561E-10 23.774440765380859
v -97.661491394042969 81 23.774440765380859
v -97.661491394042969 3.444873275526561E-10 23.774440765380859
v -97.661491394042969 81 23.774440765380859
v -116.09157562255859 3.444873275526561E-10 22.352216720581055
v -116.09157562255859 81 22.352216720581055
v -116.09157562255859 3.444873275526561E-10 22.352216720581055
v -116.09157562255859 81 22.352216720581055
v -115.75697326660156 3.444873275526561E-10 13.318341255187988
v -115.75697326660156 81 13.318341255187988
v -115.75697326660156 3.444873275526561E-10 13.318341255187988
v -115.75697326660156 81 13.318341255187988
v -179.54170227050781 3.444873275526561E-10 12.46471118927002
v -179.54170227050781 81 12.46471118927002
v -179.54170227050781 3.444873275526561E-10 12.46471118927002
v -179.54170227050781 81 12.46471118927002
v -179.85551452636719 3.444873275526561E-10 28.114700317382812
v -179.85551452636719 81 28.114700317382812
v -180.04560852050781 3.444873275526561E-10 34.966476440429688
v -180.04560852050781 81 34.966476440429688
v -180.04560852050781 3.444873275526561E-10 34.966476440429688
v -180.04560852050781 81 34.966476440429688
v -162.012451171875 3.444873275526561E-10 35.469379425048828
v -162.012451171875 81 35.469379425048828
v -162.012451171875 3.444873275526561E-10 35.469379425048828
v -162.26530456542969 3.444873275526561E-10 44.627700805664062
v -98.285263061523438 3.444873275526561E-10 46.387416839599609
v -97.661491394042969 3.444873275526561E-10 23.774440765380859
v -116.09157562255859 3.444873275526561E-10 22.352216720581055
v -115.75697326660156 3.444873275526561E-10 13.318341255187988
v -179.54170227050781 3.444873275526561E-10 12.46471118927002
v -179.85551452636719 3.444873275526561E-10 28.114700317382812
v -180.04560852050781 3.444873275526561E-10 34.966476440429688
v -162.012451171875 81 35.469379425048828
v -162.26530456542969 81 44.627700805664062
v -98.285263061523438 81 46.387416839599609
v -97.661491394042969 81 23.774440765380859
v -116.09157562255859 81 22.352216720581055
v -115.75697326660156 81 13.318341255187988
v -179.54170227050781 81 12.46471118927002
v -179.85551452636719 81 28.114700317382812
v -180.04560852050781 81 34.966476440429688
vt 0 0
vt 0 0.67914772033691406
vt 0.1111111119389534 0
vt 0.1111111119389534 0.67914772033691406
vt 0.1111111119389534 0
vt 0.1111111119389534 0.67914772033691406
vt 0.2222222238779068 0
vt 0.2222222238779068 0.67914772033691406
vt 0.2222222238779068 0
vt 0.2222222238779068 0.67914772033691406
vt 0.3333333432674408 0
vt 0.3333333432674408 0.67914772033691406
vt 0.3333333432674408 0
vt 0.3333333432674408 0.67914772033691406
vt 0.4444444477558136 0
vt 0.4444444477558136 0.67914772033691406
vt 0.4444444477558136 0
vt 0.4444444477558136 0.67914772033691406
vt 0.55555558204650879 0
vt 0.55555558204650879 0.67914772033691406
vt 0.55555558204650879 0
vt 0.55555558204650879 0.67914772033691406
vt 0.66666668653488159 0
vt 0.66666668653488159 0.67914772033691406
vt 0.66666668653488159 0
vt 0.66666668653488159 0.67914772033691406
vt 0.77777779102325439 0
vt 0.77777779102325439 0.67914772033691406
vt 0.8888888955116272 0
vt 0.8888888955116272 0.67914772033691406
vt 0.8888888955116272 0
vt 0.8888888955116272 0.67914772033691406
vt 1 0
vt 1 0.67914772033691406
vt 0.12704415619373322 0.93762767314910889
vt 0.15850737690925598 0.96289753913879395
vt 0.33379340171813965 0.74154078960418701
vt 0.25610557198524475 0.67914843559265137
vt 0.20240134000778198 0.74047613143920898
vt 0.17159084975719452 0.71524864435195923
vt 0 0.93832719326019287
vt 0.054077822715044022 0.98109114170074463
vt 0.077614493668079376 1
vt 0.12704415619373322 0.74152070283889771
vt 0.15850737690925598 0.71625083684921265
vt 0.33379340171813965 0.93760764598846436
vt 0.25610557198524475 1
vt 0.20240134000778198 0.93867224454879761
vt 0.17159084975719452 0.96389973163604736
vt 0 0.7408212423324585
vt 0.054077822715044022 0.69805729389190674
vt 0.077614493668079376 0.67914843559265137
vn -0.99961912631988525 0 -0.027598060667514801
vn -0.99961912631988525 0 -0.027598060667514801
vn -0.99961912631988525 0 -0.027598060667514801
vn -0.99961912631988525 0 -0.027598060667514801
vn -0.027493765577673912 0 0.99962198734283447
vn -0.027493765577673912 0 0.99962198734283447
vn -0.027493765577673912 0 0.99962198734283447
vn -0.027493765577673912 0 0.99962198734283447
vn 0.99961978197097778 0 0.027574172243475914
vn 0.99961978197097778 0 0.027574172243475914
vn 0.99961978197097778 0 0.027574172243475914
vn 0.99961978197097778 0 0.027574172243475914
vn 0.076939776539802551 0 -0.99703574180603027
vn 0.076939776539802551 0 -0.99703574180603027
vn 0.076939776539802551 0 -0.99703574180603027
vn 0.076939776539802551 0 -0.99703574180603027
vn 0.99931478500366211 0 0.037013545632362366
vn 0.99931478500366211 0 0.037013545632362366
vn 0.99931478500366211 0 0.037013545632362366
vn 0.99931478500366211 0 0.037013545632362366
vn 0.013381792232394218 0 -0.99991047382354736
vn 0.013381792232394218 0 -0.99991047382354736
vn 0.013381792232394218 0 -0.99991047382354736
vn 0.013381792232394218 0 -0.99991047382354736
vn -0.99979901313781738 0 -0.020047063007950783
vn -0.99979901313781738 0 -0.020047063007950783
vn -0.9996153712272644 0 -0.027733279392123222
vn -0.9996153712272644 0 -0.027733279392123222
vn -0.9996153712272644 0 -0.027733279392123222
vn -0.9996153712272644 0 -0.027733279392123222
vn -0.027876941487193108 0 0.99961137771606445
vn -0.027876941487193108 0 0.99961137771606445
vn -0.027876941487193108 0 0.99961137771606445
vn -0.027876941487193108 0 0.99961137771606445
vn 0 -1 0
vn 0 -1 0
vn 0 -1 0
vn 0 -1 0
vn 0 -1 0
vn 0 -1 0
vn 0 -1 0
vn 0 -1 0
vn 0 -1 0
vn 0 1 0
vn 0 1 0
vn 0 1 0
vn 0 1 0
vn 0 1 0
vn 0 1 0
vn 0 1 0
vn 0 1 0
vn 0 1 0
f 593/593/593 595/595/595 596/596/596 594/594/594
f 597/597/597 599/599/599 600/600/600 598/598/598
f 601/601/601 603/603/603 604/604/604 602/602/602
f 605/605/605 607/607/607 608/608/608 606/606/606
f 609/609/609 611/611/611 612/612/612 610/610/610
f 613/613/613 615/615/615 616/616/616 614/614/614
f 617/617/617 619/619/619 620/620/620 618/618/618
f 619/619/619 621/621/621 622/622/622 620/620/620
f 623/623/623 625/625/625 626/626/626 624/624/624
f 627/627/627 635/635/635 634/634/634
f 634/634/634 633/633/633 627/627/627
f 631/631/631 630/630/630 629/629/629
f 632/632/632 631/631/631 627/627/627
f 631/631/631 628/628/628 627/627/627
f 633/633/633 632/632/632 627/627/627
f 629/629/629 628/628/628 631/631/631
f 636/636/636 643/643/643 644/644/644
f 643/643/643 636/636/636 642/642/642
f 640/640/640 638/638/638 639/639/639
f 641/641/641 636/636/636 640/640/640
f 640/640/640 636/636/636 637/637/637
f 642/642/642 636/636/636 641/641/641
f 638/638/638 640/640/640 637/637/637
usemtl Default
v -98.495262145996094 3.444873275526561E-10 120.41020202636719
v -98.495262145996094 27.100000381469727 120.41020202636719
v -97.57183837890625 3.444873275526561E-10 86.597854614257812
v -97.57183837890625 27.100000381469727 86.597854614257812
v -97.57183837890625 3.444873275526561E-10 86.597854614257812
v -97.57183837890625 27.100000381469727 86.597854614257812
v -139.8905029296875 3.444873275526561E-10 84.94818115234375
v -139.8905029296875 27.100000381469727 84.94818115234375
v -139.8905029296875 3.444873275526561E-10 84.94818115234375
v -139.8905029296875 27.100000381469727 84.94818115234375
v -140.11146545410156 3.444873275526561E-10 93.091239929199219
v -140.11146545410156 27.100000381469727 93.091239929199219
v -140.11146545410156 3.444873275526561E-10 93.091239929199219
v -140.11146545410156 27.100000381469727 93.091239929199219
v -139.87998962402344 3.444873275526561E-10 93.105766296386719
v -139.87998962402344 27.100000381469727 93.105766296386719
v -139.87998962402344 3.444873275526561E-10 93.105766296386719
v -139.87998962402344 27.100000381469727 93.105766296386719
v -139.93505859375 3.444873275526561E-10 95.383590698242188
v -139.93505859375 27.100000381469727 95.383590698242188
v -139.93505859375 3.444873275526561E-10 95.383590698242188
v -139.93505859375 27.100000381469727 95.383590698242188
v -138.16180419921875 3.444873275526561E-10 95.4190673828125
v -138.16180419921875 27.100000381469727 95.4190673828125
v -138.16180419921875 3.444873275526561E-10 95.4190673828125
v -138.16180419921875 27.100000381469727 95.4190673828125
v -138.10748291015625 3.444873275526561E-10 93.153312683105469
v -138.10748291015625 27.100000381469727 93.153312683105469
v -138.10748291015625 3.444873275526561E-10 93.153312683105469
v -138.10748291015625 27.100000381469727 93.153312683105469
v -135.39993286132812 3.444873275526561E-10 93.206092834472656
v -135.39993286132812 27.100000381469727 93.206092834472656
v -135.39993286132812 3.444873275526561E-10 93.206092834472656
v -135.39993286132812 27.100000381469727 93.206092834472656
v -135.58306884765625 3.444873275526561E-10 101.68004608154297
v -135.58306884765625 27.100000381469727 101.68004608154297
v -135.58306884765625 3.444873275526561E-10 101.68004608154297
v -135.58306884765625 27.100000381469727 101.68004608154297
v -122.19538116455078 3.444873275526561E-10 119.90841674804688
v -122.19538116455078 27.100000381469727 119.90841674804688
v -122.19538116455078 3.444873275526561E-10 119.90841674804688
v -122.19538116455078 27.100000381469727 119.90841674804688
v -98.495262145996094 3.444873275526561E-10 120.41020202636719
v -98.495262145996094 27.100000381469727 120.41020202636719
v -125.63325500488281 3.444873275526561E-10 99.837921142578125
v -125.63325500488281 27.100000381469727 99.837921142578125
v -111.81815338134766 3.444873275526561E-10 100.24411773681641
v -111.81815338134766 27.100000381469727 100.24411773681641
v -111.81815338134766 3.444873275526561E-10 100.24411773681641
v -111.81815338134766 27.100000381469727 100.24411773681641
v -111.99028778076172 3.444873275526561E-10 106.11393737792969
v -111.99028778076172 27.100000381469727 106.11393737792969
v -111.99028778076172 3.444873275526561E-10 106.11393737792969
v -111.99028778076172 27.100000381469727 106.11393737792969
v -125.80465698242188 3.444873275526561E-10 105.69567108154297
v -125.80465698242188 27.100000381469727 105.69567108154297
v -125.80465698242188 3.444873275526561E-10 105.69567108154297
v -125.80465698242188 27.100000381469727 105.69567108154297
v -125.63325500488281 3.444873275526561E-10 99.837921142578125
v -125.63325500488281 27.100000381469727 99.837921142578125
v -98.495262145996094 3.444873275526561E-10 120.41020202636719
v -97.57183837890625 3.444873275526561E-10 86.597854614257812
v -139.8905029296875 3.444873275526561E-10 84.94818115234375
v -140.11146545410156 3.444873275526561E-10 93.091239929199219
v -139.87998962402344 3.444873275526561E-10 93.105766296386719
v -139.93505859375 3.444873275526561E-10 95.383590698242188
v -138.16180419921875 3.444873275526561E-10 95.4190673828125
v -138.10748291015625 3.444873275526561E-10 93.153312683105469
v -135.39993286132812 3.444873275526561E-10 93.206092834472656
v -135.58306884765625 3.444873275526561E-10 101.68004608154297
v -122.19538116455078 3.444873275526561E-10 119.90841674804688
v -125.63325500488281 3.444873275526561E-10 99.837921142578125
v -111.81815338134766 3.444873275526561E-10 100.24411773681641
v -111.99028778076172 3.444873275526561E-10 106.11393737792969
v -125.80465698242188 3.444873275526561E-10 105.69567108154297
v -98.495262145996094 27.100000381469727 120.41020202636719
v -97.57183837890625 27.100000381469727 86.597854614257812
v -139.8905029296875 27.100000381469727 84.94818115234375
v -140.11146545410156 27.100000381469727 93.091239929199219
v -139.87998962402344 27.100000381469727 93.105766296386719
v -139.93505859375 27.100000381469727 95.383590698242188
v -138.16180419921875 27.100000381469727 95.4190673828125
v -138.10748291015625 27.100000381469727 93.153312683105469
v -135.39993286132812 27.100000381469727 93.206092834472656
v -135.58306884765625 27.100000381469727 101.68004608154297
v -122.19538116455078 27.100000381469727 119.90841674804688
v -125.63325500488281 27.100000381469727 99.837921142578125
v -111.81815338134766 27.100000381469727 100.24411773681641
v -111.99028778076172 27.100000381469727 106.11393737792969
v -125.80465698242188 27.100000381469727 105.69567108154297
vt 0 0
vt 0 0.62720400094985962
vt 0.066666670143604279 0
vt 0.066666670143604279 0.62720400094985962
vt 0.066666670143604279 0
vt 0.066666670143604279 0.62720400094985962
vt 0.13333334028720856 0
vt 0.13333334028720856 0.62720400094985962
vt 0.13333334028720856 0
vt 0.13333334028720856 0.62720400094985962
vt 0.20000000298023224 0
vt 0.20000000298023224 0.62720400094985962
vt 0.20000000298023224 0
vt 0.20000000298023224 0.62720400094985962
vt 0.26666668057441711 0
vt 0.26666668057441711 0.62720400094985962
vt 0.26666668057441711 0
vt 0.26666668057441711 0.62720400094985962
vt 0.3333333432674408 0
vt 0.3333333432674408 0.62720400094985962
vt 0.3333333432674408 0
vt 0.3333333432674408 0.62720400094985962
vt 0.40000000596046448 0
vt 0.40000000596046448 0.62720400094985962
vt 0.40000000596046448 0
vt 0.40000000596046448 0.62720400094985962
vt 0.46666666865348816 0
vt 0.46666666865348816 0.62720400094985962
vt 0.46666666865348816 0
vt 0.46666666865348816 0.62720400094985962
vt 0.53333336114883423 0
vt 0.53333336114883423 0.62720400094985962
vt 0.53333336114883423 0
vt 0.53333336114883423 0.62720400094985962
vt 0.60000002384185791 0
vt 0.60000002384185791 0.62720400094985962
vt 0.60000002384185791 0
vt 0.60000002384185791 0.62720400094985962
vt 0.66666668653488159 0
vt 0.66666668653488159 0.62720400094985962
vt 0.66666668653488159 0
vt 0.66666668653488159 0.62720400094985962
vt 0.73333334922790527 0
vt 0.73333334922790527 0.62720400094985962
vt 0.73333334922790527 0
vt 0.73333334922790527 0.62720400094985962
vt 0.80000001192092896 0
vt 0.80000001192092896 0.62720400094985962
vt 0.80000001192092896 0
vt 0.80000001192092896 0.62720400094985962
vt 0.86666667461395264 0
vt 0.86666667461395264 0.62720400094985962
vt 0.86666667461395264 0
vt 0.86666667461395264 0.62720400094985962
vt 0.93333333730697632 0
vt 0.93333333730697632 0.62720400094985962
vt 0.93333333730697632 0
vt 0.93333333730697632 0.62720400094985962
vt 1 0
vt 1 0.62720400094985962
vt 0.28352335095405579 0.82513022422790527
vt 0.14264459908008575 0.62720465660095215
vt 0 0.9351927638053894
vt 0.033932562917470932 0.98284858465194702
vt 0.034736189991235733 0.98119509220123291
vt 0.044249627739191055 0.99447506666183472
vt 0.05008358508348465 0.98137962818145752
vt 0.040619146078824997 0.9681733250617981
vt 0.049521103501319885 0.94817018508911133
vt 0.084982484579086304 0.99741154909133911
vt 0.20543238520622253 1
vt 0.10903418064117432 0.91240161657333374
vt 0.15503808856010437 0.81111007928848267
vt 0.17945672571659088 0.84555858373641968
vt 0.13340380787849426 0.94677644968032837
vt 0.28352335095405579 0.80207443237304688
vt 0.14264459908008575 1
vt 0 0.69201189279556274
vt 0.033932562917470932 0.64435607194900513
vt 0.034736189991235733 0.64600956439971924
vt 0.044249627739191055 0.63272958993911743
vt 0.05008358508348465 0.64582502841949463
vt 0.040619146078824997 0.65903133153915405
vt 0.049521103501319885 0.67903447151184082
vt 0.084982484579086304 0.62979304790496826
vt 0.20543238520622253 0.62720465660095215
vt 0.10903418064117432 0.71480304002761841
vt 0.15503808856010437 0.81609457731246948
vt 0.17945672571659088 0.78164607286453247
vt 0.13340380787849426 0.68042820692062378
vn 0.99962729215621948 0 0.027300054207444191
vn 0.99962729215621948 0 0.027300054207444191
vn 0.99962729215621948 0 0.027300054207444191
vn 0.99962729215621948 0 0.027300054207444191
vn 0.038952529430389404 0 -0.99924105405807495
vn 0.038952529430389404 0 -0.99924105405807495
vn 0.038952529430389404 0 -0.99924105405807495
vn 0.038952529430389404 0 -0.99924105405807495
vn -0.99963206052780151 0 -0.027124026790261269
vn -0.99963206052780151 0 -0.027124026790261269
vn -0.99963206052780151 0 -0.027124026790261269
vn -0.99963206052780151 0 -0.027124026790261269
vn -0.062635906040668488 0 0.99803644418716431
vn -0.062635906040668488 0 0.99803644418716431
vn -0.062635906040668488 0 0.99803644418716431
vn -0.062635906040668488 0 0.99803644418716431
vn -0.99970799684524536 0 -0.02416510321199894
vn -0.99970799684524536 0 -0.02416510321199894
vn -0.99970799684524536 0 -0.02416510321199894
vn -0.99970799684524536 0 -0.02416510321199894
vn -0.020000196993350983 0 0.99979996681213379
vn -0.020000196993350983 0 0.99979996681213379
vn -0.020000196993350983 0 0.99979996681213379
vn -0.020000196993350983 0 0.99979996681213379
vn 0.99971270561218262 0 0.02397008053958416
vn 0.99971270561218262 0 0.02397008053958416
vn 0.99971270561218262 0 0.02397008053958416
vn 0.99971270561218262 0 0.02397008053958416
vn -0.019490865990519524 0 0.99981003999710083
vn -0.019490865990519524 0 0.99981003999710083
vn -0.019490865990519524 0 0.99981003999710083
vn -0.019490865990519524 0 0.99981003999710083
vn -0.99976652860641479 0 -0.021606318652629852
vn -0.99976652860641479 0 -0.021606318652629852
vn -0.99976652860641479 0 -0.021606318652629852
vn -0.99976652860641479 0 -0.021606318652629852
vn -0.80597847700119019 0 0.59194487333297729
vn -0.80597847700119019 0 0.59194487333297729
vn -0.80597847700119019 0 0.59194487333297729
vn -0.80597847700119019 0 0.59194487333297729
vn -0.021167544648051262 0 0.99977594614028931
vn -0.021167544648051262 0 0.99977594614028931
vn -0.021167544648051262 0 0.99977594614028931
vn -0.021167544648051262 0 0.99977594614028931
vn -0.029389757663011551 0 0.99956804513931274
vn -0.029389757663011551 0 0.99956804513931274
vn -0.029389757663011551 0 0.99956804513931274
vn -0.029389757663011551 0 0.99956804513931274
vn -0.99957031011581421 0 -0.029312087222933769
vn -0.99957031011581421 0 -0.029312087222933769
vn -0.99957031011581421 0 -0.029312087222933769
vn -0.99957031011581421 0 -0.029312087222933769
vn 0.030264144763350487 0 -0.99954193830490112
vn 0.030264144763350487 0 -0.99954193830490112
vn 0.030264144763350487 0 -0.99954193830490112
vn 0.030264144763350487 0 -0.99954193830490112
vn 0.99957215785980225 0 0.029248060658574104
vn 0.99957215785980225 0 0.029248060658574104
vn 0.99957215785980225 0 0.029248060658574104
vn 0.99957215785980225 0 0.029248060658574104
vn 0 -1 0
vn 0 -1 0
vn 0 -1 0
vn 0 -1 0
vn 0 -1 0
vn 0 -1 0
vn 0 -1 0
vn 0 -1 0
vn 0 -1 0
vn 0 -1 0
vn 0 -1 0
vn 0 -1 0
vn 0 -1 0
vn 0 -1 0
vn 0 -1 0
vn 0 1 0
vn 0 1 0
vn 0 1 0
vn 0 1 0
vn 0 1 0
vn 0 1 0
vn 0 1 0
vn 0 1 0
vn 0 1 0
vn 0 1 0
vn 0 1 0
vn 0 1 0
vn 0 1 0
vn 0 1 0
vn 0 1 0
f 645/645/645 647/647/647 648/648/648 646/646/646
f 649/649/649 651/651/651 652/652/652 650/650/650
f 653/653/653 655/655/655 656/656/656 654/654/654
f 657/657/657 659/659/659 660/660/660 658/658/658
f 661/661/661 663/663/663 664/664/664 662/662/662
f 665/665/665 667/667/667 668/668/668 666/666/666
f 669/669/669 671/671/671 672/672/672 670/670/670
f 673/673/673 675/675/675 676/676/676 674/674/674
f 677/677/677 679/679/679 680/680/680 678/678/678
f 681/681/681 683/683/683 684/684/684 682/682/682
f 685/685/685 687/687/687 688/688/688 686/686/686
f 689/689/689 691/691/691 692/692/692 690/690/690
f 693/693/693 695/695/695 696/696/696 694/694/694
f 697/697/697 699/699/699 700/700/700 698/698/698
f 701/701/701 703/703/703 704/704/704 702/702/702
f 707/707/707 709/709/709 708/708/708
f 711/711/711 710/710/710 709/709/709
f 709/709/709 712/712/712 711/711/711
f 712/712/712 709/709/709 707/707/707
f 719/719/719 715/715/715 714/714/714
f 717/717/717 705/705/705 718/718/718
f 715/715/715 719/719/719 718/718/718
f 716/716/716 706/706/706 717/717/717
f 705/705/705 717/717/717 706/706/706
f 713/713/713 716/716/716 714/714/714
f 719/719/719 714/714/714 716/716/716
f 707/707/707 706/706/706 713/713/713
f 716/716/716 713/713/713 706/706/706
f 712/712/712 707/707/707 713/713/713
f 705/705/705 715/715/715 718/718/718
f 722/722/722 723/723/723 724/724/724
f 726/726/726 724/724/724 725/725/725
f 724/724/724 726/726/726 727/727/727
f 727/727/727 722/722/722 724/724/724
f 734/734/734 729/729/729 730/730/730
f 732/732/732 733/733/733 720/720/720
f 730/730/730 733/733/733 734/734/734
f 731/731/731 732/732/732 721/721/721
f 720/720/720 721/721/721 732/732/732
f 728/728/728 729/729/729 731/731/731
f 734/734/734 731/731/731 729/729/729
f 722/722/722 728/728/728 721/721/721
f 731/731/731 721/721/721 728/728/728
f 727/727/727 728/728/728 722/722/722
f 720/720/720 733/733/733 730/730/730
usemtl Default
v -142.93479919433594 3.444873275526561E-10 83.966354370117188
v -142.93479919433594 38.099998474121094 83.966354370117188
v -148.68197631835938 3.444873275526561E-10 83.844863891601562
v -148.68197631835938 38.099998474121094 83.844863891601562
v -148.68197631835938 3.444873275526561E-10 83.844863891601562
v -148.68197631835938 38.099998474121094 83.844863891601562
v -143.12553405761719 3.444873275526561E-10 91.410400390625
v -143.12553405761719 38.099998474121094 91.410400390625
v -143.12553405761719 3.444873275526561E-10 91.410400390625
v -143.12553405761719 38.099998474121094 91.410400390625
v -142.93479919433594 3.444873275526561E-10 83.966354370117188
v -142.93479919433594 38.099998474121094 83.966354370117188
v -142.93479919433594 3.444873275526561E-10 83.966354370117188
v -148.68197631835938 3.444873275526561E-10 83.844863891601562
v -143.12553405761719 3.444873275526561E-10 91.410400390625
v -142.93479919433594 38.099998474121094 83.966354370117188
v -148.68197631835938 38.099998474121094 83.844863891601562
v -143.12553405761719 38.099998474121094 91.410400390625
vt 0 0
vt 0 1
vt 0.28485217690467834 0
vt 0.28485217690467834 1
vt 0.28485217690467834 0
vt 0.28485217690467834 1
vt 0.56970435380935669 0
vt 0.56970435380935669 1
vt 0.56970435380935669 0
vt 0.56970435380935669 1
vt 0.85455650091171265 0
vt 0.85455650091171265 1
vt 1 0.093314282596111298
vt 0.8581508994102478 0
vt 0.8545573353767395 0.24635367095470428
vt 1 0.15303939580917358
vt 0.8581508994102478 0.24635367095470428
vt 0.8545573353767395 0
vn 0.021135034039616585 0 -0.99977660179138184
vn 0.021135034039616585 0 -0.99977660179138184
vn 0.021135034039616585 0 -0.99977660179138184
vn 0.021135034039616585 0 -0.99977660179138184
vn -0.80597847700119019 0 0.59194487333297729
vn -0.80597847700119019 0 0.59194487333297729
vn -0.80597847700119019 0 0.59194487333297729
vn -0.80597847700119019 0 0.59194487333297729
vn 0.99967187643051147 0 0.025614241138100624
vn 0.99967187643051147 0 0.025614241138100624
vn 0.99967187643051147 0 0.025614241138100624
vn 0.99967187643051147 0 0.025614241138100624
vn 0 -1 0
vn 0 -1 0
vn 0 -1 0
vn 0 1 0
vn 0 1 0
vn 0 1 0
f 735/735/735 737/737/737 738/738/738 736/736/736
f 739/739/739 741/741/741 742/742/742 740/740/740
f 743/743/743 745/745/745 746/746/746 744/744/744
f 748/748/748 747/747/747 749/749/749
f 751/751/751 752/752/752 750/750/750
usemtl Default
v -98.134681701660156 3.444873275526561E-10 142.50772094726562
v -98.134681701660156 17.799999237060547 142.50772094726562
v -99.255340576171875 3.444873275526561E-10 142.61573791503906
v -99.255340576171875 17.799999237060547 142.61573791503906
v -99.255340576171875 3.444873275526561E-10 142.61573791503906
v -99.255340576171875 17.799999237060547 142.61573791503906
v -99.136054992675781 3.444873275526561E-10 138.98751831054688
v -99.136054992675781 17.799999237060547 138.98751831054688
v -99.136054992675781 3.444873275526561E-10 138.98751831054688
v -99.136054992675781 17.799999237060547 138.98751831054688
v -108.33390045166016 3.444873275526561E-10 138.78189086914062
v -108.33390045166016 17.799999237060547 138.78189086914062
v -108.33390045166016 3.444873275526561E-10 138.78189086914062
v -108.33390045166016 17.799999237060547 138.78189086914062
v -98.384384155273438 3.444873275526561E-10 152.32891845703125
v -98.384384155273438 17.799999237060547 152.32891845703125
v -98.384384155273438 3.444873275526561E-10 152.32891845703125
v -98.384384155273438 17.799999237060547 152.32891845703125
v -98.134681701660156 3.444873275526561E-10 142.50772094726562
v -98.134681701660156 17.799999237060547 142.50772094726562
v -98.134681701660156 3.444873275526561E-10 142.50772094726562
v -99.255340576171875 3.444873275526561E-10 142.61573791503906
v -99.136054992675781 3.444873275526561E-10 138.98751831054688
v -108.33390045166016 3.444873275526561E-10 138.78189086914062
v -98.384384155273438 3.444873275526561E-10 152.32891845703125
v -98.134681701660156 17.799999237060547 142.50772094726562
v -99.255340576171875 17.799999237060547 142.61573791503906
v -99.136054992675781 17.799999237060547 138.98751831054688
v -108.33390045166016 17.799999237060547 138.78189086914062
v -98.384384155273438 17.799999237060547 152.32891845703125
vt 0 0
vt 0 0.77254557609558105
vt 0.20000000298023224 0
vt 0.20000000298023224 0.77254557609558105
vt 0.20000000298023224 0
vt 0.20000000298023224 0.77254557609558105
vt 0.40000000596046448 0
vt 0.40000000596046448 0.77254557609558105
vt 0.40000000596046448 0
vt 0.40000000596046448 0.77254557609558105
vt 0.60000002384185791 0
vt 0.60000002384185791 0.77254557609558105
vt 0.60000002384185791 0
vt 0.60000002384185791 0.77254557609558105
vt 0.80000001192092896 0
vt 0.80000001192092896 0.77254557609558105
vt 0.80000001192092896 0
vt 0.80000001192092896 0.77254557609558105
vt 1 0
vt 1 0.77254557609558105
vt 0.22451974451541901 0.81291955709457397
vt 0.21003161370754242 0.84232014417648315
vt 0.14040426909923553 0.77254635095596313
vt 0 0.99372494220733643
vt 0.41407877206802368 1
vt 0.22451974451541901 0.95962679386138916
vt 0.21003161370754242 0.93022614717483521
vt 0.14040426909923553 1
vt 0 0.77882140874862671
vt 0.41407877206802368 0.77254635095596313
vn -0.095948219299316406 0 -0.99538630247116089
vn -0.095948219299316406 0 -0.99538630247116089
vn -0.095948219299316406 0 -0.99538630247116089
vn -0.095948219299316406 0 -0.99538630247116089
vn 0.99945998191833496 0 0.03285936638712883
vn 0.99945998191833496 0 0.03285936638712883
vn 0.99945998191833496 0 0.03285936638712883
vn 0.99945998191833496 0 0.03285936638712883
vn 0.02235172875225544 0 -0.99975019693374634
vn 0.02235172875225544 0 -0.99975019693374634
vn 0.02235172875225544 0 -0.99975019693374634
vn 0.02235172875225544 0 -0.99975019693374634
vn -0.80597847700119019 0 0.59194487333297729
vn -0.80597847700119019 0 0.59194487333297729
vn -0.80597847700119019 0 0.59194487333297729
vn -0.80597847700119019 0 0.59194487333297729
vn 0.99967694282531738 0 0.025416845455765724
vn 0.99967694282531738 0 0.025416845455765724
vn 0.99967694282531738 0 0.025416845455765724
vn 0.99967694282531738 0 0.025416845455765724
vn 0 -1 0
vn 0 -1 0
vn 0 -1 0
vn 0 -1 0
vn 0 -1 0
vn 0 1 0
vn 0 1 0
vn 0 1 0
vn 0 1 0
vn 0 1 0
f 753/753/753 755/755/755 756/756/756 754/754/754
f 757/757/757 759/759/759 760/760/760 758/758/758
f 761/761/761 763/763/763 764/764/764 762/762/762
f 765/765/765 767/767/767 768/768/768 766/766/766
f 769/769/769 771/771/771 772/772/772 770/770/770
f 774/774/774 777/777/777 776/776/776
f 777/777/777 774/774/774 773/773/773
f 776/776/776 775/775/775 774/774/774
f 779/779/779 781/781/781 782/782/782
f 782/782/782 778/778/778 779/779/779
f 781/781/781 779/779/779 780/780/780
usemtl Default
v -162.012451171875 3.444873275526561E-10 35.469379425048828
v -162.012451171875 81 35.469379425048828
v -162.26530456542969 3.444873275526561E-10 44.627700805664062
v -162.26530456542969 81 44.627700805664062
v -162.26530456542969 3.444873275526561E-10 44.627700805664062
v -162.26530456542969 81 44.627700805664062
v -98.285255432128906 3.444873275526561E-10 46.387416839599609
v -98.285255432128906 81 46.387416839599609
v -98.285255432128906 3.444873275526561E-10 46.387416839599609
v -98.285255432128906 81 46.387416839599609
v -97.661491394042969 3.444873275526561E-10 23.774440765380859
v -97.661491394042969 81 23.774440765380859
v -97.661491394042969 3.444873275526561E-10 23.774440765380859
v -97.661491394042969 81 23.774440765380859
v -116.09157562255859 3.444873275526561E-10 22.352218627929688
v -116.09157562255859 81 22.352218627929688
v -116.09157562255859 3.444873275526561E-10 22.352218627929688
v -116.09157562255859 81 22.352218627929688
v -115.75696563720703 3.444873275526561E-10 13.318342208862305
v -115.75696563720703 81 13.318342208862305
v -115.75696563720703 3.444873275526561E-10 13.318342208862305
v -115.75696563720703 81 13.318342208862305
v -179.54171752929688 3.444873275526561E-10 12.46471118927002
v -179.54171752929688 81 12.46471118927002
v -179.54171752929688 3.444873275526561E-10 12.46471118927002
v -179.54171752929688 81 12.46471118927002
v -179.85551452636719 3.444873275526561E-10 28.114700317382812
v -179.85551452636719 81 28.114700317382812
v -180.04560852050781 3.444873275526561E-10 34.966472625732422
v -180.04560852050781 81 34.966472625732422
v -180.04560852050781 3.444873275526561E-10 34.966472625732422
v -180.04560852050781 81 34.966472625732422
v -162.012451171875 3.444873275526561E-10 35.469379425048828
v -162.012451171875 81 35.469379425048828
v -162.012451171875 3.444873275526561E-10 35.469379425048828
v -162.26530456542969 3.444873275526561E-10 44.627700805664062
v -98.285255432128906 3.444873275526561E-10 46.387416839599609
v -97.661491394042969 3.444873275526561E-10 23.774440765380859
v -116.09157562255859 3.444873275526561E-10 22.352218627929688
v -115.75696563720703 3.444873275526561E-10 13.318342208862305
v -179.54171752929688 3.444873275526561E-10 12.46471118927002
v -179.85551452636719 3.444873275526561E-10 28.114700317382812
v -180.04560852050781 3.444873275526561E-10 34.966472625732422
v -162.012451171875 81 35.469379425048828
v -162.26530456542969 81 44.627700805664062
v -98.285255432128906 81 46.387416839599609
v -97.661491394042969 81 23.774440765380859
v -116.09157562255859 81 22.352218627929688
v -115.75696563720703 81 13.318342208862305
v -179.54171752929688 81 12.46471118927002
v -179.85551452636719 81 28.114700317382812
v -180.04560852050781 81 34.966472625732422
vt 0 0
vt 0 0.67914772033691406
vt 0.1111111119389534 0
vt 0.1111111119389534 0.67914772033691406
vt 0.1111111119389534 0
vt 0.1111111119389534 0.67914772033691406
vt 0.2222222238779068 0
vt 0.2222222238779068 0.67914772033691406
vt 0.2222222238779068 0
vt 0.2222222238779068 0.67914772033691406
vt 0.3333333432674408 0
vt 0.3333333432674408 0.67914772033691406
vt 0.3333333432674408 0
vt 0.3333333432674408 0.67914772033691406
vt 0.4444444477558136 0
vt 0.4444444477558136 0.67914772033691406
vt 0.4444444477558136 0
vt 0.4444444477558136 0.67914772033691406
vt 0.55555558204650879 0
vt 0.55555558204650879 0.67914772033691406
vt 0.55555558204650879 0
vt 0.55555558204650879 0.67914772033691406
vt 0.66666668653488159 0
vt 0.66666668653488159 0.67914772033691406
vt 0.66666668653488159 0
vt 0.66666668653488159 0.67914772033691406
vt 0.77777779102325439 0
vt 0.77777779102325439 0.67914772033691406
vt 0.8888888955116272 0
vt 0.8888888955116272 0.67914772033691406
vt 0.8888888955116272 0
vt 0.8888888955116272 0.67914772033691406
vt 1 0
vt 1 0.67914772033691406
vt 0.12704415619373322 0.93762767314910889
vt 0.15850737690925598 0.96289753913879395
vt 0.33379340171813965 0.74154078960418701
vt 0.25610557198524475 0.67914843559265137
vt 0.20240134000778198 0.74047613143920898
vt 0.17159084975719452 0.71524864435195923
vt 0 0.93832719326019287
vt 0.054077822715044022 0.98109114170074463
vt 0.077614493668079376 1
vt 0.12704415619373322 0.74152070283889771
vt 0.15850737690925598 0.71625083684921265
vt 0.33379340171813965 0.93760764598846436
vt 0.25610557198524475 1
vt 0.20240134000778198 0.93867224454879761
vt 0.17159084975719452 0.96389973163604736
vt 0 0.7408212423324585
vt 0.054077822715044022 0.69805729389190674
vt 0.077614493668079376 0.67914843559265137
vn -0.99961912631988525 0 -0.027598060667514801
vn -0.99961912631988525 0 -0.027598060667514801
vn -0.99961912631988525 0 -0.027598060667514801
vn -0.99961912631988525 0 -0.027598060667514801
vn -0.027493765577673912 0 0.99962198734283447
vn -0.027493765577673912 0 0.99962198734283447
vn -0.027493765577673912 0 0.99962198734283447
vn -0.027493765577673912 0 0.99962198734283447
vn 0.99961978197097778 0 0.027574172243475914
vn 0.99961978197097778 0 0.027574172243475914
vn 0.99961978197097778 0 0.027574172243475914
vn 0.99961978197097778 0 0.027574172243475914
vn 0.076939776539802551 0 -0.99703574180603027
vn 0.076939776539802551 0 -0.99703574180603027
vn 0.076939776539802551 0 -0.99703574180603027
vn 0.076939776539802551 0 -0.99703574180603027
vn 0.99931478500366211 0 0.037013545632362366
vn 0.99931478500366211 0 0.037013545632362366
vn 0.99931478500366211 0 0.037013545632362366
vn 0.99931478500366211 0 0.037013545632362366
vn 0.013381792232394218 0 -0.99991047382354736
vn 0.013381792232394218 0 -0.99991047382354736
vn 0.013381792232394218 0 -0.99991047382354736
vn 0.013381792232394218 0 -0.99991047382354736
vn -0.99979901313781738 0 -0.020047063007950783
vn -0.99979901313781738 0 -0.020047063007950783
vn -0.9996153712272644 0 -0.027733279392123222
vn -0.9996153712272644 0 -0.027733279392123222
vn -0.9996153712272644 0 -0.027733279392123222
vn -0.9996153712272644 0 -0.027733279392123222
vn -0.027876941487193108 0 0.99961137771606445
vn -0.027876941487193108 0 0.99961137771606445
vn -0.027876941487193108 0 0.99961137771606445
vn -0.027876941487193108 0 0.99961137771606445
vn 0 -1 0
vn 0 -1 0
vn 0 -1 0
vn 0 -1 0
vn 0 -1 0
vn 0 -1 0
vn 0 -1 0
vn 0 -1 0
vn 0 -1 0
vn 0 1 0
vn 0 1 0
vn 0 1 0
vn 0 1 0
vn 0 1 0
vn 0 1 0
vn 0 1 0
vn 0 1 0
vn 0 1 0
f 783/783/783 785/785/785 786/786/786 784/784/784
f 787/787/787 789/789/789 790/790/790 788/788/788
f 791/791/791 793/793/793 794/794/794 792/792/792
f 795/795/795 797/797/797 798/798/798 796/796/796
f 799/799/799 801/801/801 802/802/802 800/800/800
f 803/803/803 805/805/805 806/806/806 804/804/804
f 807/807/807 809/809/809 810/810/810 808/808/808
f 809/809/809 811/811/811 812/812/812 810/810/810
f 813/813/813 815/815/815 816/816/816 814/814/814
f 817/817/817 825/825/825 824/824/824
f 824/824/824 823/823/823 817/817/817
f 821/821/821 820/820/820 819/819/819
f 822/822/822 821/821/821 817/817/817
f 821/821/821 818/818/818 817/817/817
f 823/823/823 822/822/822 817/817/817
f 819/819/819 818/818/818 821/821/821
f 826/826/826 833/833/833 834/834/834
f 833/833/833 826/826/826 832/832/832
f 830/830/830 828/828/828 829/829/829
f 831/831/831 826/826/826 830/830/830
f 830/830/830 826/826/826 827/827/827
f 832/832/832 826/826/826 831/831/831
f 828/828/828 830/830/830 827/827/827
usemtl Default
v -98.495262145996094 3.444873275526561E-10 120.41020202636719
v -98.495262145996094 27.100000381469727 120.41020202636719
v -97.57183837890625 3.444873275526561E-10 86.597854614257812
v -97.57183837890625 27.100000381469727 86.597854614257812
v -97.57183837890625 3.444873275526561E-10 86.597854614257812
v -97.57183837890625 27.100000381469727 86.597854614257812
v -139.89051818847656 3.444873275526561E-10 84.94818115234375
v -139.89051818847656 27.100000381469727 84.94818115234375
v -139.89051818847656 3.444873275526561E-10 84.94818115234375
v -139.89051818847656 27.100000381469727 84.94818115234375
v -140.11146545410156 3.444873275526561E-10 93.091239929199219
v -140.11146545410156 27.100000381469727 93.091239929199219
v -140.11146545410156 3.444873275526561E-10 93.091239929199219
v -140.11146545410156 27.100000381469727 93.091239929199219
v -139.8800048828125 3.444873275526561E-10 93.105766296386719
v -139.8800048828125 27.100000381469727 93.105766296386719
v -139.8800048828125 3.444873275526561E-10 93.105766296386719
v -139.8800048828125 27.100000381469727 93.105766296386719
v -139.93505859375 3.444873275526561E-10 95.383590698242188
v -139.93505859375 27.100000381469727 95.383590698242188
v -139.93505859375 3.444873275526561E-10 95.383590698242188
v -139.93505859375 27.100000381469727 95.383590698242188
v -138.16181945800781 3.444873275526561E-10 95.4190673828125
v -138.16181945800781 27.100000381469727 95.4190673828125
v -138.16181945800781 3.444873275526561E-10 95.4190673828125
v -138.16181945800781 27.100000381469727 95.4190673828125
v -138.10748291015625 3.444873275526561E-10 93.153312683105469
v -138.10748291015625 27.100000381469727 93.153312683105469
v -138.10748291015625 3.444873275526561E-10 93.153312683105469
v -138.10748291015625 27.100000381469727 93.153312683105469
v -135.39993286132812 3.444873275526561E-10 93.206092834472656
v -135.39993286132812 27.100000381469727 93.206092834472656
v -135.39993286132812 3.444873275526561E-10 93.206092834472656
v -135.39993286132812 27.100000381469727 93.206092834472656
v -135.58306884765625 3.444873275526561E-10 101.68003845214844
v -135.58306884765625 27.100000381469727 101.68003845214844
v -135.58306884765625 3.444873275526561E-10 101.68003845214844
v -135.58306884765625 27.100000381469727 101.68003845214844
v -122.19538116455078 3.444873275526561E-10 119.90840911865234
v -122.19538116455078 27.100000381469727 119.90840911865234
v -122.19538116455078 3.444873275526561E-10 119.90840911865234
v -122.19538116455078 27.100000381469727 119.90840911865234
v -98.495262145996094 3.444873275526561E-10 120.41020202636719
v -98.495262145996094 27.100000381469727 120.41020202636719
v -125.63325500488281 3.444873275526561E-10 99.837921142578125
v -125.63325500488281 27.100000381469727 99.837921142578125
v -111.81815338134766 3.444873275526561E-10 100.24411773681641
v -111.81815338134766 27.100000381469727 100.24411773681641
v -111.81815338134766 3.444873275526561E-10 100.24411773681641
v -111.81815338134766 27.100000381469727 100.24411773681641
v -111.99028015136719 3.444873275526561E-10 106.11393737792969
v -111.99028015136719 27.100000381469727 106.11393737792969
v -111.99028015136719 3.444873275526561E-10 106.11393737792969
v -111.99028015136719 27.100000381469727 106.11393737792969
v -125.80465698242188 3.444873275526561E-10 105.69566345214844
v -125.80465698242188 27.100000381469727 105.69566345214844
v -125.80465698242188 3.444873275526561E-10 105.69566345214844
v -125.80465698242188 27.100000381469727 105.69566345214844
v -125.63325500488281 3.444873275526561E-10 99.837921142578125
v -125.63325500488281 27.100000381469727 99.837921142578125
v -98.495262145996094 3.444873275526561E-10 120.41020202636719
v -97.57183837890625 3.444873275526561E-10 86.597854614257812
v -139.89051818847656 3.444873275526561E-10 84.94818115234375
v -140.11146545410156 3.444873275526561E-10 93.091239929199219
v -139.8800048828125 3.444873275526561E-10 93.105766296386719
v -139.93505859375 3.444873275526561E-10 95.383590698242188
v -138.16181945800781 3.444873275526561E-10 95.4190673828125
v -138.10748291015625 3.444873275526561E-10 93.153312683105469
v -135.39993286132812 3.444873275526561E-10 93.206092834472656
v -135.58306884765625 3.444873275526561E-10 101.68003845214844
v -122.19538116455078 3.444873275526561E-10 119.90840911865234
v -125.63325500488281 3.444873275526561E-10 99.837921142578125
v -111.81815338134766 3.444873275526561E-10 100.24411773681641
v -111.99028015136719 3.444873275526561E-10 106.11393737792969
v -125.80465698242188 3.444873275526561E-10 105.69566345214844
v -98.495262145996094 27.100000381469727 120.41020202636719
v -97.57183837890625 27.100000381469727 86.597854614257812
v -139.89051818847656 27.100000381469727 84.94818115234375
v -140.11146545410156 27.100000381469727 93.091239929199219
v -139.8800048828125 27.100000381469727 93.105766296386719
v -139.93505859375 27.100000381469727 95.383590698242188
v -138.16181945800781 27.100000381469727 95.4190673828125
v -138.10748291015625 27.100000381469727 93.153312683105469
v -135.39993286132812 27.100000381469727 93.206092834472656
v -135.58306884765625 27.100000381469727 101.68003845214844
v -122.19538116455078 27.100000381469727 119.90840911865234
v -125.63325500488281 27.100000381469727 99.837921142578125
v -111.81815338134766 27.100000381469727 100.24411773681641
v -111.99028015136719 27.100000381469727 106.11393737792969
v -125.80465698242188 27.100000381469727 105.69566345214844
vt 0 0
vt 0 0.62720400094985962
vt 0.066666670143604279 0
vt 0.066666670143604279 0.62720400094985962
vt 0.066666670143604279 0
vt 0.066666670143604279 0.62720400094985962
vt 0.13333334028720856 0
vt 0.13333334028720856 0.62720400094985962
vt 0.13333334028720856 0
vt 0.13333334028720856 0.62720400094985962
vt 0.20000000298023224 0
vt 0.20000000298023224 0.62720400094985962
vt 0.20000000298023224 0
vt 0.20000000298023224 0.62720400094985962
vt 0.26666668057441711 0
vt 0.26666668057441711 0.62720400094985962
vt 0.26666668057441711 0
vt 0.26666668057441711 0.62720400094985962
vt 0.3333333432674408 0
vt 0.3333333432674408 0.62720400094985962
vt 0.3333333432674408 0
vt 0.3333333432674408 0.62720400094985962
vt 0.40000000596046448 0
vt 0.40000000596046448 0.62720400094985962
vt 0.40000000596046448 0
vt 0.40000000596046448 0.62720400094985962
vt 0.46666666865348816 0
vt 0.46666666865348816 0.62720400094985962
vt 0.46666666865348816 0
vt 0.46666666865348816 0.62720400094985962
vt 0.53333336114883423 0
vt 0.53333336114883423 0.62720400094985962
vt 0.53333336114883423 0
vt 0.53333336114883423 0.62720400094985962
vt 0.60000002384185791 0
vt 0.60000002384185791 0.62720400094985962
vt 0.60000002384185791 0
vt 0.60000002384185791 0.62720400094985962
vt 0.66666668653488159 0
vt 0.66666668653488159 0.62720400094985962
vt 0.66666668653488159 0
vt 0.66666668653488159 0.62720400094985962
vt 0.73333334922790527 0
vt 0.73333334922790527 0.62720400094985962
vt 0.73333334922790527 0
vt 0.73333334922790527 0.62720400094985962
vt 0.80000001192092896 0
vt 0.80000001192092896 0.62720400094985962
vt 0.80000001192092896 0
vt 0.80000001192092896 0.62720400094985962
vt 0.86666667461395264 0
vt 0.86666667461395264 0.62720400094985962
vt 0.86666667461395264 0
vt 0.86666667461395264 0.62720400094985962
vt 0.93333333730697632 0
vt 0.93333333730697632 0.62720400094985962
vt 0.93333333730697632 0
vt 0.93333333730697632 0.62720400094985962
vt 1 0
vt 1 0.62720400094985962
vt 0.28352335095405579 0.82513022422790527
vt 0.14264459908008575 0.62720465660095215
vt 0 0.9351927638053894
vt 0.033932562917470932 0.98284858465194702
vt 0.034736189991235733 0.98119509220123291
vt 0.044249627739191055 0.99447506666183472
vt 0.05008358508348465 0.98137962818145752
vt 0.040619146078824997 0.9681733250617981
vt 0.049521103501319885 0.94817018508911133
vt 0.084982484579086304 0.99741154909133911
vt 0.20543238520622253 1
vt 0.10903418064117432 0.91240161657333374
vt 0.15503808856010437 0.81111007928848267
vt 0.17945672571659088 0.84555858373641968
vt 0.13340380787849426 0.94677644968032837
vt 0.28352335095405579 0.80207443237304688
vt 0.14264459908008575 1
vt 0 0.69201189279556274
vt 0.033932562917470932 0.64435607194900513
vt 0.034736189991235733 0.64600956439971924
vt 0.044249627739191055 0.63272958993911743
vt 0.05008358508348465 0.64582502841949463
vt 0.040619146078824997 0.65903133153915405
vt 0.049521103501319885 0.67903447151184082
vt 0.084982484579086304 0.62979304790496826
vt 0.20543238520622253 0.62720465660095215
vt 0.10903418064117432 0.71480304002761841
vt 0.15503808856010437 0.81609457731246948
vt 0.17945672571659088 0.78164607286453247
vt 0.13340380787849426 0.68042820692062378
vn 0.99962729215621948 0 0.027300054207444191
vn 0.99962729215621948 0 0.027300054207444191
vn 0.99962729215621948 0 0.027300054207444191
vn 0.99962729215621948 0 0.027300054207444191
vn 0.038952529430389404 0 -0.99924105405807495
vn 0.038952529430389404 0 -0.99924105405807495
vn 0.038952529430389404 0 -0.99924105405807495
vn 0.038952529430389404 0 -0.99924105405807495
vn -0.99963206052780151 0 -0.027124026790261269
vn -0.99963206052780151 0 -0.027124026790261269
vn -0.99963206052780151 0 -0.027124026790261269
vn -0.99963206052780151 0 -0.027124026790261269
vn -0.062635906040668488 0 0.99803644418716431
vn -0.062635906040668488 0 0.99803644418716431
vn -0.062635906040668488 0 0.99803644418716431
vn -0.062635906040668488 0 0.99803644418716431
vn -0.99970799684524536 0 -0.02416510321199894
vn -0.99970799684524536 0 -0.02416510321199894
vn -0.99970799684524536 0 -0.02416510321199894
vn -0.99970799684524536 0 -0.02416510321199894
vn -0.020000196993350983 0 0.99979996681213379
vn -0.020000196993350983 0 0.99979996681213379
vn -0.020000196993350983 0 0.99979996681213379
vn -0.020000196993350983 0 0.99979996681213379
vn 0.99971270561218262 0 0.02397008053958416
vn 0.99971270561218262 0 0.02397008053958416
vn 0.99971270561218262 0 0.02397008053958416
vn 0.99971270561218262 0 0.02397008053958416
vn -0.019490865990519524 0 0.99981003999710083
vn -0.019490865990519524 0 0.99981003999710083
vn -0.019490865990519524 0 0.99981003999710083
vn -0.019490865990519524 0 0.99981003999710083
vn -0.99976652860641479 0 -0.021606318652629852
vn -0.99976652860641479 0 -0.021606318652629852
vn -0.99976652860641479 0 -0.021606318652629852
vn -0.99976652860641479 0 -0.021606318652629852
vn -0.80597847700119019 0 0.59194487333297729
vn -0.80597847700119019 0 0.59194487333297729
vn -0.80597847700119019 0 0.59194487333297729
vn -0.80597847700119019 0 0.59194487333297729
vn -0.021167544648051262 0 0.99977594614028931
vn -0.021167544648051262 0 0.99977594614028931
vn -0.021167544648051262 0 0.99977594614028931
vn -0.021167544648051262 0 0.99977594614028931
vn -0.029389757663011551 0 0.99956804513931274
vn -0.029389757663011551 0 0.99956804513931274
vn -0.029389757663011551 0 0.99956804513931274
vn -0.029389757663011551 0 0.99956804513931274
vn -0.99957031011581421 0 -0.029312087222933769
vn -0.99957031011581421 0 -0.029312087222933769
vn -0.99957031011581421 0 -0.029312087222933769
vn -0.99957031011581421 0 -0.029312087222933769
vn 0.030264144763350487 0 -0.99954193830490112
vn 0.030264144763350487 0 -0.99954193830490112
vn 0.030264144763350487 0 -0.99954193830490112
vn 0.030264144763350487 0 -0.99954193830490112
vn 0.99957215785980225 0 0.029248060658574104
vn 0.99957215785980225 0 0.029248060658574104
vn 0.99957215785980225 0 0.029248060658574104
vn 0.99957215785980225 0 0.029248060658574104
vn 0 -1 0
vn 0 -1 0
vn 0 -1 0
vn 0 -1 0
vn 0 -1 0
vn 0 -1 0
vn 0 -1 0
vn 0 -1 0
vn 0 -1 0
vn 0 -1 0
vn 0 -1 0
vn 0 -1 0
vn 0 -1 0
vn 0 -1 0
vn 0 -1 0
vn 0 1 0
vn 0 1 0
vn 0 1 0
vn 0 1 0
vn 0 1 0
vn 0 1 0
vn 0 1 0
vn 0 1 0
vn 0 1 0
vn 0 1 0
vn 0 1 0
vn 0 1 0
vn 0 1 0
vn 0 1 0
vn 0 1 0
f 835/835/835 837/837/837 838/838/838 836/836/836
f 839/839/839 841/841/841 842/842/842 840/840/840
f 843/843/843 845/845/845 846/846/846 844/844/844
f 847/847/847 849/849/849 850/850/850 848/848/848
f 851/851/851 853/853/853 854/854/854 852/852/852
f 855/855/855 857/857/857 858/858/858 856/856/856
f 859/859/859 861/861/861 862/862/862 860/860/860
f 863/863/863 865/865/865 866/866/866 864/864/864
f 867/867/867 869/869/869 870/870/870 868/868/868
f 871/871/871 873/873/873 874/874/874 872/872/872
f 875/875/875 877/877/877 878/878/878 876/876/876
f 879/879/879 881/881/881 882/882/882 880/880/880
f 883/883/883 885/885/885 886/886/886 884/884/884
f 887/887/887 889/889/889 890/890/890 888/888/888
f 891/891/891 893/893/893 894/894/894 892/892/892
f 897/897/897 899/899/899 898/898/898
f 901/901/901 900/900/900 899/899/899
f 899/899/899 902/902/902 901/901/901
f 902/902/902 899/899/899 897/897/897
f 909/909/909 905/905/905 904/904/904
f 907/907/907 895/895/895 908/908/908
f 905/905/905 909/909/909 908/908/908
f 906/906/906 896/896/896 907/907/907
f 895/895/895 907/907/907 896/896/896
f 903/903/903 906/906/906 904/904/904
f 909/909/909 904/904/904 906/906/906
f 897/897/897 896/896/896 903/903/903
f 906/906/906 903/903/903 896/896/896
f 902/902/902 897/897/897 903/903/903
f 895/895/895 905/905/905 908/908/908
f 912/912/912 913/913/913 914/914/914
f 916/916/916 914/914/914 915/915/915
f 914/914/914 916/916/916 917/917/917
f 917/917/917 912/912/912 914/914/914
f 924/924/924 919/919/919 920/920/920
f 922/922/922 923/923/923 910/910/910
f 920/920/920 923/923/923 924/924/924
f 921/921/921 922/922/922 911/911/911
f 910/910/910 911/911/911 922/922/922
f 918/918/918 919/919/919 921/921/921
f 924/924/924 921/921/921 919/919/919
f 912/912/912 918/918/918 911/911/911
f 921/921/921 911/911/911 918/918/918
f 917/917/917 918/918/918 912/912/912
f 910/910/910 923/923/923 920/920/920
usemtl Default
v -142.93479919433594 3.444873275526561E-10 83.966354370117188
v -142.93479919433594 38.099998474121094 83.966354370117188
v -148.68199157714844 3.444873275526561E-10 83.844856262207031
v -148.68199157714844 38.099998474121094 83.844856262207031
v -148.68199157714844 3.444873275526561E-10 83.844856262207031
v -148.68199157714844 38.099998474121094 83.844856262207031
v -143.12553405761719 3.444873275526561E-10 91.410392761230469
v -143.12553405761719 38.099998474121094 91.410392761230469
v -143.12553405761719 3.444873275526561E-10 91.410392761230469
v -143.12553405761719 38.099998474121094 91.410392761230469
v -142.93479919433594 3.444873275526561E-10 83.966354370117188
v -142.93479919433594 38.099998474121094 83.966354370117188
v -142.93479919433594 3.444873275526561E-10 83.966354370117188
v -148.68199157714844 3.444873275526561E-10 83.844856262207031
v -143.12553405761719 3.444873275526561E-10 91.410392761230469
v -142.93479919433594 38.099998474121094 83.966354370117188
v -148.68199157714844 38.099998474121094 83.844856262207031
v -143.12553405761719 38.099998474121094 91.410392761230469
vt 0 0
vt 0 1
vt 0.28485217690467834 0
vt 0.28485217690467834 1
vt 0.28485217690467834 0
vt 0.28485217690467834 1
vt 0.56970435380935669 0
vt 0.56970435380935669 1
vt 0.56970435380935669 0
vt 0.56970435380935669 1
vt 0.85455650091171265 0
vt 0.85455650091171265 1
vt 1 0.093314282596111298
vt 0.8581508994102478 0
vt 0.8545573353767395 0.24635367095470428
vt 1 0.15303939580917358
vt 0.8581508994102478 0.24635367095470428
vt 0.8545573353767395 0
vn 0.021135034039616585 0 -0.99977660179138184
vn 0.021135034039616585 0 -0.99977660179138184
vn 0.021135034039616585 0 -0.99977660179138184
vn 0.021135034039616585 0 -0.99977660179138184
vn -0.80597847700119019 0 0.59194487333297729
vn -0.80597847700119019 0 0.59194487333297729
vn -0.80597847700119019 0 0.59194487333297729
vn -0.80597847700119019 0 0.59194487333297729
vn 0.99967187643051147 0 0.025614241138100624
vn 0.99967187643051147 0 0.025614241138100624
vn 0.99967187643051147 0 0.025614241138100624
vn 0.99967187643051147 0 0.025614241138100624
vn 0 -1 0
vn 0 -1 0
vn 0 -1 0
vn 0 1 0
vn 0 1 0
vn 0 1 0
f 925/925/925 927/927/927 928/928/928 926/926/926
f 929/929/929 931/931/931 932/932/932 930/930/930
f 933/933/933 935/935/935 936/936/936 934/934/934
f 938/938/938 937/937/937 939/939/939
f 941/941/941 942/942/942 940/940/940
usemtl Default
v -19.262212753295898 0 -88.167404174804688
v -19.262212753295898 36.200000762939453 -88.167404174804688
v -19.181196212768555 0 -93.9127197265625
v -19.181196212768555 36.200000762939453 -93.9127197265625
v -19.181196212768555 0 -93.9127197265625
v -19.181196212768555 36.200000762939453 -93.9127197265625
v -3.8666007518768311 0 -93.673965454101562
v -3.8666007518768311 36.200000762939453 -93.673965454101562
v -3.8666007518768311 0 -93.673965454101562
v -3.8666007518768311 36.200000762939453 -93.673965454101562
v -3.6855158805847168 0 -105.28240203857422
v -3.6855158805847168 36.200000762939453 -105.28240203857422
v -3.6855158805847168 0 -105.28240203857422
v -3.6855158805847168 36.200000762939453 -105.28240203857422
v 2.1352691650390625 0 -105.18659973144531
v 2.1352691650390625 36.200000762939453 -105.18659973144531
v 2.1352691650390625 0 -105.18659973144531
v 2.1352691650390625 36.200000762939453 -105.18659973144531
v 2.1517641544342041 0 -107.02629852294922
v 2.1517641544342041 36.200000762939453 -107.02629852294922
v -62.288967132568359 0 -88.846534729003906
v -62.288967132568359 36.200000762939453 -88.846534729003906
v -62.288967132568359 0 -88.846534729003906
v -62.288967132568359 36.200000762939453 -88.846534729003906
v -19.262212753295898 0 -88.167404174804688
v -19.262212753295898 36.200000762939453 -88.167404174804688
v -19.262212753295898 0 -88.167404174804688
v -19.181196212768555 0 -93.9127197265625
v -3.8666007518768311 0 -93.673965454101562
v -3.6855158805847168 0 -105.28240203857422
v 2.1352691650390625 0 -105.18659973144531
v 2.1517641544342041 0 -107.02629852294922
v -62.288967132568359 0 -88.846534729003906
v -19.262212753295898 36.200000762939453 -88.167404174804688
v -19.181196212768555 36.200000762939453 -93.9127197265625
v -3.8666007518768311 36.200000762939453 -93.673965454101562
v -3.6855158805847168 36.200000762939453 -105.28240203857422
v 2.1352691650390625 36.200000762939453 -105.18659973144531
v 2.1517641544342041 36.200000762939453 -107.02629852294922
v -62.288967132568359 36.200000762939453 -88.846534729003906
v 2.924451060279905 28.906304665931629 -164.06156765133855
v 2.924451060279905 0 -164.06156765133855
v 2.924451060279905 36.200000762939453 -164.06156765133855
v 2.924451060279905 28.906304665931629 -164.06156765133855
v -61.872212786233206 0 -115.24500907012859
v -61.872212786233206 15.042991311233184 -115.24500907012857
v -61.872212786233206 15.042991311233184 -115.24500907012857
v -61.87221278623322 36.200000762939474 -115.24500907012856
v -48.984083364583491 0 -124.95467755560009
v -59.363175048272069 0 -117.13526977873195
v -59.363175048272069 0 -117.13526977873195
v -61.872212786233206 0 -115.24500907012859
v -45.554807864506074 0 -127.53822767072913
v -48.984083364583491 0 -124.95467755560009
v -7.8414306430063014 0 -155.95075972314413
v -45.554807864506074 0 -127.53822767072913
v -6.1504469504047403 0 -157.22471426940425
v -7.8414306430063014 0 -155.95075972314413
v 2.924451060279905 0 -164.06156765133855
v -6.1504469504047403 0 -157.22471426940425
v -59.363175048272076 36.20000076293946 -117.13526977873195
v -48.984083364583491 36.200000762939453 -124.95467755560009
v -61.87221278623322 36.200000762939474 -115.24500907012856
v -59.363175048272076 36.20000076293946 -117.13526977873195
v -45.554807864506081 36.200000762939453 -127.53822767072911
v -45.554807864506081 36.200000762939453 -127.53822767072911
v -7.8414306430062997 36.200000762939439 -155.95075972314413
v -7.8414306430062997 36.200000762939439 -155.95075972314413
v -6.1504469504047456 36.200000762939467 -157.22471426940427
v 2.924451060279905 36.200000762939453 -164.06156765133855
vt 0 0
vt 0 0.57484859228134155
vt 0.066666670143604279 0
vt 0.066666670143604279 0.57484859228134155
vt 0.066666670143604279 0
vt 0.066666670143604279 0.57484859228134155
vt 0.13333334028720856 0
vt 0.13333334028720856 0.57484859228134155
vt 0.13333334028720856 0
vt 0.13333334028720856 0.57484859228134155
vt 0.20000000298023224 0
vt 0.20000000298023224 0.57484859228134155
vt 0.20000000298023224 0
vt 0.20000000298023224 0.57484859228134155
vt 0.26666668057441711 0
vt 0.26666668057441711 0.57484859228134155
vt 0.26666668057441711 0
vt 0.26666668057441711 0.57484859228134155
vt 0.3333333432674408 0
vt 0.3333333432674408 0.57484859228134155
vt 0.93333333730697632 0
vt 0.93333333730697632 0.57484859228134155
vt 0.93333333730697632 0
vt 0.93333333730697632 0.57484859228134155
vt 1 0
vt 1 0.57484859228134155
vt 0.10683992505073547 0.97987824678421021
vt 0.11792075634002686 0.96110385656356812
vt 0.15595410764217377 1
vt 0.17838668823242188 0.96210944652557373
vt 0.19283287227153778 0.9769098162651062
vt 0.19635730981826782 0.9708746075630188
vt 0 0.87057095766067505
vt 0.10683992505073547 0.59497088193893433
vt 0.11792075634002686 0.61374533176422119
vt 0.15595410764217377 0.57484912872314453
vt 0.17838668823242188 0.61273974180221558
vt 0.19283287227153778 0.59793931245803833
vt 0.19635730981826782 0.60397458076477051
vt 0 0.70427823066711426
vt 0.38656780123710632 0.45902618765830994
vt 0.38656780123710632 0
vt 0.38656780123710632 0.57484859228134155
vt 0.38656780123710632 0.45902618765830994
vt 0.89437013864517212 0
vt 0.89437013864517212 0.23887962102890015
vt 0.89437013864517212 0.23887962102890015
vt 0.89437013864517212 0.57484859228134155
vt 0.10179624706506729 0.78441721200942993
vt 0.060909733176231384 0.78441721200942993
vt 0.060909733176231384 0.78441721200942993
vt 0.051025841385126114 0.78441727161407471
vt 0.11530523002147675 0.78441727161407471
vt 0.10179624706506729 0.78441721200942993
vt 0.26387009024620056 0.78441727161407471
vt 0.11530523002147675 0.78441727161407471
vt 0.27053141593933105 0.78441727161407471
vt 0.26387009024620056 0.78441727161407471
vt 0.30628028512001038 0.78441727161407471
vt 0.27053141593933105 0.78441727161407471
vt 0.060909733176231384 0.79043185710906982
vt 0.10179624706506729 0.7904319167137146
vt 0.051025841385126114 0.7904319167137146
vt 0.060909733176231384 0.79043185710906982
vt 0.11530523002147675 0.7904319167137146
vt 0.11530523002147675 0.7904319167137146
vt 0.26387009024620056 0.7904319167137146
vt 0.26387009024620056 0.7904319167137146
vt 0.27053141593933105 0.7904319167137146
vt 0.30628028512001038 0.7904319167137146
vn 0.99990057945251465 0 0.014099747873842716
vn 0.99990057945251465 0 0.014099747873842716
vn 0.99990057945251465 0 0.014099747873842716
vn 0.99990057945251465 0 0.014099747873842716
vn -0.015588217414915562 0 0.99987852573394775
vn -0.015588217414915562 0 0.99987852573394775
vn -0.015588217414915562 0 0.99987852573394775
vn -0.015588217414915562 0 0.99987852573394775
vn 0.99987834692001343 0 0.015597515739500523
vn 0.99987834692001343 0 0.015597515739500523
vn 0.99987834692001343 0 0.015597515739500523
vn 0.99987834692001343 0 0.015597515739500523
vn -0.016456937417387962 0 0.99986457824707031
vn -0.016456937417387962 0 0.99986457824707031
vn -0.016456937417387962 0 0.99986457824707031
vn -0.016456937417387962 0 0.99986457824707031
vn 0.99995982646942139 0 0.0089658144861459732
vn 0.99995982646942139 0 0.0089658144861459732
vn 0.99990826845169067 0 0.013546287082135677
vn 0.99990826845169067 0 0.013546287082135677
vn -0.99987542629241943 0 -0.015785092487931252
vn -0.99987542629241943 0 -0.015785092487931252
vn -0.015781927853822708 0 0.99987548589706421
vn -0.015781927853822708 0 0.99987548589706421
vn -0.015781927853822708 0 0.99987548589706421
vn -0.015781927853822708 0 0.99987548589706421
vn 0 -1 0
vn 0 -1 0
vn 0 -1 0
vn 0 -1 0
vn 0 -1 0
vn 0 -1 0
vn 0 -1 0
vn 0 1 0
vn 0 1 0
vn 0 1 0
vn 0 1 0
vn 0 1 0
vn 0 1 0
vn 0 1 0
vn 0.99990826845169067 0 0.013546287082135677
vn 0.99990826845169067 0 0.013546287082135677
vn 0.99990826845169067 0 0.013546287082135677
vn 0.99990826845169067 0 0.013546287082135677
vn -0.99987542629241943 0 -0.015785090625286102
vn -0.99987542629241943 0 -0.015785090625286102
vn -0.99987542629241943 0 -0.015785090625286102
vn -0.99987542629241943 0 -0.015785090625286102
vn 0 -1 0
vn 0 -1 0
vn 0 -1 0
vn 0 -1 0
vn 0 -1 0
vn 0 -1 0
vn 0 -1 0
vn 0 -1 0
vn 0 -1 0
vn 0 -1 0
vn 0 -1 0
vn 0 -1 0
vn 0 1 0
vn 0 1 0
vn 0 1 0
vn 0 1 0
vn 0 1 0
vn 0 1 0
vn 0 1 0
vn 0 1 0
vn 0 1 0
vn 0 1 0
f 943/943/943 945/945/945 946/946/946 944/944/944
f 947/947/947 949/949/949 950/950/950 948/948/948
f 951/951/951 953/953/953 954/954/954 952/952/952
f 955/955/955 957/957/957 958/958/958 956/956/956
f 959/959/959 961/961/961 962/962/962 960/960/960
f 965/965/965 967/967/967 968/968/968 966/966/966
f 970/970/970 969/969/969 975/975/975
f 972/972/972 974/974/974 973/973/973
f 971/971/971 970/970/970 972/972/972
f 977/977/977 982/982/982 976/976/976
f 979/979/979 980/980/980 981/981/981
f 978/978/978 979/979/979 977/977/977
f 983/983/983 961/961/961 984/984/984
f 986/986/986 962/962/962 961/961/961
f 962/962/962 986/986/986 985/985/985
f 964/964/964 988/988/988 963/963/963
f 987/987/987 963/963/963 988/988/988
f 990/990/990 989/989/989 964/964/964
f 992/992/992 970/970/970 975/975/975
f 991/991/991 970/970/970 992/992/992
f 993/993/993 975/975/975 994/994/994
f 995/995/995 972/972/972 970/970/970
f 970/970/970 996/996/996 995/995/995
f 998/998/998 997/997/997 972/972/972
f 972/972/972 1000/1000/1000 974/974/974
f 999/999/999 974/974/974 1000/1000/1000
f 1002/1002/1002 1001/1001/1001 974/974/974
f 977/977/977 1003/1003/1003 982/982/982
f 1004/1004/1004 1003/1003/1003 977/977/977
f 1006/1006/1006 1005/1005/1005 982/982/982
f 1007/1007/1007 977/977/977 979/979/979
f 977/977/977 1007/1007/1007 1004/1004/1004
f 1009/1009/1009 1008/1008/1008 979/979/979
f 981/981/981 1010/1010/1010 979/979/979
f 1011/1011/1011 1010/1010/1010 981/981/981
f 1011/1011/1011 981/981/981 1012/1012/1012
usemtl Default
v -19.262212753295898 0 -88.167404174804688
v -19.262212753295898 36.200000762939453 -88.167404174804688
v -19.181196212768555 0 -93.9127197265625
v -19.181196212768555 36.200000762939453 -93.9127197265625
v -19.181196212768555 0 -93.9127197265625
v -19.181196212768555 36.200000762939453 -93.9127197265625
v -3.8666007518768311 0 -93.673965454101562
v -3.8666007518768311 36.200000762939453 -93.673965454101562
v -3.8666007518768311 0 -93.673965454101562
v -3.8666007518768311 36.200000762939453 -93.673965454101562
v -3.6855158805847168 0 -105.28240203857422
v -3.6855158805847168 36.200000762939453 -105.28240203857422
v -3.6855158805847168 0 -105.28240203857422
v -3.6855158805847168 36.200000762939453 -105.28240203857422
v 2.1352691650390625 0 -105.18659973144531
v 2.1352691650390625 36.200000762939453 -105.18659973144531
v 2.1352691650390625 0 -105.18659973144531
v 2.1352691650390625 36.200000762939453 -105.18659973144531
v 2.1517641544342041 0 -107.02629852294922
v 2.1517641544342041 36.200000762939453 -107.02629852294922
v -62.288967132568359 0 -88.846534729003906
v -62.288967132568359 36.200000762939453 -88.846534729003906
v -62.288967132568359 0 -88.846534729003906
v -62.288967132568359 36.200000762939453 -88.846534729003906
v -19.262212753295898 0 -88.167404174804688
v -19.262212753295898 36.200000762939453 -88.167404174804688
v -19.262212753295898 0 -88.167404174804688
v -19.181196212768555 0 -93.9127197265625
v -3.8666007518768311 0 -93.673965454101562
v -3.6855158805847168 0 -105.28240203857422
v 2.1352691650390625 0 -105.18659973144531
v 2.1517641544342041 0 -107.02629852294922
v -62.288967132568359 0 -88.846534729003906
v -19.262212753295898 36.200000762939453 -88.167404174804688
v -19.181196212768555 36.200000762939453 -93.9127197265625
v -3.8666007518768311 36.200000762939453 -93.673965454101562
v -3.6855158805847168 36.200000762939453 -105.28240203857422
v 2.1352691650390625 36.200000762939453 -105.18659973144531
v 2.1517641544342041 36.200000762939453 -107.02629852294922
v -62.288967132568359 36.200000762939453 -88.846534729003906
v 2.924451060279905 28.906304665931629 -164.06156765133855
v 2.924451060279905 0 -164.06156765133855
v 2.924451060279905 36.200000762939453 -164.06156765133855
v 2.924451060279905 28.906304665931629 -164.06156765133855
v -61.872212786233206 0 -115.24500907012859
v -61.872212786233206 15.042991311233184 -115.24500907012857
v -61.872212786233206 15.042991311233184 -115.24500907012857
v -61.87221278623322 36.200000762939474 -115.24500907012856
v -48.984083364583491 0 -124.95467755560009
v -59.363175048272069 0 -117.13526977873195
v -59.363175048272069 0 -117.13526977873195
v -61.872212786233206 0 -115.24500907012859
v -45.554807864506074 0 -127.53822767072913
v -48.984083364583491 0 -124.95467755560009
v -7.8414306430063014 0 -155.95075972314413
v -45.554807864506074 0 -127.53822767072913
v -6.1504469504047403 0 -157.22471426940425
v -7.8414306430063014 0 -155.95075972314413
v 2.924451060279905 0 -164.06156765133855
v -6.1504469504047403 0 -157.22471426940425
v -59.363175048272076 36.20000076293946 -117.13526977873195
v -48.984083364583491 36.200000762939453 -124.95467755560009
v -61.87221278623322 36.200000762939474 -115.24500907012856
v -59.363175048272076 36.20000076293946 -117.13526977873195
v -45.554807864506081 36.200000762939453 -127.53822767072911
v -45.554807864506081 36.200000762939453 -127.53822767072911
v -7.8414306430062997 36.200000762939439 -155.95075972314413
v -7.8414306430062997 36.200000762939439 -155.95075972314413
v -6.1504469504047456 36.200000762939467 -157.22471426940427
v 2.924451060279905 36.200000762939453 -164.06156765133855
vt 0 0
vt 0 0.57484859228134155
vt 0.066666670143604279 0
vt 0.066666670143604279 0.57484859228134155
vt 0.066666670143604279 0
vt 0.066666670143604279 0.57484859228134155
vt 0.13333334028720856 0
vt 0.13333334028720856 0.57484859228134155
vt 0.13333334028720856 0
vt 0.13333334028720856 0.57484859228134155
vt 0.20000000298023224 0
vt 0.20000000298023224 0.57484859228134155
vt 0.20000000298023224 0
vt 0.20000000298023224 0.57484859228134155
vt 0.26666668057441711 0
vt 0.26666668057441711 0.57484859228134155
vt 0.26666668057441711 0
vt 0.26666668057441711 0.57484859228134155
vt 0.3333333432674408 0
vt 0.3333333432674408 0.57484859228134155
vt 0.93333333730697632 0
vt 0.93333333730697632 0.57484859228134155
vt 0.93333333730697632 0
vt 0.93333333730697632 0.57484859228134155
vt 1 0
vt 1 0.57484859228134155
vt 0.10683992505073547 0.97987824678421021
vt 0.11792075634002686 0.96110385656356812
vt 0.15595410764217377 1
vt 0.17838668823242188 0.96210944652557373
vt 0.19283287227153778 0.9769098162651062
vt 0.19635730981826782 0.9708746075630188
vt 0 0.87057095766067505
vt 0.10683992505073547 0.59497088193893433
vt 0.11792075634002686 0.61374533176422119
vt 0.15595410764217377 0.57484912872314453
vt 0.17838668823242188 0.61273974180221558
vt 0.19283287227153778 0.59793931245803833
vt 0.19635730981826782 0.60397458076477051
vt 0 0.70427823066711426
vt 0.38656780123710632 0.45902618765830994
vt 0.38656780123710632 0
vt 0.38656780123710632 0.57484859228134155
vt 0.38656780123710632 0.45902618765830994
vt 0.89437013864517212 0
vt 0.89437013864517212 0.23887962102890015
vt 0.89437013864517212 0.23887962102890015
vt 0.89437013864517212 0.57484859228134155
vt 0.10179624706506729 0.78441721200942993
vt 0.060909733176231384 0.78441721200942993
vt 0.060909733176231384 0.78441721200942993
vt 0.051025841385126114 0.78441727161407471
vt 0.11530523002147675 0.78441727161407471
vt 0.10179624706506729 0.78441721200942993
vt 0.26387009024620056 0.78441727161407471
vt 0.11530523002147675 0.78441727161407471
vt 0.27053141593933105 0.78441727161407471
vt 0.26387009024620056 0.78441727161407471
vt 0.30628028512001038 0.78441727161407471
vt 0.27053141593933105 0.78441727161407471
vt 0.060909733176231384 0.79043185710906982
vt 0.10179624706506729 0.7904319167137146
vt 0.051025841385126114 0.7904319167137146
vt 0.060909733176231384 0.79043185710906982
vt 0.11530523002147675 0.7904319167137146
vt 0.11530523002147675 0.7904319167137146
vt 0.26387009024620056 0.7904319167137146
vt 0.26387009024620056 0.7904319167137146
vt 0.27053141593933105 0.7904319167137146
vt 0.30628028512001038 0.7904319167137146
vn 0.99990057945251465 0 0.014099747873842716
vn 0.99990057945251465 0 0.014099747873842716
vn 0.99990057945251465 0 0.014099747873842716
vn 0.99990057945251465 0 0.014099747873842716
vn -0.015588217414915562 0 0.99987852573394775
vn -0.015588217414915562 0 0.99987852573394775
vn -0.015588217414915562 0 0.99987852573394775
vn -0.015588217414915562 0 0.99987852573394775
vn 0.99987834692001343 0 0.015597515739500523
vn 0.99987834692001343 0 0.015597515739500523
vn 0.99987834692001343 0 0.015597515739500523
vn 0.99987834692001343 0 0.015597515739500523
vn -0.016456937417387962 0 0.99986457824707031
vn -0.016456937417387962 0 0.99986457824707031
vn -0.016456937417387962 0 0.99986457824707031
vn -0.016456937417387962 0 0.99986457824707031
vn 0.99995982646942139 0 0.0089658144861459732
vn 0.99995982646942139 0 0.0089658144861459732
vn 0.99990826845169067 0 0.013546287082135677
vn 0.99990826845169067 0 0.013546287082135677
vn -0.99987542629241943 0 -0.015785092487931252
vn -0.99987542629241943 0 -0.015785092487931252
vn -0.015781927853822708 0 0.99987548589706421
vn -0.015781927853822708 0 0.99987548589706421
vn -0.015781927853822708 0 0.99987548589706421
vn -0.015781927853822708 0 0.99987548589706421
vn 0 -1 0
vn 0 -1 0
vn 0 -1 0
vn 0 -1 0
vn 0 -1 0
vn 0 -1 0
vn 0 -1 0
vn 0 1 0
vn 0 1 0
vn 0 1 0
vn 0 1 0
vn 0 1 0
vn 0 1 0
vn 0 1 0
vn 0.99990826845169067 0 0.013546287082135677
vn 0.99990826845169067 0 0.013546287082135677
vn 0.99990826845169067 0 0.013546287082135677
vn 0.99990826845169067 0 0.013546287082135677
vn -0.99987542629241943 0 -0.015785090625286102
vn -0.99987542629241943 0 -0.015785090625286102
vn -0.99987542629241943 0 -0.015785090625286102
vn -0.99987542629241943 0 -0.015785090625286102
vn 0 -1 0
vn 0 -1 0
vn 0 -1 0
vn 0 -1 0
vn 0 -1 0
vn 0 -1 0
vn 0 -1 0
vn 0 -1 0
vn 0 -1 0
vn 0 -1 0
vn 0 -1 0
vn 0 -1 0
vn 0 1 0
vn 0 1 0
vn 0 1 0
vn 0 1 0
vn 0 1 0
vn 0 1 0
vn 0 1 0
vn 0 1 0
vn 0 1 0
vn 0 1 0
f 1013/1013/1013 1015/1015/1015 1016/1016/1016 1014/1014/1014
f 1017/1017/1017 1019/1019/1019 1020/1020/1020 1018/1018/1018
f 1021/1021/1021 1023/1023/1023 1024/1024/1024 1022/1022/1022
f 1025/1025/1025 1027/1027/1027 1028/1028/1028 1026/1026/1026
f 1029/1029/1029 1031/1031/1031 1032/1032/1032 1030/1030/1030
f 1035/1035/1035 1037/1037/1037 1038/1038/1038 1036/1036/1036
f 1040/1040/1040 1039/1039/1039 1045/1045/1045
f 1042/1042/1042 1044/1044/1044 1043/1043/1043
f 1041/1041/1041 1040/1040/1040 1042/1042/1042
f 1047/1047/1047 1052/1052/1052 1046/1046/1046
f 1049/1049/1049 1050/1050/1050 1051/1051/1051
f 1048/1048/1048 1049/1049/1049 1047/1047/1047
f 1053/1053/1053 1031/1031/1031 1054/1054/1054
f 1056/1056/1056 1032/1032/1032 1031/1031/1031
f 1032/1032/1032 1056/1056/1056 1055/1055/1055
f 1034/1034/1034 1058/1058/1058 1033/1033/1033
f 1057/1057/1057 1033/1033/1033 1058/1058/1058
f 1060/1060/1060 1059/1059/1059 1034/1034/1034
f 1062/1062/1062 1040/1040/1040 1045/1045/1045
f 1061/1061/1061 1040/1040/1040 1062/1062/1062
f 1063/1063/1063 1045/1045/1045 1064/1064/1064
f 1065/1065/1065 1042/1042/1042 1040/1040/1040
f 1040/1040/1040 1066/1066/1066 1065/1065/1065
f 1068/1068/1068 1067/1067/1067 1042/1042/1042
f 1042/1042/1042 1070/1070/1070 1044/1044/1044
f 1069/1069/1069 1044/1044/1044 1070/1070/1070
f 1072/1072/1072 1071/1071/1071 1044/1044/1044
f 1047/1047/1047 1073/1073/1073 1052/1052/1052
f 1074/1074/1074 1073/1073/1073 1047/1047/1047
f 1076/1076/1076 1075/1075/1075 1052/1052/1052
f 1077/1077/1077 1047/1047/1047 1049/1049/1049
f 1047/1047/1047 1077/1077/1077 1074/1074/1074
f 1079/1079/1079 1078/1078/1078 1049/1049/1049
f 1051/1051/1051 1080/1080/1080 1049/1049/1049
f 1081/1081/1081 1080/1080/1080 1051/1051/1051
f 1081/1081/1081 1051/1051/1051 1082/1082/1082
usemtl Default
v 30.692840576171875 0 -178.67207336425781
v 30.692840576171875 14 -178.67207336425781
v 30.692840576171875 0 -178.67207336425781
v 30.692840576171875 14 -178.67207336425781
v 33.223308563232422 0 -173.25325012207031
v 33.223308563232422 14 -173.25325012207031
v 33.223308563232422 0 -173.25325012207031
v 33.223308563232422 14 -173.25325012207031
v 30.692840576171875 0 -178.67207336425781
v 33.223308563232422 0 -173.25325012207031
v 30.692840576171875 14 -178.67207336425781
v 33.223308563232422 14 -173.25325012207031
v 21.245873753914246 0 -177.86457464462285
v 21.245873753914246 3.4130791892089434 -177.86457464462285
v 21.245873753914246 3.4130791892089434 -177.86457464462285
v 21.245873753914246 14.000000000000007 -177.86457464462285
v 35.173272252195041 0 -173.45541173565977
v 35.173272252195041 7.3918658237266399 -173.45541173565977
v 35.173272252195019 14.000000000000014 -173.45541173565977
v 24.837437586058222 7.7625273514289503 -180.57038966351516
v 24.837437586058222 0 -180.57038966351516
v 29.575906901642526 0 -180.88507492846026
v 29.575906901642526 4.4920790281029213 -180.88507492846026
v 24.837437586058222 13.999999999999993 -180.57038966351516
v 24.837437586058222 7.7625273514289503 -180.57038966351516
v 29.575906901642526 4.4920790281029213 -180.88507492846026
v 29.575906901642504 14.000000000000007 -180.88507492846026
v 23.18622324322606 0 -179.32639657942772
v 21.245873753914246 0 -177.86457464462285
v 35.173272252195041 0 -173.45541173565977
v 32.102441665769774 0 -177.53147887625431
v 23.18622324322606 0 -179.32639657942772
v 24.837437586058222 0 -180.57038966351516
v 31.094627385022406 0 -178.86920121487356
v 29.575906901642526 0 -180.88507492846026
v 32.102441665769774 0 -177.53147887625431
v 31.094627385022406 0 -178.86920121487356
v 21.245873753914246 14.000000000000007 -177.86457464462285
v 23.18622324322606 14.000000000000007 -179.32639657942772
v 32.102441665769774 13.999999999999986 -177.53147887625431
v 35.173272252195019 14.000000000000014 -173.45541173565977
v 23.18622324322606 14.000000000000007 -179.32639657942772
v 24.837437586058222 13.999999999999993 -180.57038966351516
v 29.575906901642504 14.000000000000007 -180.88507492846026
v 31.094627385022424 14.000000000000007 -178.86920121487356
v 31.094627385022424 14.000000000000007 -178.86920121487356
v 18.010826110839844 0 -168.69989013671875
v 18.010826110839844 14 -168.69989013671875
v 15.580249786376953 0 -168.70230102539062
v 15.580249786376953 14 -168.70230102539062
v 15.580249786376953 0 -168.70230102539062
v 15.580249786376953 14 -168.70230102539062
v 18.010826110839844 0 -168.69989013671875
v 18.010826110839844 14 -168.69989013671875
v 18.010826110839844 0 -168.69989013671875
v 15.580249786376953 0 -168.70230102539062
v 18.010826110839844 14 -168.69989013671875
v 15.580249786376953 14 -168.70230102539062
v 18.156310739180093 10.749673617869036 -175.53695737320948
v 18.156310739180086 0 -175.53695737320948
v 18.156310739180089 14.000000000000007 -175.53695737320948
v 18.156310739180093 10.749673617869036 -175.53695737320948
v 15.6771700233557 0 -173.66922050527785
v 15.677170023355696 7.8287713378565797 -173.66922050527785
v 15.677170023355696 7.8287713378565797 -173.66922050527785
v 15.6771700233557 14.000000000000007 -173.66922050527785
v 18.156310739180086 0 -175.53695737320948
v 17.431025450922718 0 -174.99054140577368
v 15.6771700233557 0 -173.66922050527785
v 18.156310739180089 14.000000000000007 -175.53695737320948
v 17.431025450922718 13.999999999999993 -174.99054140577368
v 15.6771700233557 14.000000000000007 -173.66922050527785
vt 0.25 0
vt 0.25 0.64132624864578247
vt 0.25 0
vt 0.25 0.64132624864578247
vt 0.375 0
vt 0.375 0.64132624864578247
vt 0.375 0
vt 0.375 0.64132624864578247
vt 0.24788893759250641 0.84318530559539795
vt 0.23088383674621582 0.96130764484405518
vt 0.24788893759250641 0.79814159870147705
vt 0.23088383674621582 0.68001925945281982
vt 0.15547391772270203 0
vt 0.15547391772270203 0.15634980797767639
vt 0.15547391772270203 0.15634980797767639
vt 0.15547391772270203 0.64132630825042725
vt 0.44099879264831543 0
vt 0.44099879264831543 0.33861410617828369
vt 0.44099879264831543 0.6413261890411377
vt 0.69430828094482422 0.35559377074241638
vt 0.69430828094482422 0
vt 0.6651078462600708 0
vt 0.6651078462600708 0.20577773451805115
vt 0.69430828094482422 0.64132624864578247
vt 0.69430828094482422 0.35559377074241638
vt 0.6651078462600708 0.20577773451805115
vt 0.6651078462600708 0.64132630825042725
vt 0.17103968560695648 0.7414393424987793
vt 0.13771198689937592 0.7414393424987793
vt 0.25391861796379089 0.98173677921295166
vt 0.25391861796379089 0.87870240211486816
vt 0.17103968560695648 0.7414393424987793
vt 0.19940118491649628 0.74143928289413452
vt 0.25391861796379089 0.84488767385482788
vt 0.25391867756843567 0.79393047094345093
vt 0.25391861796379089 0.87870240211486816
vt 0.25391861796379089 0.84488767385482788
vt 0.13771198689937592 0.8998875617980957
vt 0.17103968560695648 0.8998875617980957
vt 0.25391861796379089 0.76262444257736206
vt 0.25391861796379089 0.65959006547927856
vt 0.17103968560695648 0.8998875617980957
vt 0.19940118491649628 0.89988762140274048
vt 0.25391867756843567 0.84739649295806885
vt 0.25391861796379089 0.79643929004669189
vt 0.25391861796379089 0.79643929004669189
vt 0 0
vt 0 0.64132624864578247
vt 0.875 0
vt 0.875 0.64132624864578247
vt 0.875 0
vt 0.875 0.64132624864578247
vt 1 0
vt 1 0.64132624864578247
vt 0.026612132787704468 0.84992247819900513
vt 0 0.82035553455352783
vt 0.026612132787704468 0.79140442609786987
vt 0 0.82097136974334717
vt 0.095979228615760803 0.49243199825286865
vt 0.095979228615760803 0
vt 0.095979228615760803 0.64132624864578247
vt 0.095979228615760803 0.49243199825286865
vt 0.81989973783493042 0
vt 0.81989973783493042 0.35862833261489868
vt 0.81989973783493042 0.35862833261489868
vt 0.81989973783493042 0.64132624864578247
vt 0.08464524894952774 0.7414393424987793
vt 0.072187647223472595 0.74143928289413452
vt 0.042063195258378983 0.7414393424987793
vt 0.08464524894952774 0.8998875617980957
vt 0.072187647223472595 0.8998875617980957
vt 0.042063195258378983 0.8998875617980957
vn 0.085165970027446747 0 0.99636679887771606
vn 0.085165970027446747 0 0.99636679887771606
vn -0.90607541799545288 0 0.42311617732048035
vn -0.90607541799545288 0 0.42311617732048035
vn -0.90607541799545288 0 0.42311617732048035
vn -0.90607541799545288 0 0.42311617732048035
vn 0.10312572866678238 0 0.99466830492019653
vn 0.10312572866678238 0 0.99466830492019653
vn 0 -1 0
vn 0 -1 0
vn 0 1 0
vn 0 1 0
vn 0.085165970027446747 0 0.99636679887771606
vn 0.085165970027446747 0 0.99636679887771606
vn 0.085165970027446747 0 0.99636679887771606
vn 0.085165970027446747 0 0.99636679887771606
vn 0.10312572121620178 0 0.99466830492019653
vn 0.10312572121620178 0 0.99466830492019653
vn 0.10312572121620178 0 0.99466830492019653
vn -0.066264785826206207 0 -0.99780207872390747
vn -0.066264785826206207 0 -0.99780207872390747
vn -0.06626477837562561 0 -0.99780207872390747
vn -0.06626477837562561 0 -0.99780207872390747
vn -0.066264785826206207 0 -0.99780207872390747
vn -0.066264785826206207 0 -0.99780207872390747
vn -0.06626477837562561 0 -0.99780207872390747
vn -0.06626477837562561 0 -0.99780207872390747
vn 0 -1 0
vn 0 -1 0
vn 0 -1 0
vn 0 -1 0
vn 0 -1 0
vn 0 -1 0
vn 0 -1 0
vn 0 -1 0
vn 0 -1 0
vn 0 -1 0
vn 0 1 0
vn 0 1 0
vn 0 1 0
vn 0 1 0
vn 0 1 0
vn 0 1 0
vn 0 1 0
vn 0 1 0
vn 0 1 0
vn 0.99977368116378784 0 0.02127385325729847
vn 0.99977368116378784 0 0.02127385325729847
vn -0.99980968236923218 0 -0.01950947567820549
vn -0.99980968236923218 0 -0.01950947567820549
vn -0.00099203560966998339 0 0.9999995231628418
vn -0.00099203560966998339 0 0.9999995231628418
vn -0.00099203560966998339 0 0.9999995231628418
vn -0.00099203560966998339 0 0.9999995231628418
vn 0 -1 0
vn 0 -1 0
vn 0 1 0
vn 0 1 0
vn 0.99977368116378784 0 0.021273849532008171
vn 0.99977368116378784 0 0.021273849532008171
vn 0.99977368116378784 0 0.021273849532008171
vn 0.99977368116378784 0 0.021273849532008171
vn -0.99980968236923218 0 -0.019509477540850639
vn -0.99980968236923218 0 -0.019509477540850639
vn -0.99980968236923218 0 -0.019509477540850639
vn -0.99980968236923218 0 -0.019509477540850639
vn 0 -1 0
vn 0 -1 0
vn 0 -1 0
vn 0 1 0
vn 0 1 0
vn 0 1 0
f 1085/1085/1085 1087/1087/1087 1088/1088/1088 1086/1086/1086
f 1084/1084/1084 1096/1096/1096 1083/1083/1083
f 1095/1095/1095 1083/1083/1083 1096/1096/1096
f 1084/1084/1084 1098/1098/1098 1097/1097/1097
f 1100/1100/1100 1089/1089/1089 1099/1099/1099
f 1090/1090/1090 1089/1089/1089 1100/1100/1100
f 1090/1090/1090 1100/1100/1100 1101/1101/1101
f 1103/1103/1103 1105/1105/1105 1104/1104/1104
f 1105/1105/1105 1103/1103/1103 1102/1102/1102
f 1107/1107/1107 1106/1106/1106 1109/1109/1109
f 1108/1108/1108 1107/1107/1107 1109/1109/1109
f 1111/1111/1111 1110/1110/1110 1091/1091/1091
f 1092/1092/1092 1091/1091/1091 1113/1113/1113
f 1113/1113/1113 1112/1112/1112 1092/1092/1092
f 1091/1091/1091 1114/1114/1114 1115/1115/1115
f 1117/1117/1117 1116/1116/1116 1091/1091/1091
f 1115/1115/1115 1117/1117/1117 1091/1091/1091
f 1119/1119/1119 1118/1118/1118 1091/1091/1091
f 1120/1120/1120 1093/1093/1093 1121/1121/1121
f 1094/1094/1094 1122/1122/1122 1093/1093/1093
f 1122/1122/1122 1094/1094/1094 1123/1123/1123
f 1093/1093/1093 1125/1125/1125 1124/1124/1124
f 1126/1126/1126 1093/1093/1093 1127/1127/1127
f 1125/1125/1125 1093/1093/1093 1126/1126/1126
f 1093/1093/1093 1122/1122/1122 1128/1128/1128
f 1133/1133/1133 1135/1135/1135 1136/1136/1136 1134/1134/1134
f 1141/1141/1141 1129/1129/1129 1142/1142/1142
f 1144/1144/1144 1130/1130/1130 1129/1129/1129
f 1130/1130/1130 1144/1144/1144 1143/1143/1143
f 1132/1132/1132 1146/1146/1146 1131/1131/1131
f 1145/1145/1145 1131/1131/1131 1146/1146/1146
f 1132/1132/1132 1148/1148/1148 1147/1147/1147
f 1138/1138/1138 1150/1150/1150 1137/1137/1137
f 1149/1149/1149 1137/1137/1137 1150/1150/1150
f 1150/1150/1150 1138/1138/1138 1151/1151/1151
f 1139/1139/1139 1153/1153/1153 1140/1140/1140
f 1152/1152/1152 1153/1153/1153 1139/1139/1139
f 1153/1153/1153 1154/1154/1154 1140/1140/1140
usemtl Default
v 30.692840576171875 0 -178.67207336425781
v 30.692840576171875 14 -178.67207336425781
v 30.692840576171875 0 -178.67207336425781
v 30.692840576171875 14 -178.67207336425781
v 33.223308563232422 0 -173.25325012207031
v 33.223308563232422 14 -173.25325012207031
v 33.223308563232422 0 -173.25325012207031
v 33.223308563232422 14 -173.25325012207031
v 30.692840576171875 0 -178.67207336425781
v 33.223308563232422 0 -173.25325012207031
v 30.692840576171875 14 -178.67207336425781
v 33.223308563232422 14 -173.25325012207031
v 21.245873753914246 0 -177.86457464462285
v 21.245873753914246 3.4130791892089434 -177.86457464462285
v 21.245873753914246 3.4130791892089434 -177.86457464462285
v 21.245873753914246 14.000000000000007 -177.86457464462285
v 35.173272252195041 0 -173.45541173565977
v 35.173272252195041 7.3918658237266399 -173.45541173565977
v 35.173272252195019 14.000000000000014 -173.45541173565977
v 24.837437586058222 7.7625273514289503 -180.57038966351516
v 24.837437586058222 0 -180.57038966351516
v 29.575906901642526 0 -180.88507492846026
v 29.575906901642526 4.4920790281029213 -180.88507492846026
v 24.837437586058222 13.999999999999993 -180.57038966351516
v 24.837437586058222 7.7625273514289503 -180.57038966351516
v 29.575906901642526 4.4920790281029213 -180.88507492846026
v 29.575906901642504 14.000000000000007 -180.88507492846026
v 23.18622324322606 0 -179.32639657942772
v 21.245873753914246 0 -177.86457464462285
v 35.173272252195041 0 -173.45541173565977
v 32.102441665769774 0 -177.53147887625431
v 23.18622324322606 0 -179.32639657942772
v 24.837437586058222 0 -180.57038966351516
v 31.094627385022406 0 -178.86920121487356
v 29.575906901642526 0 -180.88507492846026
v 32.102441665769774 0 -177.53147887625431
v 31.094627385022406 0 -178.86920121487356
v 21.245873753914246 14.000000000000007 -177.86457464462285
v 23.18622324322606 14.000000000000007 -179.32639657942772
v 32.102441665769774 13.999999999999986 -177.53147887625431
v 35.173272252195019 14.000000000000014 -173.45541173565977
v 23.18622324322606 14.000000000000007 -179.32639657942772
v 24.837437586058222 13.999999999999993 -180.57038966351516
v 29.575906901642504 14.000000000000007 -180.88507492846026
v 31.094627385022424 14.000000000000007 -178.86920121487356
v 31.094627385022424 14.000000000000007 -178.86920121487356
v 18.010826110839844 0 -168.69989013671875
v 18.010826110839844 14 -168.69989013671875
v 15.580249786376953 0 -168.70230102539062
v 15.580249786376953 14 -168.70230102539062
v 15.580249786376953 0 -168.70230102539062
v 15.580249786376953 14 -168.70230102539062
v 18.010826110839844 0 -168.69989013671875
v 18.010826110839844 14 -168.69989013671875
v 18.010826110839844 0 -168.69989013671875
v 15.580249786376953 0 -168.70230102539062
v 18.010826110839844 14 -168.69989013671875
v 15.580249786376953 14 -168.70230102539062
v 18.156310739180093 10.749673617869036 -175.53695737320948
v 18.156310739180086 0 -175.53695737320948
v 18.156310739180089 14.000000000000007 -175.53695737320948
v 18.156310739180093 10.749673617869036 -175.53695737320948
v 15.6771700233557 0 -173.66922050527785
v 15.677170023355696 7.8287713378565797 -173.66922050527785
v 15.677170023355696 7.8287713378565797 -173.66922050527785
v 15.6771700233557 14.000000000000007 -173.66922050527785
v 18.156310739180086 0 -175.53695737320948
v 17.431025450922718 0 -174.99054140577368
v 15.6771700233557 0 -173.66922050527785
v 18.156310739180089 14.000000000000007 -175.53695737320948
v 17.431025450922718 13.999999999999993 -174.99054140577368
v 15.6771700233557 14.000000000000007 -173.66922050527785
vt 0.25 0
vt 0.25 0.64132624864578247
vt 0.25 0
vt 0.25 0.64132624864578247
vt 0.375 0
vt 0.375 0.64132624864578247
vt 0.375 0
vt 0.375 0.64132624864578247
vt 0.24788893759250641 0.84318530559539795
vt 0.23088383674621582 0.96130764484405518
vt 0.24788893759250641 0.79814159870147705
vt 0.23088383674621582 0.68001925945281982
vt 0.15547391772270203 0
vt 0.15547391772270203 0.15634980797767639
vt 0.15547391772270203 0.15634980797767639
vt 0.15547391772270203 0.64132630825042725
vt 0.44099879264831543 0
vt 0.44099879264831543 0.33861410617828369
vt 0.44099879264831543 0.6413261890411377
vt 0.69430828094482422 0.35559377074241638
vt 0.69430828094482422 0
vt 0.6651078462600708 0
vt 0.6651078462600708 0.20577773451805115
vt 0.69430828094482422 0.64132624864578247
vt 0.69430828094482422 0.35559377074241638
vt 0.6651078462600708 0.20577773451805115
vt 0.6651078462600708 0.64132630825042725
vt 0.17103968560695648 0.7414393424987793
vt 0.13771198689937592 0.7414393424987793
vt 0.25391861796379089 0.98173677921295166
vt 0.25391861796379089 0.87870240211486816
vt 0.17103968560695648 0.7414393424987793
vt 0.19940118491649628 0.74143928289413452
vt 0.25391861796379089 0.84488767385482788
vt 0.25391867756843567 0.79393047094345093
vt 0.25391861796379089 0.87870240211486816
vt 0.25391861796379089 0.84488767385482788
vt 0.13771198689937592 0.8998875617980957
vt 0.17103968560695648 0.8998875617980957
vt 0.25391861796379089 0.76262444257736206
vt 0.25391861796379089 0.65959006547927856
vt 0.17103968560695648 0.8998875617980957
vt 0.19940118491649628 0.89988762140274048
vt 0.25391867756843567 0.84739649295806885
vt 0.25391861796379089 0.79643929004669189
vt 0.25391861796379089 0.79643929004669189
vt 0 0
vt 0 0.64132624864578247
vt 0.875 0
vt 0.875 0.64132624864578247
vt 0.875 0
vt 0.875 0.64132624864578247
vt 1 0
vt 1 0.64132624864578247
vt 0.026612132787704468 0.84992247819900513
vt 0 0.82035553455352783
vt 0.026612132787704468 0.79140442609786987
vt 0 0.82097136974334717
vt 0.095979228615760803 0.49243199825286865
vt 0.095979228615760803 0
vt 0.095979228615760803 0.64132624864578247
vt 0.095979228615760803 0.49243199825286865
vt 0.81989973783493042 0
vt 0.81989973783493042 0.35862833261489868
vt 0.81989973783493042 0.35862833261489868
vt 0.81989973783493042 0.64132624864578247
vt 0.08464524894952774 0.7414393424987793
vt 0.072187647223472595 0.74143928289413452
vt 0.042063195258378983 0.7414393424987793
vt 0.08464524894952774 0.8998875617980957
vt 0.072187647223472595 0.8998875617980957
vt 0.042063195258378983 0.8998875617980957
vn 0.085165970027446747 0 0.99636679887771606
vn 0.085165970027446747 0 0.99636679887771606
vn -0.90607541799545288 0 0.42311617732048035
vn -0.90607541799545288 0 0.42311617732048035
vn -0.90607541799545288 0 0.42311617732048035
vn -0.90607541799545288 0 0.42311617732048035
vn 0.10312572866678238 0 0.99466830492019653
vn 0.10312572866678238 0 0.99466830492019653
vn 0 -1 0
vn 0 -1 0
vn 0 1 0
vn 0 1 0
vn 0.085165970027446747 0 0.99636679887771606
vn 0.085165970027446747 0 0.99636679887771606
vn 0.085165970027446747 0 0.99636679887771606
vn 0.085165970027446747 0 0.99636679887771606
vn 0.10312572121620178 0 0.99466830492019653
vn 0.10312572121620178 0 0.99466830492019653
vn 0.10312572121620178 0 0.99466830492019653
vn -0.066264785826206207 0 -0.99780207872390747
vn -0.066264785826206207 0 -0.99780207872390747
vn -0.06626477837562561 0 -0.99780207872390747
vn -0.06626477837562561 0 -0.99780207872390747
vn -0.066264785826206207 0 -0.99780207872390747
vn -0.066264785826206207 0 -0.99780207872390747
vn -0.06626477837562561 0 -0.99780207872390747
vn -0.06626477837562561 0 -0.99780207872390747
vn 0 -1 0
vn 0 -1 0
vn 0 -1 0
vn 0 -1 0
vn 0 -1 0
vn 0 -1 0
vn 0 -1 0
vn 0 -1 0
vn 0 -1 0
vn 0 -1 0
vn 0 1 0
vn 0 1 0
vn 0 1 0
vn 0 1 0
vn 0 1 0
vn 0 1 0
vn 0 1 0
vn 0 1 0
vn 0 1 0
vn 0.99977368116378784 0 0.02127385325729847
vn 0.99977368116378784 0 0.02127385325729847
vn -0.99980968236923218 0 -0.01950947567820549
vn -0.99980968236923218 0 -0.01950947567820549
vn -0.00099203560966998339 0 0.9999995231628418
vn -0.00099203560966998339 0 0.9999995231628418
vn -0.00099203560966998339 0 0.9999995231628418
vn -0.00099203560966998339 0 0.9999995231628418
vn 0 -1 0
vn 0 -1 0
vn 0 1 0
vn 0 1 0
vn 0.99977368116378784 0 0.021273849532008171
vn 0.99977368116378784 0 0.021273849532008171
vn 0.99977368116378784 0 0.021273849532008171
vn 0.99977368116378784 0 0.021273849532008171
vn -0.99980968236923218 0 -0.019509477540850639
vn -0.99980968236923218 0 -0.019509477540850639
vn -0.99980968236923218 0 -0.019509477540850639
vn -0.99980968236923218 0 -0.019509477540850639
vn 0 -1 0
vn 0 -1 0
vn 0 -1 0
vn 0 1 0
vn 0 1 0
vn 0 1 0
f 1157/1157/1157 1159/1159/1159 1160/1160/1160 1158/1158/1158
f 1156/1156/1156 1168/1168/1168 1155/1155/1155
f 1167/1167/1167 1155/1155/1155 1168/1168/1168
f 1156/1156/1156 1170/1170/1170 1169/1169/1169
f 1172/1172/1172 1161/1161/1161 1171/1171/1171
f 1162/1162/1162 1161/1161/1161 1172/1172/1172
f 1162/1162/1162 1172/1172/1172 1173/1173/1173
f 1175/1175/1175 1177/1177/1177 1176/1176/1176
f 1177/1177/1177 1175/1175/1175 1174/1174/1174
f 1179/1179/1179 1178/1178/1178 1181/1181/1181
f 1180/1180/1180 1179/1179/1179 1181/1181/1181
f 1183/1183/1183 1182/1182/1182 1163/1163/1163
f 1164/1164/1164 1163/1163/1163 1185/1185/1185
f 1185/1185/1185 1184/1184/1184 1164/1164/1164
f 1163/1163/1163 1186/1186/1186 1187/1187/1187
f 1189/1189/1189 1188/1188/1188 1163/1163/1163
f 1187/1187/1187 1189/1189/1189 1163/1163/1163
f 1191/1191/1191 1190/1190/1190 1163/1163/1163
f 1192/1192/1192 1165/1165/1165 1193/1193/1193
f 1166/1166/1166 1194/1194/1194 1165/1165/1165
f 1194/1194/1194 1166/1166/1166 1195/1195/1195
f 1165/1165/1165 1197/1197/1197 1196/1196/1196
f 1198/1198/1198 1165/1165/1165 1199/1199/1199
f 1197/1197/1197 1165/1165/1165 1198/1198/1198
f 1165/1165/1165 1194/1194/1194 1200/1200/1200
f 1205/1205/1205 1207/1207/1207 1208/1208/1208 1206/1206/1206
f 1213/1213/1213 1201/1201/1201 1214/1214/1214
f 1216/1216/1216 1202/1202/1202 1201/1201/1201
f 1202/1202/1202 1216/1216/1216 1215/1215/1215
f 1204/1204/1204 1218/1218/1218 1203/1203/1203
f 1217/1217/1217 1203/1203/1203 1218/1218/1218
f 1204/1204/1204 1220/1220/1220 1219/1219/1219
f 1210/1210/1210 1222/1222/1222 1209/1209/1209
f 1221/1221/1221 1209/1209/1209 1222/1222/1222
f 1222/1222/1222 1210/1210/1210 1223/1223/1223
f 1211/1211/1211 1225/1225/1225 1212/1212/1212
f 1224/1224/1224 1225/1225/1225 1211/1211/1211
f 1225/1225/1225 1226/1226/1226 1212/1212/1212
usemtl Default
v 54.357650756835938 0 -107.00608062744141
v 54.357650756835938 14 -107.00608062744141
v 54.428298950195312 0 -116.69968414306641
v 54.428298950195312 14 -116.69968414306641
v 54.428298950195312 0 -116.69968414306641
v 54.428298950195312 14 -116.69968414306641
v 61.062335968017578 0 -117.14356994628906
v 61.062335968017578 14 -117.14356994628906
v 61.062335968017578 0 -117.14356994628906
v 61.062335968017578 14 -117.14356994628906
v 60.349811553955078 0 -126.00822448730469
v 60.349811553955078 14 -126.00822448730469
v 60.349811553955078 0 -126.00822448730469
v 60.349811553955078 14 -126.00822448730469
v 59.365970611572266 0 -126.87717437744141
v 59.365970611572266 14 -126.87717437744141
v 59.365970611572266 0 -126.87717437744141
v 59.365970611572266 14 -126.87717437744141
v 51.75250244140625 0 -126.98255157470703
v 51.75250244140625 14 -126.98255157470703
v 51.75250244140625 0 -126.98255157470703
v 51.75250244140625 14 -126.98255157470703
v 49.992446899414062 0 -128.41163635253906
v 49.992446899414062 14 -128.41163635253906
v 49.992446899414062 0 -128.41163635253906
v 49.992446899414062 14 -128.41163635253906
v 50.256824493408203 0 -134.43006896972656
v 50.256824493408203 14 -134.43006896972656
v 50.256824493408203 0 -134.43006896972656
v 50.256824493408203 14 -134.43006896972656
v 50.987892150878906 0 -135.38221740722656
v 50.987892150878906 14 -135.38221740722656
v 50.987892150878906 0 -135.38221740722656
v 50.987892150878906 14 -135.38221740722656
v 58.657112121582031 0 -135.41006469726562
v 58.657112121582031 14 -135.41006469726562
v 58.657112121582031 0 -135.41006469726562
v 58.657112121582031 14 -135.41006469726562
v 59.672096252441406 0 -136.52461242675781
v 59.672096252441406 14 -136.52461242675781
v 59.672096252441406 0 -136.52461242675781
v 59.672096252441406 14 -136.52461242675781
v 15.233402252197266 0 -159.65928649902344
v 15.233402252197266 14 -159.65928649902344
v 15.233402252197266 0 -159.65928649902344
v 15.233402252197266 14 -159.65928649902344
v 15.369933128356934 0 -107.58366394042969
v 15.369933128356934 14 -107.58366394042969
v 15.369933128356934 0 -107.58366394042969
v 15.369933128356934 14 -107.58366394042969
v 54.357650756835938 0 -107.00608062744141
v 54.357650756835938 14 -107.00608062744141
v 54.357650756835938 0 -107.00608062744141
v 54.428298950195312 0 -116.69968414306641
v 61.062335968017578 0 -117.14356994628906
v 60.349811553955078 0 -126.00822448730469
v 59.365970611572266 0 -126.87717437744141
v 51.75250244140625 0 -126.98255157470703
v 49.992446899414062 0 -128.41163635253906
v 50.256824493408203 0 -134.43006896972656
v 50.987892150878906 0 -135.38221740722656
v 58.657112121582031 0 -135.41006469726562
v 59.672096252441406 0 -136.52461242675781
v 15.233402252197266 0 -159.65928649902344
v 15.369933128356934 0 -107.58366394042969
v 54.357650756835938 14 -107.00608062744141
v 54.428298950195312 14 -116.69968414306641
v 61.062335968017578 14 -117.14356994628906
v 60.349811553955078 14 -126.00822448730469
v 59.365970611572266 14 -126.87717437744141
v 51.75250244140625 14 -126.98255157470703
v 49.992446899414062 14 -128.41163635253906
v 50.256824493408203 14 -134.43006896972656
v 50.987892150878906 14 -135.38221740722656
v 58.657112121582031 14 -135.41006469726562
v 59.672096252441406 14 -136.52461242675781
v 15.233402252197266 14 -159.65928649902344
v 15.369933128356934 14 -107.58366394042969
v 59.368088701699236 2.1305845824040901 -141.34042084736595
v 59.368088701699207 0 -141.34042084736598
v 59.368088701699207 14.000000000000007 -141.340420847366
v 59.368088701699236 2.1305845824040901 -141.34042084736595
v 45.740069723188562 0 -159.42957255611282
v 45.740069723188583 0.78930290357948962 -159.42957255611282
v 45.740069723188583 14.000000000000007 -159.42957255611279
v 45.740069723188583 0.78930290357948962 -159.42957255611282
v 47.865466573632403 0 -156.60842693475757
v 45.740069723188562 0 -159.42957255611282
v 47.98557757499303 0 -156.4489975907768
v 47.865466573632403 0 -156.60842693475757
v 51.835404229032264 0 -151.33892997881463
v 47.98557757499303 0 -156.4489975907768
v 59.368088701699207 0 -141.34042084736598
v 51.835404229032264 0 -151.33892997881463
v 45.740069723188583 14.000000000000007 -159.42957255611279
v 47.865466573632432 13.999999999999979 -156.60842693475757
v 47.865466573632432 13.999999999999979 -156.60842693475757
v 47.985577574993016 14.000000000000007 -156.4489975907768
v 51.835404229032235 14.000000000000007 -151.33892997881463
v 51.835404229032235 14.000000000000007 -151.33892997881463
v 59.368088701699207 14.000000000000007 -141.340420847366
vt 0 0
vt 0 0.54821151494979858
vt 0.0625 0
vt 0.0625 0.54821151494979858
vt 0.0625 0
vt 0.0625 0.54821151494979858
vt 0.125 0
vt 0.125 0.54821151494979858
vt 0.125 0
vt 0.125 0.54821151494979858
vt 0.1875 0
vt 0.1875 0.54821151494979858
vt 0.1875 0
vt 0.1875 0.54821151494979858
vt 0.25 0
vt 0.25 0.54821151494979858
vt 0.25 0
vt 0.25 0.54821151494979858
vt 0.3125 0
vt 0.3125 0.54821151494979858
vt 0.3125 0
vt 0.3125 0.54821151494979858
vt 0.375 0
vt 0.375 0.54821151494979858
vt 0.375 0
vt 0.375 0.54821151494979858
vt 0.4375 0
vt 0.4375 0.54821151494979858
vt 0.4375 0
vt 0.4375 0.54821151494979858
vt 0.5 0
vt 0.5 0.54821151494979858
vt 0.5 0
vt 0.5 0.54821151494979858
vt 0.5625 0
vt 0.5625 0.54821151494979858
vt 0.5625 0
vt 0.5625 0.54821151494979858
vt 0.625 0
vt 0.625 0.54821151494979858
vt 0.625 0
vt 0.625 0.54821151494979858
vt 0.875 0
vt 0.875 0.54821151494979858
vt 0.875 0
vt 0.875 0.54821151494979858
vt 0.9375 0
vt 0.9375 0.54821151494979858
vt 0.9375 0
vt 0.9375 0.54821151494979858
vt 1 0
vt 1 0.54821151494979858
vt 0.13581784069538116 1
vt 0.16179455816745758 0.94696849584579468
vt 0.18634390830993652 0.97202032804489136
vt 0.20736144483089447 0.92030316591262817
vt 0.20620174705982208 0.91144567728042603
vt 0.17965973913669586 0.87931323051452637
vt 0.1772521585226059 0.86415761709213257
vt 0.19415706396102905 0.8321460485458374
vt 0.19925966858863831 0.82993805408477783
vt 0.22635164856910706 0.86156868934631348
vt 0.23288552463054657 0.85964399576187134
vt 0.13773311674594879 0.54821205139160156
vt 0 0.83524471521377563
vt 0.13581784069538116 0.54821205139160156
vt 0.16179455816745758 0.60124355554580688
vt 0.18634390830993652 0.57619172334671021
vt 0.20736144483089447 0.62790894508361816
vt 0.20620174705982208 0.63676637411117554
vt 0.17965973913669586 0.6688988208770752
vt 0.1772521585226059 0.68405443429946899
vt 0.19415706396102905 0.71606600284576416
vt 0.19925966858863831 0.71827399730682373
vt 0.22635164856910706 0.68664336204528809
vt 0.23288552463054657 0.68856805562973022
vt 0.13773311674594879 1
vt 0 0.71296733617782593
vt 0.63451153039932251 0.083429351449012756
vt 0.63451153039932251 0
vt 0.63451153039932251 0.54821151494979858
vt 0.63451153039932251 0.083429351449012756
vt 0.81602364778518677 0
vt 0.81602364778518677 0.030907494947314262
vt 0.81602364778518677 0.54821151494979858
vt 0.81602364778518677 0.030907494947314262
vt 0.24459615349769592 0.7002328634262085
vt 0.24459616839885712 0.67590546607971191
vt 0.24459618330001831 0.70160764455795288
vt 0.24459615349769592 0.7002328634262085
vt 0.24459618330001831 0.74567294120788574
vt 0.24459618330001831 0.70160764455795288
vt 0.24459618330001831 0.83189249038696289
vt 0.24459618330001831 0.74567294120788574
vt 0.24459616839885712 0.87230658531188965
vt 0.24459615349769592 0.84797918796539307
vt 0.24459615349769592 0.84797918796539307
vt 0.24459618330001831 0.84660440683364868
vt 0.24459618330001831 0.80253911018371582
vt 0.24459618330001831 0.80253911018371582
vt 0.24459618330001831 0.71631962060928345
vn 0.99997341632843018 0 0.0072878375649452209
vn 0.99997341632843018 0 0.0072878375649452209
vn 0.99997341632843018 0 0.0072878375649452209
vn 0.99997341632843018 0 0.0072878375649452209
vn 0.066761389374732971 0 0.99776899814605713
vn 0.066761389374732971 0 0.99776899814605713
vn 0.066761389374732971 0 0.99776899814605713
vn 0.066761389374732971 0 0.99776899814605713
vn 0.99678522348403931 0 -0.080119840800762177
vn 0.99678522348403931 0 -0.080119840800762177
vn 0.99678522348403931 0 -0.080119840800762177
vn 0.99678522348403931 0 -0.080119840800762177
vn 0.66198998689651489 0 -0.74951267242431641
vn 0.66198998689651489 0 -0.74951267242431641
vn 0.66198998689651489 0 -0.74951267242431641
vn 0.66198998689651489 0 -0.74951267242431641
vn 0.013839587569236755 0 -0.99990421533584595
vn 0.013839587569236755 0 -0.99990421533584595
vn 0.013839587569236755 0 -0.99990421533584595
vn 0.013839587569236755 0 -0.99990421533584595
vn 0.63033860921859741 0 -0.77632033824920654
vn 0.63033860921859741 0 -0.77632033824920654
vn 0.63033860921859741 0 -0.77632033824920654
vn 0.63033860921859741 0 -0.77632033824920654
vn 0.99903655052185059 0 0.043885678052902222
vn 0.99903655052185059 0 0.043885678052902222
vn 0.99903655052185059 0 0.043885678052902222
vn 0.99903655052185059 0 0.043885678052902222
vn 0.79317092895507812 0 0.60899907350540161
vn 0.79317092895507812 0 0.60899907350540161
vn 0.79317092895507812 0 0.60899907350540161
vn 0.79317092895507812 0 0.60899907350540161
vn 0.0036300779320299625 0 0.99999338388442993
vn 0.0036300779320299625 0 0.99999338388442993
vn 0.0036300779320299625 0 0.99999338388442993
vn 0.0036300779320299625 0 0.99999338388442993
vn 0.73936152458190918 0 0.67330867052078247
vn 0.73936152458190918 0 0.67330867052078247
vn 0.73936152458190918 0 0.67330867052078247
vn 0.73936152458190918 0 0.67330867052078247
vn 0.99801343679428101 0 -0.063001640141010284
vn 0.99801343679428101 0 -0.063001640141010284
vn 0.007529787253588438 0 -0.99997162818908691
vn 0.007529787253588438 0 -0.99997162818908691
vn -0.99999654293060303 0 0.0026217850390821695
vn -0.99999654293060303 0 0.0026217850390821695
vn -0.99999654293060303 0 0.0026217850390821695
vn -0.99999654293060303 0 0.0026217850390821695
vn -0.014812959358096123 0 0.99989026784896851
vn -0.014812959358096123 0 0.99989026784896851
vn -0.014812959358096123 0 0.99989026784896851
vn -0.014812959358096123 0 0.99989026784896851
vn 0 -1 0
vn 0 -1 0
vn 0 -1 0
vn 0 -1 0
vn 0 -1 0
vn 0 -1 0
vn 0 -1 0
vn 0 -1 0
vn 0 -1 0
vn 0 -1 0
vn 0 -1 0
vn 0 -1 0
vn 0 -1 0
vn 0 1 0
vn 0 1 0
vn 0 1 0
vn 0 1 0
vn 0 1 0
vn 0 1 0
vn 0 1 0
vn 0 1 0
vn 0 1 0
vn 0 1 0
vn 0 1 0
vn 0 1 0
vn 0 1 0
vn 0.99801343679428101 0 -0.063001640141010284
vn 0.99801343679428101 0 -0.063001640141010284
vn 0.99801343679428101 0 -0.063001640141010284
vn 0.99801343679428101 0 -0.063001640141010284
vn 0.007529787253588438 0 -0.99997162818908691
vn 0.007529787253588438 0 -0.99997162818908691
vn 0.007529787253588438 0 -0.99997162818908691
vn 0.007529787253588438 0 -0.99997162818908691
vn 0 -1 0
vn 0 -1 0
vn 0 -1 0
vn 0 -1 0
vn 0 -1 0
vn 0 -1 0
vn 0 -1 0
vn 0 -1 0
vn 0 1 0
vn 0 1 0
vn 0 1 0
vn 0 1 0
vn 0 1 0
vn 0 1 0
vn 0 1 0
f 1227/1227/1227 1229/1229/1229 1230/1230/1230 1228/1228/1228
f 1231/1231/1231 1233/1233/1233 1234/1234/1234 1232/1232/1232
f 1235/1235/1235 1237/1237/1237 1238/1238/1238 1236/1236/1236
f 1239/1239/1239 1241/1241/1241 1242/1242/1242 1240/1240/1240
f 1243/1243/1243 1245/1245/1245 1246/1246/1246 1244/1244/1244
f 1247/1247/1247 1249/1249/1249 1250/1250/1250 1248/1248/1248
f 1251/1251/1251 1253/1253/1253 1254/1254/1254 1252/1252/1252
f 1255/1255/1255 1257/1257/1257 1258/1258/1258 1256/1256/1256
f 1259/1259/1259 1261/1261/1261 1262/1262/1262 1260/1260/1260
f 1263/1263/1263 1265/1265/1265 1266/1266/1266 1264/1264/1264
f 1271/1271/1271 1273/1273/1273 1274/1274/1274 1272/1272/1272
f 1275/1275/1275 1277/1277/1277 1278/1278/1278 1276/1276/1276
f 1280/1280/1280 1279/1279/1279 1291/1291/1291
f 1284/1284/1284 1283/1283/1283 1280/1280/1280
f 1284/1284/1284 1280/1280/1280 1285/1285/1285
f 1286/1286/1286 1291/1291/1291 1290/1290/1290
f 1291/1291/1291 1286/1286/1286 1285/1285/1285
f 1285/1285/1285 1280/1280/1280 1291/1291/1291
f 1281/1281/1281 1280/1280/1280 1282/1282/1282
f 1280/1280/1280 1283/1283/1283 1282/1282/1282
f 1287/1287/1287 1289/1289/1289 1288/1288/1288
f 1293/1293/1293 1304/1304/1304 1292/1292/1292
f 1297/1297/1297 1293/1293/1293 1296/1296/1296
f 1297/1297/1297 1298/1298/1298 1293/1293/1293
f 1299/1299/1299 1303/1303/1303 1304/1304/1304
f 1304/1304/1304 1298/1298/1298 1299/1299/1299
f 1298/1298/1298 1304/1304/1304 1293/1293/1293
f 1294/1294/1294 1295/1295/1295 1293/1293/1293
f 1293/1293/1293 1295/1295/1295 1296/1296/1296
f 1300/1300/1300 1301/1301/1301 1302/1302/1302
f 1306/1306/1306 1305/1305/1305 1267/1267/1267
f 1268/1268/1268 1267/1267/1267 1308/1308/1308
f 1268/1268/1268 1308/1308/1308 1307/1307/1307
f 1310/1310/1310 1269/1269/1269 1270/1270/1270
f 1309/1309/1309 1269/1269/1269 1310/1310/1310
f 1270/1270/1270 1311/1311/1311 1312/1312/1312
f 1313/1313/1313 1290/1290/1290 1314/1314/1314
f 1290/1290/1290 1313/1313/1313 1286/1286/1286
f 1315/1315/1315 1287/1287/1287 1286/1286/1286
f 1286/1286/1286 1316/1316/1316 1315/1315/1315
f 1287/1287/1287 1317/1317/1317 1289/1289/1289
f 1318/1318/1318 1317/1317/1317 1287/1287/1287
f 1320/1320/1320 1319/1319/1319 1289/1289/1289
f 1303/1303/1303 1299/1299/1299 1322/1322/1322
f 1322/1322/1322 1321/1321/1321 1303/1303/1303
f 1324/1324/1324 1299/1299/1299 1300/1300/1300
f 1299/1299/1299 1324/1324/1324 1323/1323/1323
f 1302/1302/1302 1325/1325/1325 1300/1300/1300
f 1324/1324/1324 1300/1300/1300 1325/1325/1325
f 1327/1327/1327 1326/1326/1326 1302/1302/1302
usemtl Default
v 54.357650756835938 0 -107.00608062744141
v 54.357650756835938 14 -107.00608062744141
v 54.428298950195312 0 -116.69968414306641
v 54.428298950195312 14 -116.69968414306641
v 54.428298950195312 0 -116.69968414306641
v 54.428298950195312 14 -116.69968414306641
v 61.062335968017578 0 -117.14356994628906
v 61.062335968017578 14 -117.14356994628906
v 61.062335968017578 0 -117.14356994628906
v 61.062335968017578 14 -117.14356994628906
v 60.349811553955078 0 -126.00822448730469
v 60.349811553955078 14 -126.00822448730469
v 60.349811553955078 0 -126.00822448730469
v 60.349811553955078 14 -126.00822448730469
v 59.365970611572266 0 -126.87717437744141
v 59.365970611572266 14 -126.87717437744141
v 59.365970611572266 0 -126.87717437744141
v 59.365970611572266 14 -126.87717437744141
v 51.75250244140625 0 -126.98255157470703
v 51.75250244140625 14 -126.98255157470703
v 51.75250244140625 0 -126.98255157470703
v 51.75250244140625 14 -126.98255157470703
v 49.992446899414062 0 -128.41163635253906
v 49.992446899414062 14 -128.41163635253906
v 49.992446899414062 0 -128.41163635253906
v 49.992446899414062 14 -128.41163635253906
v 50.256824493408203 0 -134.43006896972656
v 50.256824493408203 14 -134.43006896972656
v 50.256824493408203 0 -134.43006896972656
v 50.256824493408203 14 -134.43006896972656
v 50.987892150878906 0 -135.38221740722656
v 50.987892150878906 14 -135.38221740722656
v 50.987892150878906 0 -135.38221740722656
v 50.987892150878906 14 -135.38221740722656
v 58.657112121582031 0 -135.41006469726562
v 58.657112121582031 14 -135.41006469726562
v 58.657112121582031 0 -135.41006469726562
v 58.657112121582031 14 -135.41006469726562
v 59.672096252441406 0 -136.52461242675781
v 59.672096252441406 14 -136.52461242675781
v 59.672096252441406 0 -136.52461242675781
v 59.672096252441406 14 -136.52461242675781
v 15.233402252197266 0 -159.65928649902344
v 15.233402252197266 14 -159.65928649902344
v 15.233402252197266 0 -159.65928649902344
v 15.233402252197266 14 -159.65928649902344
v 15.369933128356934 0 -107.58366394042969
v 15.369933128356934 14 -107.58366394042969
v 15.369933128356934 0 -107.58366394042969
v 15.369933128356934 14 -107.58366394042969
v 54.357650756835938 0 -107.00608062744141
v 54.357650756835938 14 -107.00608062744141
v 54.357650756835938 0 -107.00608062744141
v 54.428298950195312 0 -116.69968414306641
v 61.062335968017578 0 -117.14356994628906
v 60.349811553955078 0 -126.00822448730469
v 59.365970611572266 0 -126.87717437744141
v 51.75250244140625 0 -126.98255157470703
v 49.992446899414062 0 -128.41163635253906
v 50.256824493408203 0 -134.43006896972656
v 50.987892150878906 0 -135.38221740722656
v 58.657112121582031 0 -135.41006469726562
v 59.672096252441406 0 -136.52461242675781
v 15.233402252197266 0 -159.65928649902344
v 15.369933128356934 0 -107.58366394042969
v 54.357650756835938 14 -107.00608062744141
v 54.428298950195312 14 -116.69968414306641
v 61.062335968017578 14 -117.14356994628906
v 60.349811553955078 14 -126.00822448730469
v 59.365970611572266 14 -126.87717437744141
v 51.75250244140625 14 -126.98255157470703
v 49.992446899414062 14 -128.41163635253906
v 50.256824493408203 14 -134.43006896972656
v 50.987892150878906 14 -135.38221740722656
v 58.657112121582031 14 -135.41006469726562
v 59.672096252441406 14 -136.52461242675781
v 15.233402252197266 14 -159.65928649902344
v 15.369933128356934 14 -107.58366394042969
v 59.368088701699236 2.1305845824040901 -141.34042084736595
v 59.368088701699207 0 -141.34042084736598
v 59.368088701699207 14.000000000000007 -141.340420847366
v 59.368088701699236 2.1305845824040901 -141.34042084736595
v 45.740069723188562 0 -159.42957255611282
v 45.740069723188583 0.78930290357948962 -159.42957255611282
v 45.740069723188583 14.000000000000007 -159.42957255611279
v 45.740069723188583 0.78930290357948962 -159.42957255611282
v 47.865466573632403 0 -156.60842693475757
v 45.740069723188562 0 -159.42957255611282
v 47.98557757499303 0 -156.4489975907768
v 47.865466573632403 0 -156.60842693475757
v 51.835404229032264 0 -151.33892997881463
v 47.98557757499303 0 -156.4489975907768
v 59.368088701699207 0 -141.34042084736598
v 51.835404229032264 0 -151.33892997881463
v 45.740069723188583 14.000000000000007 -159.42957255611279
v 47.865466573632432 13.999999999999979 -156.60842693475757
v 47.865466573632432 13.999999999999979 -156.60842693475757
v 47.985577574993016 14.000000000000007 -156.4489975907768
v 51.835404229032235 14.000000000000007 -151.33892997881463
v 51.835404229032235 14.000000000000007 -151.33892997881463
v 59.368088701699207 14.000000000000007 -141.340420847366
vt 0 0
vt 0 0.54821151494979858
vt 0.0625 0
vt 0.0625 0.54821151494979858
vt 0.0625 0
vt 0.0625 0.54821151494979858
vt 0.125 0
vt 0.125 0.54821151494979858
vt 0.125 0
vt 0.125 0.54821151494979858
vt 0.1875 0
vt 0.1875 0.54821151494979858
vt 0.1875 0
vt 0.1875 0.54821151494979858
vt 0.25 0
vt 0.25 0.54821151494979858
vt 0.25 0
vt 0.25 0.54821151494979858
vt 0.3125 0
vt 0.3125 0.54821151494979858
vt 0.3125 0
vt 0.3125 0.54821151494979858
vt 0.375 0
vt 0.375 0.54821151494979858
vt 0.375 0
vt 0.375 0.54821151494979858
vt 0.4375 0
vt 0.4375 0.54821151494979858
vt 0.4375 0
vt 0.4375 0.54821151494979858
vt 0.5 0
vt 0.5 0.54821151494979858
vt 0.5 0
vt 0.5 0.54821151494979858
vt 0.5625 0
vt 0.5625 0.54821151494979858
vt 0.5625 0
vt 0.5625 0.54821151494979858
vt 0.625 0
vt 0.625 0.54821151494979858
vt 0.625 0
vt 0.625 0.54821151494979858
vt 0.875 0
vt 0.875 0.54821151494979858
vt 0.875 0
vt 0.875 0.54821151494979858
vt 0.9375 0
vt 0.9375 0.54821151494979858
vt 0.9375 0
vt 0.9375 0.54821151494979858
vt 1 0
vt 1 0.54821151494979858
vt 0.13581784069538116 1
vt 0.16179455816745758 0.94696849584579468
vt 0.18634390830993652 0.97202032804489136
vt 0.20736144483089447 0.92030316591262817
vt 0.20620174705982208 0.91144567728042603
vt 0.17965973913669586 0.87931323051452637
vt 0.1772521585226059 0.86415761709213257
vt 0.19415706396102905 0.8321460485458374
vt 0.19925966858863831 0.82993805408477783
vt 0.22635164856910706 0.86156868934631348
vt 0.23288552463054657 0.85964399576187134
vt 0.13773311674594879 0.54821205139160156
vt 0 0.83524471521377563
vt 0.13581784069538116 0.54821205139160156
vt 0.16179455816745758 0.60124355554580688
vt 0.18634390830993652 0.57619172334671021
vt 0.20736144483089447 0.62790894508361816
vt 0.20620174705982208 0.63676637411117554
vt 0.17965973913669586 0.6688988208770752
vt 0.1772521585226059 0.68405443429946899
vt 0.19415706396102905 0.71606600284576416
vt 0.19925966858863831 0.71827399730682373
vt 0.22635164856910706 0.68664336204528809
vt 0.23288552463054657 0.68856805562973022
vt 0.13773311674594879 1
vt 0 0.71296733617782593
vt 0.63451153039932251 0.083429351449012756
vt 0.63451153039932251 0
vt 0.63451153039932251 0.54821151494979858
vt 0.63451153039932251 0.083429351449012756
vt 0.81602364778518677 0
vt 0.81602364778518677 0.030907494947314262
vt 0.81602364778518677 0.54821151494979858
vt 0.81602364778518677 0.030907494947314262
vt 0.24459615349769592 0.7002328634262085
vt 0.24459616839885712 0.67590546607971191
vt 0.24459618330001831 0.70160764455795288
vt 0.24459615349769592 0.7002328634262085
vt 0.24459618330001831 0.74567294120788574
vt 0.24459618330001831 0.70160764455795288
vt 0.24459618330001831 0.83189249038696289
vt 0.24459618330001831 0.74567294120788574
vt 0.24459616839885712 0.87230658531188965
vt 0.24459615349769592 0.84797918796539307
vt 0.24459615349769592 0.84797918796539307
vt 0.24459618330001831 0.84660440683364868
vt 0.24459618330001831 0.80253911018371582
vt 0.24459618330001831 0.80253911018371582
vt 0.24459618330001831 0.71631962060928345
vn 0.99997341632843018 0 0.0072878375649452209
vn 0.99997341632843018 0 0.0072878375649452209
vn 0.99997341632843018 0 0.0072878375649452209
vn 0.99997341632843018 0 0.0072878375649452209
vn 0.066761389374732971 0 0.99776899814605713
vn 0.066761389374732971 0 0.99776899814605713
vn 0.066761389374732971 0 0.99776899814605713
vn 0.066761389374732971 0 0.99776899814605713
vn 0.99678522348403931 0 -0.080119840800762177
vn 0.99678522348403931 0 -0.080119840800762177
vn 0.99678522348403931 0 -0.080119840800762177
vn 0.99678522348403931 0 -0.080119840800762177
vn 0.66198998689651489 0 -0.74951267242431641
vn 0.66198998689651489 0 -0.74951267242431641
vn 0.66198998689651489 0 -0.74951267242431641
vn 0.66198998689651489 0 -0.74951267242431641
vn 0.013839587569236755 0 -0.99990421533584595
vn 0.013839587569236755 0 -0.99990421533584595
vn 0.013839587569236755 0 -0.99990421533584595
vn 0.013839587569236755 0 -0.99990421533584595
vn 0.63033860921859741 0 -0.77632033824920654
vn 0.63033860921859741 0 -0.77632033824920654
vn 0.63033860921859741 0 -0.77632033824920654
vn 0.63033860921859741 0 -0.77632033824920654
vn 0.99903655052185059 0 0.043885678052902222
vn 0.99903655052185059 0 0.043885678052902222
vn 0.99903655052185059 0 0.043885678052902222
vn 0.99903655052185059 0 0.043885678052902222
vn 0.79317092895507812 0 0.60899907350540161
vn 0.79317092895507812 0 0.60899907350540161
vn 0.79317092895507812 0 0.60899907350540161
vn 0.79317092895507812 0 0.60899907350540161
vn 0.0036300779320299625 0 0.99999338388442993
vn 0.0036300779320299625 0 0.99999338388442993
vn 0.0036300779320299625 0 0.99999338388442993
vn 0.0036300779320299625 0 0.99999338388442993
vn 0.73936152458190918 0 0.67330867052078247
vn 0.73936152458190918 0 0.67330867052078247
vn 0.73936152458190918 0 0.67330867052078247
vn 0.73936152458190918 0 0.67330867052078247
vn 0.99801343679428101 0 -0.063001640141010284
vn 0.99801343679428101 0 -0.063001640141010284
vn 0.007529787253588438 0 -0.99997162818908691
vn 0.007529787253588438 0 -0.99997162818908691
vn -0.99999654293060303 0 0.0026217850390821695
vn -0.99999654293060303 0 0.0026217850390821695
vn -0.99999654293060303 0 0.0026217850390821695
vn -0.99999654293060303 0 0.0026217850390821695
vn -0.014812959358096123 0 0.99989026784896851
vn -0.014812959358096123 0 0.99989026784896851
vn -0.014812959358096123 0 0.99989026784896851
vn -0.014812959358096123 0 0.99989026784896851
vn 0 -1 0
vn 0 -1 0
vn 0 -1 0
vn 0 -1 0
vn 0 -1 0
vn 0 -1 0
vn 0 -1 0
vn 0 -1 0
vn 0 -1 0
vn 0 -1 0
vn 0 -1 0
vn 0 -1 0
vn 0 -1 0
vn 0 1 0
vn 0 1 0
vn 0 1 0
vn 0 1 0
vn 0 1 0
vn 0 1 0
vn 0 1 0
vn 0 1 0
vn 0 1 0
vn 0 1 0
vn 0 1 0
vn 0 1 0
vn 0 1 0
vn 0.99801343679428101 0 -0.063001640141010284
vn 0.99801343679428101 0 -0.063001640141010284
vn 0.99801343679428101 0 -0.063001640141010284
vn 0.99801343679428101 0 -0.063001640141010284
vn 0.007529787253588438 0 -0.99997162818908691
vn 0.007529787253588438 0 -0.99997162818908691
vn 0.007529787253588438 0 -0.99997162818908691
vn 0.007529787253588438 0 -0.99997162818908691
vn 0 -1 0
vn 0 -1 0
vn 0 -1 0
vn 0 -1 0
vn 0 -1 0
vn 0 -1 0
vn 0 -1 0
vn 0 -1 0
vn 0 1 0
vn 0 1 0
vn 0 1 0
vn 0 1 0
vn 0 1 0
vn 0 1 0
vn 0 1 0
f 1328/1328/1328 1330/1330/1330 1331/1331/1331 1329/1329/1329
f 1332/1332/1332 1334/1334/1334 1335/1335/1335 1333/1333/1333
f 1336/1336/1336 1338/1338/1338 1339/1339/1339 1337/1337/1337
f 1340/1340/1340 1342/1342/1342 1343/1343/1343 1341/1341/1341
f 1344/1344/1344 1346/1346/1346 1347/1347/1347 1345/1345/1345
f 1348/1348/1348 1350/1350/1350 1351/1351/1351 1349/1349/1349
f 1352/1352/1352 1354/1354/1354 1355/1355/1355 1353/1353/1353
f 1356/1356/1356 1358/1358/1358 1359/1359/1359 1357/1357/1357
f 1360/1360/1360 1362/1362/1362 1363/1363/1363 1361/1361/1361
f 1364/1364/1364 1366/1366/1366 1367/1367/1367 1365/1365/1365
f 1372/1372/1372 1374/1374/1374 1375/1375/1375 1373/1373/1373
f 1376/1376/1376 1378/1378/1378 1379/1379/1379 1377/1377/1377
f 1381/1381/1381 1380/1380/1380 1392/1392/1392
f 1385/1385/1385 1384/1384/1384 1381/1381/1381
f 1385/1385/1385 1381/1381/1381 1386/1386/1386
f 1387/1387/1387 1392/1392/1392 1391/1391/1391
f 1392/1392/1392 1387/1387/1387 1386/1386/1386
f 1386/1386/1386 1381/1381/1381 1392/1392/1392
f 1382/1382/1382 1381/1381/1381 1383/1383/1383
f 1381/1381/1381 1384/1384/1384 1383/1383/1383
f 1388/1388/1388 1390/1390/1390 1389/1389/1389
f 1394/1394/1394 1405/1405/1405 1393/1393/1393
f 1398/1398/1398 1394/1394/1394 1397/1397/1397
f 1398/1398/1398 1399/1399/1399 1394/1394/1394
f 1400/1400/1400 1404/1404/1404 1405/1405/1405
f 1405/1405/1405 1399/1399/1399 1400/1400/1400
f 1399/1399/1399 1405/1405/1405 1394/1394/1394
f 1395/1395/1395 1396/1396/1396 1394/1394/1394
f 1394/1394/1394 1396/1396/1396 1397/1397/1397
f 1401/1401/1401 1402/1402/1402 1403/1403/1403
f 1407/1407/1407 1406/1406/1406 1368/1368/1368
f 1369/1369/1369 1368/1368/1368 1409/1409/1409
f 1369/1369/1369 1409/1409/1409 1408/1408/1408
f 1411/1411/1411 1370/1370/1370 1371/1371/1371
f 1410/1410/1410 1370/1370/1370 1411/1411/1411
f 1371/1371/1371 1412/1412/1412 1413/1413/1413
f 1414/1414/1414 1391/1391/1391 1415/1415/1415
f 1391/1391/1391 1414/1414/1414 1387/1387/1387
f 1416/1416/1416 1388/1388/1388 1387/1387/1387
f 1387/1387/1387 1417/1417/1417 1416/1416/1416
f 1388/1388/1388 1418/1418/1418 1390/1390/1390
f 1419/1419/1419 1418/1418/1418 1388/1388/1388
f 1421/1421/1421 1420/1420/1420 1390/1390/1390
f 1404/1404/1404 1400/1400/1400 1423/1423/1423
f 1423/1423/1423 1422/1422/1422 1404/1404/1404
f 1425/1425/1425 1400/1400/1400 1401/1401/1401
f 1400/1400/1400 1425/1425/1425 1424/1424/1424
f 1403/1403/1403 1426/1426/1426 1401/1401/1401
f 1425/1425/1425 1401/1401/1401 1426/1426/1426
f 1428/1428/1428 1427/1427/1427 1403/1403/1403
usemtl Default
v 91.669288635253906 0 -90.608100891113281
v 91.669288635253906 13.800000190734863 -90.608100891113281
v 91.669288635253906 0 -90.608100891113281
v 91.669288635253906 13.800000190734863 -90.608100891113281
v 91.669288635253906 0 -90.608100891113281
v 91.669288635253906 13.800000190734863 -90.608100891113281
v 91.013476769231119 0 -99.335913329552852
v 91.013476769231133 3.7730499400135784 -99.335913329552838
v 91.013476769231133 3.7730499400135784 -99.335913329552838
v 91.013476769231133 13.800000190734877 -99.335913329552838
v 97.658893998308855 3.7250520463826717 -90.515118420603869
v 97.658893998308841 0 -90.515118420603869
v 97.658893998308827 13.80000019073486 -90.515118420603869
v 97.658893998308855 10.499477960172243 -90.515118420603869
v 97.658893998308855 3.7250520463826717 -90.515118420603869
v 91.013476769231119 0 -99.335913329552852
v 95.671400605161296 0 -93.153217880655163
v 97.658893998308841 0 -90.515118420603869
v 91.013476769231133 13.800000190734877 -99.335913329552838
v 94.887611502365445 13.800000190734856 -94.193580387523824
v 95.67140060516131 13.800000190734865 -93.153217880655163
v 95.67140060516131 13.800000190734865 -93.153217880655163
v 97.658893998308827 13.80000019073486 -90.515118420603869
vt 0.75 0
vt 0.75 0.61250871419906616
vt 0.75 0
vt 0.75 0.61250871419906616
vt 0 0.7778017520904541
vt 0.64263373613357544 0.83470749855041504
vt 0.5683523416519165 0
vt 0.5683523416519165 0.16746565699577332
vt 0.5683523416519165 0.16746565699577332
vt 0.5683523416519165 0.61250871419906616
vt 0.81748282909393311 0.1653352826833725
vt 0.81748282909393311 0
vt 0.81748282909393311 0.61250871419906616
vt 0.81748282909393311 0.46601605415344238
vt 0.81748282909393311 0.1653352826833725
vt 0.067147828638553619 0.65770184993743896
vt 0.067147806286811829 0.78392273187637329
vt 0.067147821187973022 0.83777999877929688
vt 0.70978152751922607 0.95480746030807495
vt 0.70978152751922607 0.84982573986053467
vt 0.70978152751922607 0.82858657836914062
vt 0.70978152751922607 0.82858657836914062
vt 0.70978152751922607 0.77472925186157227
vn -0.99718886613845825 0 0.074929088354110718
vn -0.99718886613845825 0 0.074929088354110718
vn -0.01552215963602066 0 0.99987953901290894
vn -0.01552215963602066 0 0.99987953901290894
vn 0 -1 0
vn 0 1 0
vn -0.99718886613845825 0 0.074929088354110718
vn -0.99718886613845825 0 0.074929088354110718
vn -0.99718886613845825 0 0.074929088354110718
vn -0.99718886613845825 0 0.074929088354110718
vn -0.015522158704698086 0 0.99987953901290894
vn -0.015522158704698086 0 0.99987953901290894
vn -0.015522158704698086 0 0.99987953901290894
vn -0.015522158704698086 0 0.99987953901290894
vn -0.015522158704698086 0 0.99987953901290894
vn 0 -1 0
vn 0 -1 0
vn 0 -1 0
vn 0 1 0
vn 0 1 0
vn 0 1 0
vn 0 1 0
vn 0 1 0
f 1430/1430/1430 1436/1436/1436 1429/1429/1429
f 1435/1435/1435 1429/1429/1429 1436/1436/1436
f 1430/1430/1430 1438/1438/1438 1437/1437/1437
f 1439/1439/1439 1431/1431/1431 1440/1440/1440
f 1432/1432/1432 1431/1431/1431 1443/1443/1443
f 1442/1442/1442 1432/1432/1432 1443/1443/1443
f 1432/1432/1432 1442/1442/1442 1441/1441/1441
f 1444/1444/1444 1445/1445/1445 1433/1433/1433
f 1446/1446/1446 1433/1433/1433 1445/1445/1445
f 1434/1434/1434 1449/1449/1449 1448/1448/1448
f 1434/1434/1434 1448/1448/1448 1447/1447/1447
f 1451/1451/1451 1450/1450/1450 1434/1434/1434
usemtl Default
v 91.669288635253906 0 -90.608100891113281
v 91.669288635253906 13.800000190734863 -90.608100891113281
v 91.669288635253906 0 -90.608100891113281
v 91.669288635253906 13.800000190734863 -90.608100891113281
v 91.669288635253906 0 -90.608100891113281
v 91.669288635253906 13.800000190734863 -90.608100891113281
v 91.013476769231119 0 -99.335913329552852
v 91.013476769231133 3.7730499400135784 -99.335913329552838
v 91.013476769231133 3.7730499400135784 -99.335913329552838
v 91.013476769231133 13.800000190734877 -99.335913329552838
v 97.658893998308855 3.7250520463826717 -90.515118420603869
v 97.658893998308841 0 -90.515118420603869
v 97.658893998308827 13.80000019073486 -90.515118420603869
v 97.658893998308855 10.499477960172243 -90.515118420603869
v 97.658893998308855 3.7250520463826717 -90.515118420603869
v 91.013476769231119 0 -99.335913329552852
v 95.671400605161296 0 -93.153217880655163
v 97.658893998308841 0 -90.515118420603869
v 91.013476769231133 13.800000190734877 -99.335913329552838
v 94.887611502365445 13.800000190734856 -94.193580387523824
v 95.67140060516131 13.800000190734865 -93.153217880655163
v 95.67140060516131 13.800000190734865 -93.153217880655163
v 97.658893998308827 13.80000019073486 -90.515118420603869
vt 0.75 0
vt 0.75 0.61250871419906616
vt 0.75 0
vt 0.75 0.61250871419906616
vt 0 0.7778017520904541
vt 0.64263373613357544 0.83470749855041504
vt 0.5683523416519165 0
vt 0.5683523416519165 0.16746565699577332
vt 0.5683523416519165 0.16746565699577332
vt 0.5683523416519165 0.61250871419906616
vt 0.81748282909393311 0.1653352826833725
vt 0.81748282909393311 0
vt 0.81748282909393311 0.61250871419906616
vt 0.81748282909393311 0.46601605415344238
vt 0.81748282909393311 0.1653352826833725
vt 0.067147828638553619 0.65770184993743896
vt 0.067147806286811829 0.78392273187637329
vt 0.067147821187973022 0.83777999877929688
vt 0.70978152751922607 0.95480746030807495
vt 0.70978152751922607 0.84982573986053467
vt 0.70978152751922607 0.82858657836914062
vt 0.70978152751922607 0.82858657836914062
vt 0.70978152751922607 0.77472925186157227
vn -0.99718886613845825 0 0.074929088354110718
vn -0.99718886613845825 0 0.074929088354110718
vn -0.01552215963602066 0 0.99987953901290894
vn -0.01552215963602066 0 0.99987953901290894
vn 0 -1 0
vn 0 1 0
vn -0.99718886613845825 0 0.074929088354110718
vn -0.99718886613845825 0 0.074929088354110718
vn -0.99718886613845825 0 0.074929088354110718
vn -0.99718886613845825 0 0.074929088354110718
vn -0.015522158704698086 0 0.99987953901290894
vn -0.015522158704698086 0 0.99987953901290894
vn -0.015522158704698086 0 0.99987953901290894
vn -0.015522158704698086 0 0.99987953901290894
vn -0.015522158704698086 0 0.99987953901290894
vn 0 -1 0
vn 0 -1 0
vn 0 -1 0
vn 0 1 0
vn 0 1 0
vn 0 1 0
vn 0 1 0
vn 0 1 0
f 1453/1453/1453 1459/1459/1459 1452/1452/1452
f 1458/1458/1458 1452/1452/1452 1459/1459/1459
f 1453/1453/1453 1461/1461/1461 1460/1460/1460
f 1462/1462/1462 1454/1454/1454 1463/1463/1463
f 1455/1455/1455 1454/1454/1454 1466/1466/1466
f 1465/1465/1465 1455/1455/1455 1466/1466/1466
f 1455/1455/1455 1465/1465/1465 1464/1464/1464
f 1467/1467/1467 1468/1468/1468 1456/1456/1456
f 1469/1469/1469 1456/1456/1456 1468/1468/1468
f 1457/1457/1457 1472/1472/1472 1471/1471/1471
f 1457/1457/1457 1471/1471/1471 1470/1470/1470
f 1474/1474/1474 1473/1473/1473 1457/1457/1457
usemtl Default
v 91.669288635253906 0 -90.608100891113281
v 91.669288635253906 21.700000762939453 -90.608100891113281
v 91.669288635253906 0 -90.608100891113281
v 91.669288635253906 21.700000762939453 -90.608100891113281
v 92.806678771972656 0 -75.204811096191406
v 92.806678771972656 21.700000762939453 -75.204811096191406
v 92.806678771972656 0 -75.204811096191406
v 92.806678771972656 21.700000762939453 -75.204811096191406
v 91.669288635253906 0 -90.608100891113281
v 92.806678771972656 0 -75.204811096191406
v 91.669288635253906 21.700000762939453 -90.608100891113281
v 92.806678771972656 21.700000762939453 -75.204811096191406
v 97.658893998308841 0 -90.515118420603869
v 97.658893998308855 10.499477960172243 -90.515118420603869
v 97.658893998308855 15.842491260674104 -90.515118420603855
v 97.658893998308855 15.842491260674104 -90.515118420603855
v 97.658893998308827 21.700000762939446 -90.515118420603855
v 109.02762997032717 8.9080344013022952 -75.424826129493368
v 109.02762997032714 0 -75.424826129493411
v 109.02762997032715 21.70000076293945 -75.424826129493383
v 109.02762997032717 8.9080344013022952 -75.424826129493368
v 103.45496502254399 0 -82.821703241377335
v 97.658893998308841 0 -90.515118420603869
v 103.45496502254399 0 -82.821703241377335
v 109.02762997032714 0 -75.424826129493411
v 106.47477750248052 0 -78.813354987117066
v 97.658893998308827 21.700000762939446 -90.515118420603855
v 103.45496502254399 21.700000762939446 -82.821703241377321
v 103.45496502254399 21.700000762939446 -82.821703241377321
v 109.02762997032715 21.70000076293945 -75.424826129493383
vt 0.60000002384185791 0
vt 0.60000002384185791 0.61497074365615845
vt 0.60000002384185791 0
vt 0.60000002384185791 0.61497074365615845
vt 0.80000001192092896 0
vt 0.80000001192092896 0.61497074365615845
vt 0.80000001192092896 0
vt 0.80000001192092896 0.61497074365615845
vt 0.076255634427070618 0.6149713397026062
vt 0 0.75258731842041016
vt 0.076255634427070618 1
vt 0 0.86238402128219604
vt 0.54601377248764038 0
vt 0.54601371288299561 0.29755169153213501
vt 0.54601377248764038 0.44897088408470154
vt 0.54601377248764038 0.44897088408470154
vt 0.54601377248764038 0.61497074365615845
vt 0.88210171461105347 0.25245070457458496
vt 0.88210171461105347 0
vt 0.88210171461105347 0.61497080326080322
vt 0.88210171461105347 0.25245070457458496
vt 0.11938096582889557 0.75601768493652344
vt 0.11938096582889557 0.65394890308380127
vt 0.11938096582889557 0.75601768493652344
vt 0.11938093602657318 0.85415232181549072
vt 0.11938095092773438 0.8091965913772583
vt 0.11938096582889557 0.96102249622344971
vt 0.11938096582889557 0.85895359516143799
vt 0.11938096582889557 0.85895359516143799
vt 0.11938093602657318 0.76081901788711548
vn 0.01552215963602066 0 -0.99987953901290894
vn 0.01552215963602066 0 -0.99987953901290894
vn -0.99728488922119141 0 0.073640234768390656
vn -0.99728488922119141 0 0.073640234768390656
vn -0.99728488922119141 0 0.073640234768390656
vn -0.99728488922119141 0 0.073640234768390656
vn 0.013562334701418877 0 0.99990803003311157
vn 0.013562334701418877 0 0.99990803003311157
vn 0 -1 0
vn 0 -1 0
vn 0 1 0
vn 0 1 0
vn 0.015522158704698086 0 -0.99987953901290894
vn 0.01552215963602066 0 -0.99987953901290894
vn 0.015522158704698086 0 -0.99987953901290894
vn 0.015522158704698086 0 -0.99987953901290894
vn 0.015522158704698086 0 -0.99987953901290894
vn 0.013562334701418877 0 0.99990803003311157
vn 0.013562334701418877 0 0.99990803003311157
vn 0.013562334701418877 0 0.99990803003311157
vn 0.013562334701418877 0 0.99990803003311157
vn 0 -1 0
vn 0 -1 0
vn 0 -1 0
vn 0 -1 0
vn 0 -1 0
vn 0 1 0
vn 0 1 0
vn 0 1 0
vn 0 1 0
f 1477/1477/1477 1479/1479/1479 1480/1480/1480 1478/1478/1478
f 1476/1476/1476 1489/1489/1489 1488/1488/1488
f 1488/1488/1488 1475/1475/1475 1476/1476/1476
f 1487/1487/1487 1475/1475/1475 1488/1488/1488
f 1491/1491/1491 1490/1490/1490 1476/1476/1476
f 1492/1492/1492 1481/1481/1481 1493/1493/1493
f 1495/1495/1495 1482/1482/1482 1481/1481/1481
f 1482/1482/1482 1495/1495/1495 1494/1494/1494
f 1483/1483/1483 1497/1497/1497 1484/1484/1484
f 1496/1496/1496 1484/1484/1484 1497/1497/1497
f 1500/1500/1500 1484/1484/1484 1498/1498/1498
f 1499/1499/1499 1484/1484/1484 1500/1500/1500
f 1486/1486/1486 1501/1501/1501 1485/1485/1485
f 1502/1502/1502 1501/1501/1501 1486/1486/1486
f 1504/1504/1504 1503/1503/1503 1486/1486/1486
usemtl Default
v 91.669288635253906 0 -90.608100891113281
v 91.669288635253906 21.700000762939453 -90.608100891113281
v 91.669288635253906 0 -90.608100891113281
v 91.669288635253906 21.700000762939453 -90.608100891113281
v 92.806678771972656 0 -75.204811096191406
v 92.806678771972656 21.700000762939453 -75.204811096191406
v 92.806678771972656 0 -75.204811096191406
v 92.806678771972656 21.700000762939453 -75.204811096191406
v 91.669288635253906 0 -90.608100891113281
v 92.806678771972656 0 -75.204811096191406
v 91.669288635253906 21.700000762939453 -90.608100891113281
v 92.806678771972656 21.700000762939453 -75.204811096191406
v 97.658893998308841 0 -90.515118420603869
v 97.658893998308855 10.499477960172243 -90.515118420603869
v 97.658893998308855 15.842491260674104 -90.515118420603855
v 97.658893998308855 15.842491260674104 -90.515118420603855
v 97.658893998308827 21.700000762939446 -90.515118420603855
v 109.02762997032717 8.9080344013022952 -75.424826129493368
v 109.02762997032714 0 -75.424826129493411
v 109.02762997032715 21.70000076293945 -75.424826129493383
v 109.02762997032717 8.9080344013022952 -75.424826129493368
v 103.45496502254399 0 -82.821703241377335
v 97.658893998308841 0 -90.515118420603869
v 103.45496502254399 0 -82.821703241377335
v 109.02762997032714 0 -75.424826129493411
v 106.47477750248052 0 -78.813354987117066
v 97.658893998308827 21.700000762939446 -90.515118420603855
v 103.45496502254399 21.700000762939446 -82.821703241377321
v 103.45496502254399 21.700000762939446 -82.821703241377321
v 109.02762997032715 21.70000076293945 -75.424826129493383
vt 0.60000002384185791 0
vt 0.60000002384185791 0.61497074365615845
vt 0.60000002384185791 0
vt 0.60000002384185791 0.61497074365615845
vt 0.80000001192092896 0
vt 0.80000001192092896 0.61497074365615845
vt 0.80000001192092896 0
vt 0.80000001192092896 0.61497074365615845
vt 0.076255634427070618 0.6149713397026062
vt 0 0.75258731842041016
vt 0.076255634427070618 1
vt 0 0.86238402128219604
vt 0.54601377248764038 0
vt 0.54601371288299561 0.29755169153213501
vt 0.54601377248764038 0.44897088408470154
vt 0.54601377248764038 0.44897088408470154
vt 0.54601377248764038 0.61497074365615845
vt 0.88210171461105347 0.25245070457458496
vt 0.88210171461105347 0
vt 0.88210171461105347 0.61497080326080322
vt 0.88210171461105347 0.25245070457458496
vt 0.11938096582889557 0.75601768493652344
vt 0.11938096582889557 0.65394890308380127
vt 0.11938096582889557 0.75601768493652344
vt 0.11938093602657318 0.85415232181549072
vt 0.11938095092773438 0.8091965913772583
vt 0.11938096582889557 0.96102249622344971
vt 0.11938096582889557 0.85895359516143799
vt 0.11938096582889557 0.85895359516143799
vt 0.11938093602657318 0.76081901788711548
vn 0.01552215963602066 0 -0.99987953901290894
vn 0.01552215963602066 0 -0.99987953901290894
vn -0.99728488922119141 0 0.073640234768390656
vn -0.99728488922119141 0 0.073640234768390656
vn -0.99728488922119141 0 0.073640234768390656
vn -0.99728488922119141 0 0.073640234768390656
vn 0.013562334701418877 0 0.99990803003311157
vn 0.013562334701418877 0 0.99990803003311157
vn 0 -1 0
vn 0 -1 0
vn 0 1 0
vn 0 1 0
vn 0.015522158704698086 0 -0.99987953901290894
vn 0.01552215963602066 0 -0.99987953901290894
vn 0.015522158704698086 0 -0.99987953901290894
vn 0.015522158704698086 0 -0.99987953901290894
vn 0.015522158704698086 0 -0.99987953901290894
vn 0.013562334701418877 0 0.99990803003311157
vn 0.013562334701418877 0 0.99990803003311157
vn 0.013562334701418877 0 0.99990803003311157
vn 0.013562334701418877 0 0.99990803003311157
vn 0 -1 0
vn 0 -1 0
vn 0 -1 0
vn 0 -1 0
vn 0 -1 0
vn 0 1 0
vn 0 1 0
vn 0 1 0
vn 0 1 0
f 1507/1507/1507 1509/1509/1509 1510/1510/1510 1508/1508/1508
f 1506/1506/1506 1519/1519/1519 1518/1518/1518
f 1518/1518/1518 1505/1505/1505 1506/1506/1506
f 1517/1517/1517 1505/1505/1505 1518/1518/1518
f 1521/1521/1521 1520/1520/1520 1506/1506/1506
f 1522/1522/1522 1511/1511/1511 1523/1523/1523
f 1525/1525/1525 1512/1512/1512 1511/1511/1511
f 1512/1512/1512 1525/1525/1525 1524/1524/1524
f 1513/1513/1513 1527/1527/1527 1514/1514/1514
f 1526/1526/1526 1514/1514/1514 1527/1527/1527
f 1530/1530/1530 1514/1514/1514 1528/1528/1528
f 1529/1529/1529 1514/1514/1514 1530/1530/1530
f 1516/1516/1516 1531/1531/1531 1515/1515/1515
f 1532/1532/1532 1531/1531/1531 1516/1516/1516
f 1534/1534/1534 1533/1533/1533 1516/1516/1516
usemtl Default
v 92.806678771972656 0 -75.204811096191406
v 92.806678771972656 14.300000190734863 -75.204811096191406
v 92.806678771972656 0 -75.204811096191406
v 92.806678771972656 14.300000190734863 -75.204811096191406
v 94.210784912109375 0 -55.464897155761719
v 94.210784912109375 14.300000190734863 -55.464897155761719
v 94.210784912109375 0 -55.464897155761719
v 94.210784912109375 14.300000190734863 -55.464897155761719
v 92.806678771972656 0 -75.204811096191406
v 94.210784912109375 0 -55.464897155761719
v 92.806678771972656 14.300000190734863 -75.204811096191406
v 94.210784912109375 14.300000190734863 -55.464897155761719
v 109.02762997032714 0 -75.424826129493411
v 109.02762997032717 8.4297288009176192 -75.424826129493397
v 109.02762997032714 14.300000190734881 -75.424826129493411
v 123.74448323042074 10.697207058869504 -55.89041017975191
v 123.74448323042074 0 -55.89041017975191
v 123.74448323042074 14.300000190734877 -55.89041017975191
v 109.02762997032714 0 -75.424826129493411
v 115.52273097718293 0 -66.803553466026031
v 123.74448323042074 0 -55.89041017975191
v 115.52273097718293 0 -66.803553466026031
v 109.02762997032714 14.300000190734881 -75.424826129493411
v 115.52273097718293 14.300000190734863 -66.803553466026031
v 115.52273097718293 14.300000190734863 -66.803553466026031
v 123.74448323042074 14.300000190734877 -55.89041017975191
vt 0.5 0
vt 0.5 0.57596105337142944
vt 0.5 0
vt 0.5 0.57596105337142944
vt 0.75 0
vt 0.75 0.57596105337142944
vt 0.75 0
vt 0.75 0.57596105337142944
vt 0.090736754238605499 0.57596158981323242
vt 0 0.75243830680847168
vt 0.73105490207672119 1
vt 0.64031815528869629 0.82352328300476074
vt 0.39737290143966675 0
vt 0.39737290143966675 0.33952417969703674
vt 0.39737290143966675 0.57596111297607422
vt 0.93701410293579102 0.43085137009620667
vt 0.93701410293579102 0
vt 0.93701410293579102 0.57596105337142944
vt 0.20114099979400635 0.67779070138931274
vt 0.20114098489284515 0.79246681928634644
vt 0.20114104449748993 0.93762838840484619
vt 0.20114098489284515 0.79246681928634644
vt 0.84145915508270264 0.89817094802856445
vt 0.84145915508270264 0.78349471092224121
vt 0.84145915508270264 0.78349471092224121
vt 0.84145921468734741 0.63833314180374146
vn -0.013562334701418877 0 -0.99990803003311157
vn -0.013562334701418877 0 -0.99990803003311157
vn -0.99747979640960693 0 0.070950984954833984
vn -0.99747979640960693 0 0.070950984954833984
vn -0.99747979640960693 0 0.070950984954833984
vn -0.99747979640960693 0 0.070950984954833984
vn 0.014406218193471432 0 0.99989622831344604
vn 0.014406218193471432 0 0.99989622831344604
vn 0 -1 0
vn 0 -1 0
vn 0 1 0
vn 0 1 0
vn -0.013562334701418877 0 -0.99990803003311157
vn -0.013562334701418877 0 -0.99990803003311157
vn -0.013562334701418877 0 -0.99990803003311157
vn 0.014406218193471432 0 0.99989622831344604
vn 0.014406218193471432 0 0.99989622831344604
vn 0.014406218193471432 0 0.99989622831344604
vn 0 -1 0
vn 0 -1 0
vn 0 -1 0
vn 0 -1 0
vn 0 1 0
vn 0 1 0
vn 0 1 0
vn 0 1 0
f 1537/1537/1537 1539/1539/1539 1540/1540/1540 1538/1538/1538
f 1548/1548/1548 1535/1535/1535 1536/1536/1536
f 1547/1547/1547 1535/1535/1535 1548/1548/1548
f 1549/1549/1549 1548/1548/1548 1536/1536/1536
f 1550/1550/1550 1541/1541/1541 1551/1551/1551
f 1550/1550/1550 1542/1542/1542 1541/1541/1541
f 1542/1542/1542 1550/1550/1550 1552/1552/1552
f 1543/1543/1543 1553/1553/1553 1544/1544/1544
f 1554/1554/1554 1544/1544/1544 1553/1553/1553
f 1555/1555/1555 1544/1544/1544 1556/1556/1556
f 1546/1546/1546 1557/1557/1557 1545/1545/1545
f 1558/1558/1558 1557/1557/1557 1546/1546/1546
f 1560/1560/1560 1559/1559/1559 1546/1546/1546
usemtl Default
v 92.806678771972656 0 -75.204811096191406
v 92.806678771972656 14.300000190734863 -75.204811096191406
v 92.806678771972656 0 -75.204811096191406
v 92.806678771972656 14.300000190734863 -75.204811096191406
v 94.210784912109375 0 -55.464897155761719
v 94.210784912109375 14.300000190734863 -55.464897155761719
v 94.210784912109375 0 -55.464897155761719
v 94.210784912109375 14.300000190734863 -55.464897155761719
v 92.806678771972656 0 -75.204811096191406
v 94.210784912109375 0 -55.464897155761719
v 92.806678771972656 14.300000190734863 -75.204811096191406
v 94.210784912109375 14.300000190734863 -55.464897155761719
v 109.02762997032714 0 -75.424826129493411
v 109.02762997032717 8.4297288009176192 -75.424826129493397
v 109.02762997032714 14.300000190734881 -75.424826129493411
v 123.74448323042074 10.697207058869504 -55.89041017975191
v 123.74448323042074 0 -55.89041017975191
v 123.74448323042074 14.300000190734877 -55.89041017975191
v 109.02762997032714 0 -75.424826129493411
v 115.52273097718293 0 -66.803553466026031
v 123.74448323042074 0 -55.89041017975191
v 115.52273097718293 0 -66.803553466026031
v 109.02762997032714 14.300000190734881 -75.424826129493411
v 115.52273097718293 14.300000190734863 -66.803553466026031
v 115.52273097718293 14.300000190734863 -66.803553466026031
v 123.74448323042074 14.300000190734877 -55.89041017975191
vt 0.5 0
vt 0.5 0.57596105337142944
vt 0.5 0
vt 0.5 0.57596105337142944
vt 0.75 0
vt 0.75 0.57596105337142944
vt 0.75 0
vt 0.75 0.57596105337142944
vt 0.090736754238605499 0.57596158981323242
vt 0 0.75243830680847168
vt 0.73105490207672119 1
vt 0.64031815528869629 0.82352328300476074
vt 0.39737290143966675 0
vt 0.39737290143966675 0.33952417969703674
vt 0.39737290143966675 0.57596111297607422
vt 0.93701410293579102 0.43085137009620667
vt 0.93701410293579102 0
vt 0.93701410293579102 0.57596105337142944
vt 0.20114099979400635 0.67779070138931274
vt 0.20114098489284515 0.79246681928634644
vt 0.20114104449748993 0.93762838840484619
vt 0.20114098489284515 0.79246681928634644
vt 0.84145915508270264 0.89817094802856445
vt 0.84145915508270264 0.78349471092224121
vt 0.84145915508270264 0.78349471092224121
vt 0.84145921468734741 0.63833314180374146
vn -0.013562334701418877 0 -0.99990803003311157
vn -0.013562334701418877 0 -0.99990803003311157
vn -0.99747979640960693 0 0.070950984954833984
vn -0.99747979640960693 0 0.070950984954833984
vn -0.99747979640960693 0 0.070950984954833984
vn -0.99747979640960693 0 0.070950984954833984
vn 0.014406218193471432 0 0.99989622831344604
vn 0.014406218193471432 0 0.99989622831344604
vn 0 -1 0
vn 0 -1 0
vn 0 1 0
vn 0 1 0
vn -0.013562334701418877 0 -0.99990803003311157
vn -0.013562334701418877 0 -0.99990803003311157
vn -0.013562334701418877 0 -0.99990803003311157
vn 0.014406218193471432 0 0.99989622831344604
vn 0.014406218193471432 0 0.99989622831344604
vn 0.014406218193471432 0 0.99989622831344604
vn 0 -1 0
vn 0 -1 0
vn 0 -1 0
vn 0 -1 0
vn 0 1 0
vn 0 1 0
vn 0 1 0
vn 0 1 0
f 1563/1563/1563 1565/1565/1565 1566/1566/1566 1564/1564/1564
f 1574/1574/1574 1561/1561/1561 1562/1562/1562
f 1573/1573/1573 1561/1561/1561 1574/1574/1574
f 1575/1575/1575 1574/1574/1574 1562/1562/1562
f 1576/1576/1576 1567/1567/1567 1577/1577/1577
f 1576/1576/1576 1568/1568/1568 1567/1567/1567
f 1568/1568/1568 1576/1576/1576 1578/1578/1578
f 1569/1569/1569 1579/1579/1579 1570/1570/1570
f 1580/1580/1580 1570/1570/1570 1579/1579/1579
f 1581/1581/1581 1570/1570/1570 1582/1582/1582
f 1572/1572/1572 1583/1583/1583 1571/1571/1571
f 1584/1584/1584 1583/1583/1583 1572/1572/1572
f 1586/1586/1586 1585/1585/1585 1572/1572/1572
usemtl Default
v 143.76512145996094 0 -1.6034947633743286
v 143.76512145996094 9.8999996185302734 -1.6034947633743286
v 130.07290649414062 0 -32.858486175537109
v 130.07290649414062 9.8999996185302734 -32.858486175537109
v 130.07290649414062 0 -32.858486175537109
v 130.07290649414062 9.8999996185302734 -32.858486175537109
v 128.73062133789062 0 -1.5519359111785889
v 128.73062133789062 9.8999996185302734 -1.5519359111785889
v 128.73062133789062 0 -1.5519359111785889
v 128.73062133789062 9.8999996185302734 -1.5519359111785889
v 143.76512145996094 0 -1.6034947633743286
v 143.76512145996094 9.8999996185302734 -1.6034947633743286
v 143.76512145996094 0 -1.6034947633743286
v 130.07290649414062 0 -32.858486175537109
v 128.73062133789062 0 -1.5519359111785889
v 143.76512145996094 9.8999996185302734 -1.6034947633743286
v 130.07290649414062 9.8999996185302734 -32.858486175537109
v 128.73062133789062 9.8999996185302734 -1.5519359111785889
v 144.56625388504364 8.8280822142884219 -28.252631804910795
v 144.56625388504364 0 -28.252631804910795
v 144.56625388504364 9.8999996185302912 -28.252631804910791
v 144.56625388504364 8.8280822142884219 -28.252631804910795
v 140.93836209776759 0 -33.06811415978828
v 140.93836209776757 2.5210948572153917 -33.068114159788259
v 140.93836209776757 9.8999996185302699 -33.068114159788266
v 143.61405251786118 0 -29.516536339781204
v 144.56625388504364 0 -28.252631804910795
v 141.93549350251971 0 -31.744571737183826
v 140.93836209776759 0 -33.06811415978828
v 143.61405251786118 0 -29.516536339781204
v 141.93549350251971 0 -31.744571737183826
v 143.61405251786118 9.8999996185302663 -29.516536339781204
v 144.56625388504364 9.8999996185302912 -28.252631804910791
v 140.93836209776757 9.8999996185302699 -33.068114159788266
v 141.93549350251971 9.8999996185302628 -31.744571737183822
v 141.93549350251971 9.8999996185302628 -31.744571737183822
v 143.61405251786118 9.8999996185302663 -29.516536339781204
vt 0 0
vt 0 0.56748872995376587
vt 0.60000002384185791 0
vt 0.60000002384185791 0.56748872995376587
vt 0.60000002384185791 0
vt 0.60000002384185791 0.56748872995376587
vt 0.80000001192092896 0
vt 0.80000001192092896 0.56748872995376587
vt 0.80000001192092896 0
vt 0.80000001192092896 0.56748872995376587
vt 1 0
vt 1 0.56748872995376587
vt 0.35894420742988586 0.83585697412490845
vt 0 0.72854316234588623
vt 0.26158782839775085 1
vt 0.35894420742988586 0.73163235187530518
vt 0 0.83894616365432739
vt 0.26158782839775085 0.56748932600021362
vt 0.17834511399269104 0.50604420900344849
vt 0.17834511399269104 0
vt 0.17834511399269104 0.56748878955841064
vt 0.17834511399269104 0.50604420900344849
vt 0.45093119144439697 0
vt 0.45093119144439697 0.14451444149017334
vt 0.45093119144439697 0.56748872995376587
vt 0.11694353073835373 0.60850250720977783
vt 0.13405105471611023 0.60850250720977783
vt 0.086786061525344849 0.60850256681442261
vt 0.068871252238750458 0.60850262641906738
vt 0.11694353073835373 0.60850250720977783
vt 0.086786061525344849 0.60850256681442261
vt 0.11694353073835373 0.95898681879043579
vt 0.13405105471611023 0.95898681879043579
vt 0.068871252238750458 0.95898663997650146
vt 0.086786061525344849 0.95898681879043579
vt 0.086786061525344849 0.95898681879043579
vt 0.11694353073835373 0.95898681879043579
vn 0.99954843521118164 0 0.030048621818423271
vn 0.99954843521118164 0 0.030048621818423271
vn -0.019289474934339523 0 -0.99981391429901123
vn -0.019289474934339523 0 -0.99981391429901123
vn -0.99908214807510376 0 -0.042835928499698639
vn -0.99908214807510376 0 -0.042835928499698639
vn -0.99908214807510376 0 -0.042835928499698639
vn -0.99908214807510376 0 -0.042835928499698639
vn 0.0034293471835553646 0 0.99999409914016724
vn 0.0034293471835553646 0 0.99999409914016724
vn 0.0034293471835553646 0 0.99999409914016724
vn 0.0034293471835553646 0 0.99999409914016724
vn 0 -1 0
vn 0 -1 0
vn 0 -1 0
vn 0 1 0
vn 0 1 0
vn 0 1 0
vn 0.99954843521118164 0 0.030048621818423271
vn 0.99954843521118164 0 0.030048621818423271
vn 0.99954843521118164 0 0.030048621818423271
vn 0.99954843521118164 0 0.030048621818423271
vn -0.019289474934339523 0 -0.99981391429901123
vn -0.019289474934339523 0 -0.99981391429901123
vn -0.019289474934339523 0 -0.99981391429901123
vn 0 -1 0
vn 0 -1 0
vn 0 -1 0
vn 0 -1 0
vn 0 -1 0
vn 0 -1 0
vn 0 1 0
vn 0 1 0
vn 0 1 0
vn 0 1 0
vn 0 1 0
vn 0 1 0
f 1591/1591/1591 1593/1593/1593 1594/1594/1594 1592/1592/1592
f 1595/1595/1595 1597/1597/1597 1598/1598/1598 1596/1596/1596
f 1605/1605/1605 1587/1587/1587 1606/1606/1606
f 1608/1608/1608 1588/1588/1588 1587/1587/1587
f 1588/1588/1588 1608/1608/1608 1607/1607/1607
f 1590/1590/1590 1610/1610/1610 1589/1589/1589
f 1609/1609/1609 1589/1589/1589 1610/1610/1610
f 1610/1610/1610 1590/1590/1590 1611/1611/1611
f 1601/1601/1601 1613/1613/1613 1599/1599/1599
f 1612/1612/1612 1613/1613/1613 1601/1601/1601
f 1600/1600/1600 1615/1615/1615 1614/1614/1614
f 1600/1600/1600 1616/1616/1616 1601/1601/1601
f 1616/1616/1616 1600/1600/1600 1617/1617/1617
f 1602/1602/1602 1619/1619/1619 1604/1604/1604
f 1618/1618/1618 1604/1604/1604 1619/1619/1619
f 1603/1603/1603 1621/1621/1621 1620/1620/1620
f 1623/1623/1623 1603/1603/1603 1604/1604/1604
f 1603/1603/1603 1623/1623/1623 1622/1622/1622
usemtl Default
v 143.76512145996094 0 -1.6034947633743286
v 143.76512145996094 9.8999996185302734 -1.6034947633743286
v 130.07290649414062 0 -32.858486175537109
v 130.07290649414062 9.8999996185302734 -32.858486175537109
v 130.07290649414062 0 -32.858486175537109
v 130.07290649414062 9.8999996185302734 -32.858486175537109
v 128.73062133789062 0 -1.5519359111785889
v 128.73062133789062 9.8999996185302734 -1.5519359111785889
v 128.73062133789062 0 -1.5519359111785889
v 128.73062133789062 9.8999996185302734 -1.5519359111785889
v 143.76512145996094 0 -1.6034947633743286
v 143.76512145996094 9.8999996185302734 -1.6034947633743286
v 143.76512145996094 0 -1.6034947633743286
v 130.07290649414062 0 -32.858486175537109
v 128.73062133789062 0 -1.5519359111785889
v 143.76512145996094 9.8999996185302734 -1.6034947633743286
v 130.07290649414062 9.8999996185302734 -32.858486175537109
v 128.73062133789062 9.8999996185302734 -1.5519359111785889
v 144.56625388504364 8.8280822142884219 -28.252631804910795
v 144.56625388504364 0 -28.252631804910795
v 144.56625388504364 9.8999996185302912 -28.252631804910791
v 144.56625388504364 8.8280822142884219 -28.252631804910795
v 140.93836209776759 0 -33.06811415978828
v 140.93836209776757 2.5210948572153917 -33.068114159788259
v 140.93836209776757 9.8999996185302699 -33.068114159788266
v 143.61405251786118 0 -29.516536339781204
v 144.56625388504364 0 -28.252631804910795
v 141.93549350251971 0 -31.744571737183826
v 140.93836209776759 0 -33.06811415978828
v 143.61405251786118 0 -29.516536339781204
v 141.93549350251971 0 -31.744571737183826
v 143.61405251786118 9.8999996185302663 -29.516536339781204
v 144.56625388504364 9.8999996185302912 -28.252631804910791
v 140.93836209776757 9.8999996185302699 -33.068114159788266
v 141.93549350251971 9.8999996185302628 -31.744571737183822
v 141.93549350251971 9.8999996185302628 -31.744571737183822
v 143.61405251786118 9.8999996185302663 -29.516536339781204
vt 0 0
vt 0 0.56748872995376587
vt 0.60000002384185791 0
vt 0.60000002384185791 0.56748872995376587
vt 0.60000002384185791 0
vt 0.60000002384185791 0.56748872995376587
vt 0.80000001192092896 0
vt 0.80000001192092896 0.56748872995376587
vt 0.80000001192092896 0
vt 0.80000001192092896 0.56748872995376587
vt 1 0
vt 1 0.56748872995376587
vt 0.35894420742988586 0.83585697412490845
vt 0 0.72854316234588623
vt 0.26158782839775085 1
vt 0.35894420742988586 0.73163235187530518
vt 0 0.83894616365432739
vt 0.26158782839775085 0.56748932600021362
vt 0.17834511399269104 0.50604420900344849
vt 0.17834511399269104 0
vt 0.17834511399269104 0.56748878955841064
vt 0.17834511399269104 0.50604420900344849
vt 0.45093119144439697 0
vt 0.45093119144439697 0.14451444149017334
vt 0.45093119144439697 0.56748872995376587
vt 0.11694353073835373 0.60850250720977783
vt 0.13405105471611023 0.60850250720977783
vt 0.086786061525344849 0.60850256681442261
vt 0.068871252238750458 0.60850262641906738
vt 0.11694353073835373 0.60850250720977783
vt 0.086786061525344849 0.60850256681442261
vt 0.11694353073835373 0.95898681879043579
vt 0.13405105471611023 0.95898681879043579
vt 0.068871252238750458 0.95898663997650146
vt 0.086786061525344849 0.95898681879043579
vt 0.086786061525344849 0.95898681879043579
vt 0.11694353073835373 0.95898681879043579
vn 0.99954843521118164 0 0.030048621818423271
vn 0.99954843521118164 0 0.030048621818423271
vn -0.019289474934339523 0 -0.99981391429901123
vn -0.019289474934339523 0 -0.99981391429901123
vn -0.99908214807510376 0 -0.042835928499698639
vn -0.99908214807510376 0 -0.042835928499698639
vn -0.99908214807510376 0 -0.042835928499698639
vn -0.99908214807510376 0 -0.042835928499698639
vn 0.0034293471835553646 0 0.99999409914016724
vn 0.0034293471835553646 0 0.99999409914016724
vn 0.0034293471835553646 0 0.99999409914016724
vn 0.0034293471835553646 0 0.99999409914016724
vn 0 -1 0
vn 0 -1 0
vn 0 -1 0
vn 0 1 0
vn 0 1 0
vn 0 1 0
vn 0.99954843521118164 0 0.030048621818423271
vn 0.99954843521118164 0 0.030048621818423271
vn 0.99954843521118164 0 0.030048621818423271
vn 0.99954843521118164 0 0.030048621818423271
vn -0.019289474934339523 0 -0.99981391429901123
vn -0.019289474934339523 0 -0.99981391429901123
vn -0.019289474934339523 0 -0.99981391429901123
vn 0 -1 0
vn 0 -1 0
vn 0 -1 0
vn 0 -1 0
vn 0 -1 0
vn 0 -1 0
vn 0 1 0
vn 0 1 0
vn 0 1 0
vn 0 1 0
vn 0 1 0
vn 0 1 0
f 1628/1628/1628 1630/1630/1630 1631/1631/1631 1629/1629/1629
f 1632/1632/1632 1634/1634/1634 1635/1635/1635 1633/1633/1633
f 1642/1642/1642 1624/1624/1624 1643/1643/1643
f 1645/1645/1645 1625/1625/1625 1624/1624/1624
f 1625/1625/1625 1645/1645/1645 1644/1644/1644
f 1627/1627/1627 1647/1647/1647 1626/1626/1626
f 1646/1646/1646 1626/1626/1626 1647/1647/1647
f 1647/1647/1647 1627/1627/1627 1648/1648/1648
f 1638/1638/1638 1650/1650/1650 1636/1636/1636
f 1649/1649/1649 1650/1650/1650 1638/1638/1638
f 1637/1637/1637 1652/1652/1652 1651/1651/1651
f 1637/1637/1637 1653/1653/1653 1638/1638/1638
f 1653/1653/1653 1637/1637/1637 1654/1654/1654
f 1639/1639/1639 1656/1656/1656 1641/1641/1641
f 1655/1655/1655 1641/1641/1641 1656/1656/1656
f 1640/1640/1640 1658/1658/1658 1657/1657/1657
f 1660/1660/1660 1640/1640/1640 1641/1641/1641
f 1640/1640/1640 1660/1660/1660 1659/1659/1659
usemtl Default
v 159.12721252441406 0 -1.6534872055053711
v 159.12721252441406 6.3000001907348633 -1.6534872055053711
v 143.76512145996094 0 -1.6034947633743286
v 143.76512145996094 6.3000001907348633 -1.6034947633743286
v 143.76512145996094 0 -1.6034947633743286
v 143.76512145996094 6.3000001907348633 -1.6034947633743286
v 159.12721252441406 0 -1.6534872055053711
v 159.12721252441406 6.3000001907348633 -1.6534872055053711
v 159.12721252441406 0 -1.6534872055053711
v 143.76512145996094 0 -1.6034947633743286
v 159.12721252441406 6.3000001907348633 -1.6534872055053711
v 143.76512145996094 6.3000001907348633 -1.6034947633743286
v 159.42471163015489 1.4461533684170682 -8.5302571345245362
v 159.42471163015489 0 -8.5302571345245397
v 159.42471163015489 6.3000001907348526 -8.5302571345245379
v 159.42471163015489 1.4461533684170682 -8.5302571345245362
v 144.56625388504364 0 -28.252631804910795
v 144.56625388504364 0.68212930418056672 -28.252631804910788
v 144.56625388504364 6.3000001907348775 -28.252631804910791
v 149.23914131333635 0 -22.050074430902782
v 144.56625388504364 0 -28.252631804910795
v 159.42471163015489 0 -8.5302571345245397
v 149.23914131333635 0 -22.050074430902782
v 144.56625388504364 6.3000001907348775 -28.252631804910791
v 149.23914131333635 6.3000001907348562 -22.050074430902775
v 159.42471163015489 6.3000001907348526 -8.5302571345245379
vt 0 0
vt 0 0.54563683271408081
vt 0.75 0
vt 0.75 0.54563683271408081
vt 0.75 0
vt 0.75 0.54563683271408081
vt 1 0
vt 1 0.54563683271408081
vt 0.3574727475643158 0.82180076837539673
vt 0.25633889436721802 1
vt 1 0.72383660078048706
vt 0.89886617660522461 0.54563736915588379
vt 0.057387035340070724 0.12524992227554321
vt 0.057387035340070724 0
vt 0.057387035340070724 0.54563683271408081
vt 0.057387035340070724 0.12524992227554321
vt 0.5270686149597168 0
vt 0.5270686149597168 0.059078548103570938
vt 0.5270686149597168 0.54563683271408081
vt 0.11308715492486954 0.75840795040130615
vt 0.02775496244430542 0.75840795040130615
vt 0.29908716678619385 0.75840795040130615
vt 0.11308715492486954 0.75840795040130615
vt 0.67028224468231201 0.78722941875457764
vt 0.75561439990997314 0.78722935914993286
vt 0.94161438941955566 0.78722941875457764
vn 0.99906551837921143 0 0.043221086263656616
vn 0.99906551837921143 0 0.043221086263656616
vn -0.99954843521118164 0 -0.030048621818423271
vn -0.99954843521118164 0 -0.030048621818423271
vn 0.0032542578410357237 0 0.99999469518661499
vn 0.0032542578410357237 0 0.99999469518661499
vn 0.0032542578410357237 0 0.99999469518661499
vn 0.0032542578410357237 0 0.99999469518661499
vn 0 -1 0
vn 0 -1 0
vn 0 1 0
vn 0 1 0
vn 0.99906551837921143 0 0.043221086263656616
vn 0.99906551837921143 0 0.043221086263656616
vn 0.99906551837921143 0 0.043221086263656616
vn 0.99906551837921143 0 0.043221086263656616
vn -0.99954843521118164 0 -0.030048621818423271
vn -0.99954843521118164 0 -0.030048621818423271
vn -0.99954843521118164 0 -0.030048621818423271
vn 0 -1 0
vn 0 -1 0
vn 0 -1 0
vn 0 -1 0
vn 0 1 0
vn 0 1 0
vn 0 1 0
f 1665/1665/1665 1667/1667/1667 1668/1668/1668 1666/1666/1666
f 1674/1674/1674 1673/1673/1673 1661/1661/1661
f 1676/1676/1676 1662/1662/1662 1661/1661/1661
f 1662/1662/1662 1676/1676/1676 1675/1675/1675
f 1664/1664/1664 1678/1678/1678 1663/1663/1663
f 1677/1677/1677 1663/1663/1663 1678/1678/1678
f 1679/1679/1679 1678/1678/1678 1664/1664/1664
f 1670/1670/1670 1680/1680/1680 1669/1669/1669
f 1681/1681/1681 1680/1680/1680 1670/1670/1670
f 1683/1683/1683 1682/1682/1682 1669/1669/1669
f 1671/1671/1671 1685/1685/1685 1672/1672/1672
f 1684/1684/1684 1672/1672/1672 1685/1685/1685
f 1685/1685/1685 1671/1671/1671 1686/1686/1686
usemtl Default
v 159.12721252441406 0 -1.6534872055053711
v 159.12721252441406 6.3000001907348633 -1.6534872055053711
v 143.76512145996094 0 -1.6034947633743286
v 143.76512145996094 6.3000001907348633 -1.6034947633743286
v 143.76512145996094 0 -1.6034947633743286
v 143.76512145996094 6.3000001907348633 -1.6034947633743286
v 159.12721252441406 0 -1.6534872055053711
v 159.12721252441406 6.3000001907348633 -1.6534872055053711
v 159.12721252441406 0 -1.6534872055053711
v 143.76512145996094 0 -1.6034947633743286
v 159.12721252441406 6.3000001907348633 -1.6534872055053711
v 143.76512145996094 6.3000001907348633 -1.6034947633743286
v 159.42471163015489 1.4461533684170682 -8.5302571345245362
v 159.42471163015489 0 -8.5302571345245397
v 159.42471163015489 6.3000001907348526 -8.5302571345245379
v 159.42471163015489 1.4461533684170682 -8.5302571345245362
v 144.56625388504364 0 -28.252631804910795
v 144.56625388504364 0.68212930418056672 -28.252631804910788
v 144.56625388504364 6.3000001907348775 -28.252631804910791
v 149.23914131333635 0 -22.050074430902782
v 144.56625388504364 0 -28.252631804910795
v 159.42471163015489 0 -8.5302571345245397
v 149.23914131333635 0 -22.050074430902782
v 144.56625388504364 6.3000001907348775 -28.252631804910791
v 149.23914131333635 6.3000001907348562 -22.050074430902775
v 159.42471163015489 6.3000001907348526 -8.5302571345245379
vt 0 0
vt 0 0.54563683271408081
vt 0.75 0
vt 0.75 0.54563683271408081
vt 0.75 0
vt 0.75 0.54563683271408081
vt 1 0
vt 1 0.54563683271408081
vt 0.3574727475643158 0.82180076837539673
vt 0.25633889436721802 1
vt 1 0.72383660078048706
vt 0.89886617660522461 0.54563736915588379
vt 0.057387035340070724 0.12524992227554321
vt 0.057387035340070724 0
vt 0.057387035340070724 0.54563683271408081
vt 0.057387035340070724 0.12524992227554321
vt 0.5270686149597168 0
vt 0.5270686149597168 0.059078548103570938
vt 0.5270686149597168 0.54563683271408081
vt 0.11308715492486954 0.75840795040130615
vt 0.02775496244430542 0.75840795040130615
vt 0.29908716678619385 0.75840795040130615
vt 0.11308715492486954 0.75840795040130615
vt 0.67028224468231201 0.78722941875457764
vt 0.75561439990997314 0.78722935914993286
vt 0.94161438941955566 0.78722941875457764
vn 0.99906551837921143 0 0.043221086263656616
vn 0.99906551837921143 0 0.043221086263656616
vn -0.99954843521118164 0 -0.030048621818423271
vn -0.99954843521118164 0 -0.030048621818423271
vn 0.0032542578410357237 0 0.99999469518661499
vn 0.0032542578410357237 0 0.99999469518661499
vn 0.0032542578410357237 0 0.99999469518661499
vn 0.0032542578410357237 0 0.99999469518661499
vn 0 -1 0
vn 0 -1 0
vn 0 1 0
vn 0 1 0
vn 0.99906551837921143 0 0.043221086263656616
vn 0.99906551837921143 0 0.043221086263656616
vn 0.99906551837921143 0 0.043221086263656616
vn 0.99906551837921143 0 0.043221086263656616
vn -0.99954843521118164 0 -0.030048621818423271
vn -0.99954843521118164 0 -0.030048621818423271
vn -0.99954843521118164 0 -0.030048621818423271
vn 0 -1 0
vn 0 -1 0
vn 0 -1 0
vn 0 -1 0
vn 0 1 0
vn 0 1 0
vn 0 1 0
f 1691/1691/1691 1693/1693/1693 1694/1694/1694 1692/1692/1692
f 1700/1700/1700 1699/1699/1699 1687/1687/1687
f 1702/1702/1702 1688/1688/1688 1687/1687/1687
f 1688/1688/1688 1702/1702/1702 1701/1701/1701
f 1690/1690/1690 1704/1704/1704 1689/1689/1689
f 1703/1703/1703 1689/1689/1689 1704/1704/1704
f 1705/1705/1705 1704/1704/1704 1690/1690/1690
f 1696/1696/1696 1706/1706/1706 1695/1695/1695
f 1707/1707/1707 1706/1706/1706 1696/1696/1696
f 1709/1709/1709 1708/1708/1708 1695/1695/1695
f 1697/1697/1697 1711/1711/1711 1698/1698/1698
f 1710/1710/1710 1698/1698/1698 1711/1711/1711
f 1711/1711/1711 1697/1697/1697 1712/1712/1712
usemtl Default
v 159.12721252441406 0 -1.6534872055053711
v 159.12721252441406 11.5 -1.6534872055053711
v 159.12721252441406 0 -1.6534872055053711
v 159.12721252441406 11.5 -1.6534872055053711
v 159.12721252441406 0 -1.6534872055053711
v 159.12721252441406 11.5 -1.6534872055053711
v 159.42471163015489 0 -8.5302571345245397
v 159.42471163015489 8.860196312175578 -8.5302571345245379
v 159.42471163015489 8.860196312175578 -8.5302571345245379
v 159.42471163015489 11.499999999999989 -8.5302571345245379
v 164.59018231577301 2.7875643294363215 -1.6738693479673223
v 164.59018231577301 0 -1.6738693479673223
v 164.59018231577301 11.500000000000007 -1.6738693479673223
v 164.59018231577301 2.7875643294363215 -1.6738693479673223
v 161.39774084807829 0 -5.9113566982186434
v 164.59018231577301 0 -1.6738693479673223
v 161.39774084807829 0 -5.9113566982186434
v 159.42471163015489 0 -8.5302571345245397
v 161.39774084807829 11.500000000000014 -5.9113566982186416
v 164.59018231577301 11.500000000000007 -1.6738693479673223
v 159.42471163015489 11.499999999999989 -8.5302571345245379
v 161.39774084807829 11.500000000000014 -5.9113566982186416
vt 0.80000001192092896 0
vt 0.80000001192092896 0.57478737831115723
vt 0.80000001192092896 0
vt 0.80000001192092896 0.57478737831115723
vt 0.23865939676761627 1
vt 0.23865939676761627 0.57478797435760498
vt 0.75409036874771118 0
vt 0.75409036874771118 0.44284600019454956
vt 0.75409036874771118 0.44284600019454956
vt 0.75409036874771118 0.57478737831115723
vt 0.84847939014434814 0.13932667672634125
vt 0.84847939014434814 0
vt 0.84847939014434814 0.57478737831115723
vt 0.84847939014434814 0.13932667672634125
vt 0.21867275238037109 0.94308924674987793
vt 0.27079212665557861 0.94308918714523315
vt 0.21867275238037109 0.94308924674987793
vt 0.18646134436130524 0.94308918714523315
vt 0.21867275238037109 0.63169878721237183
vt 0.27079212665557861 0.63169878721237183
vt 0.18646134436130524 0.63169872760772705
vt 0.21867275238037109 0.63169878721237183
vn -0.99906551837921143 0 -0.043221086263656616
vn -0.99906551837921143 0 -0.043221086263656616
vn 0.0037309362087398767 0 0.99999302625656128
vn 0.0037309362087398767 0 0.99999302625656128
vn 0 -1 0
vn 0 1 0
vn -0.99906551837921143 0 -0.043221086263656616
vn -0.99906551837921143 0 -0.043221086263656616
vn -0.99906551837921143 0 -0.043221086263656616
vn -0.99906551837921143 0 -0.043221086263656616
vn 0.0037309362087398767 0 0.99999302625656128
vn 0.0037309362087398767 0 0.99999302625656128
vn 0.0037309362087398767 0 0.99999302625656128
vn 0.0037309362087398767 0 0.99999302625656128
vn 0 -1 0
vn 0 -1 0
vn 0 -1 0
vn 0 -1 0
vn 0 1 0
vn 0 1 0
vn 0 1 0
vn 0 1 0
f 1714/1714/1714 1720/1720/1720 1713/1713/1713
f 1719/1719/1719 1713/1713/1713 1720/1720/1720
f 1722/1722/1722 1721/1721/1721 1714/1714/1714
f 1723/1723/1723 1715/1715/1715 1724/1724/1724
f 1726/1726/1726 1716/1716/1716 1715/1715/1715
f 1716/1716/1716 1726/1726/1726 1725/1725/1725
f 1727/1727/1727 1728/1728/1728 1717/1717/1717
f 1730/1730/1730 1729/1729/1729 1717/1717/1717
f 1732/1732/1732 1731/1731/1731 1718/1718/1718
f 1733/1733/1733 1718/1718/1718 1734/1734/1734
usemtl Default
v 159.12721252441406 0 -1.6534872055053711
v 159.12721252441406 11.5 -1.6534872055053711
v 159.12721252441406 0 -1.6534872055053711
v 159.12721252441406 11.5 -1.6534872055053711
v 159.12721252441406 0 -1.6534872055053711
v 159.12721252441406 11.5 -1.6534872055053711
v 159.42471163015489 0 -8.5302571345245397
v 159.42471163015489 8.860196312175578 -8.5302571345245379
v 159.42471163015489 8.860196312175578 -8.5302571345245379
v 159.42471163015489 11.499999999999989 -8.5302571345245379
v 164.59018231577301 2.7875643294363215 -1.6738693479673223
v 164.59018231577301 0 -1.6738693479673223
v 164.59018231577301 11.500000000000007 -1.6738693479673223
v 164.59018231577301 2.7875643294363215 -1.6738693479673223
v 161.39774084807829 0 -5.9113566982186434
v 164.59018231577301 0 -1.6738693479673223
v 161.39774084807829 0 -5.9113566982186434
v 159.42471163015489 0 -8.5302571345245397
v 161.39774084807829 11.500000000000014 -5.9113566982186416
v 164.59018231577301 11.500000000000007 -1.6738693479673223
v 159.42471163015489 11.499999999999989 -8.5302571345245379
v 161.39774084807829 11.500000000000014 -5.9113566982186416
vt 0.80000001192092896 0
vt 0.80000001192092896 0.57478737831115723
vt 0.80000001192092896 0
vt 0.80000001192092896 0.57478737831115723
vt 0.23865939676761627 1
vt 0.23865939676761627 0.57478797435760498
vt 0.75409036874771118 0
vt 0.75409036874771118 0.44284600019454956
vt 0.75409036874771118 0.44284600019454956
vt 0.75409036874771118 0.57478737831115723
vt 0.84847939014434814 0.13932667672634125
vt 0.84847939014434814 0
vt 0.84847939014434814 0.57478737831115723
vt 0.84847939014434814 0.13932667672634125
vt 0.21867275238037109 0.94308924674987793
vt 0.27079212665557861 0.94308918714523315
vt 0.21867275238037109 0.94308924674987793
vt 0.18646134436130524 0.94308918714523315
vt 0.21867275238037109 0.63169878721237183
vt 0.27079212665557861 0.63169878721237183
vt 0.18646134436130524 0.63169872760772705
vt 0.21867275238037109 0.63169878721237183
vn -0.99906551837921143 0 -0.043221086263656616
vn -0.99906551837921143 0 -0.043221086263656616
vn 0.0037309362087398767 0 0.99999302625656128
vn 0.0037309362087398767 0 0.99999302625656128
vn 0 -1 0
vn 0 1 0
vn -0.99906551837921143 0 -0.043221086263656616
vn -0.99906551837921143 0 -0.043221086263656616
vn -0.99906551837921143 0 -0.043221086263656616
vn -0.99906551837921143 0 -0.043221086263656616
vn 0.0037309362087398767 0 0.99999302625656128
vn 0.0037309362087398767 0 0.99999302625656128
vn 0.0037309362087398767 0 0.99999302625656128
vn 0.0037309362087398767 0 0.99999302625656128
vn 0 -1 0
vn 0 -1 0
vn 0 -1 0
vn 0 -1 0
vn 0 1 0
vn 0 1 0
vn 0 1 0
vn 0 1 0
f 1736/1736/1736 1742/1742/1742 1735/1735/1735
f 1741/1741/1741 1735/1735/1735 1742/1742/1742
f 1744/1744/1744 1743/1743/1743 1736/1736/1736
f 1745/1745/1745 1737/1737/1737 1746/1746/1746
f 1748/1748/1748 1738/1738/1738 1737/1737/1737
f 1738/1738/1738 1748/1748/1748 1747/1747/1747
f 1749/1749/1749 1750/1750/1750 1739/1739/1739
f 1752/1752/1752 1751/1751/1751 1739/1739/1739
f 1754/1754/1754 1753/1753/1753 1740/1740/1740
f 1755/1755/1755 1740/1740/1740 1756/1756/1756
usemtl Default
v 133.96043395996094 0 41.996513366699219
v 133.96043395996094 5.3000001907348633 41.996513366699219
v 133.95785522460938 0 41.352546691894531
v 133.95785522460938 5.3000001907348633 41.352546691894531
v 133.95785522460938 0 41.352546691894531
v 133.95785522460938 5.3000001907348633 41.352546691894531
v 134.57156372070312 0 41.351581573486328
v 134.57156372070312 5.3000001907348633 41.351581573486328
v 134.57156372070312 0 41.351581573486328
v 134.57156372070312 5.3000001907348633 41.351581573486328
v 134.57267761230469 0 42.019691467285156
v 134.57267761230469 5.3000001907348633 42.019691467285156
v 134.57267761230469 0 42.019691467285156
v 134.57267761230469 5.3000001907348633 42.019691467285156
v 138.0157470703125 0 42.028102874755859
v 138.0157470703125 5.3000001907348633 42.028102874755859
v 138.0157470703125 0 42.028102874755859
v 138.0157470703125 5.3000001907348633 42.028102874755859
v 138.017578125 0 41.311702728271484
v 138.017578125 5.3000001907348633 41.311702728271484
v 138.017578125 0 41.311702728271484
v 138.017578125 5.3000001907348633 41.311702728271484
v 138.38037109375 0 41.322032928466797
v 138.38037109375 5.3000001907348633 41.322032928466797
v 138.38037109375 0 41.322032928466797
v 138.38037109375 5.3000001907348633 41.322032928466797
v 138.3778076171875 0 42.050502777099609
v 138.3778076171875 5.3000001907348633 42.050502777099609
v 138.3778076171875 0 42.050502777099609
v 138.3778076171875 5.3000001907348633 42.050502777099609
v 141.86856079101562 0 42.058486938476562
v 141.86856079101562 5.3000001907348633 42.058486938476562
v 141.86856079101562 0 42.058486938476562
v 141.86856079101562 5.3000001907348633 42.058486938476562
v 141.88432312011719 0 41.308784484863281
v 141.88432312011719 5.3000001907348633 41.308784484863281
v 141.88432312011719 0 41.308784484863281
v 141.88432312011719 5.3000001907348633 41.308784484863281
v 142.53948974609375 0 41.311969757080078
v 142.53948974609375 5.3000001907348633 41.311969757080078
v 142.53948974609375 0 41.311969757080078
v 142.53948974609375 5.3000001907348633 41.311969757080078
v 142.54022216796875 0 42.084148406982422
v 142.54022216796875 5.3000001907348633 42.084148406982422
v 142.54022216796875 0 42.084148406982422
v 142.54022216796875 5.3000001907348633 42.084148406982422
v 146.07316589355469 0 42.084213256835938
v 146.07316589355469 5.3000001907348633 42.084213256835938
v 146.07316589355469 0 42.084213256835938
v 146.07316589355469 5.3000001907348633 42.084213256835938
v 146.07060241699219 0 41.44024658203125
v 146.07060241699219 5.3000001907348633 41.44024658203125
v 146.07060241699219 0 41.44024658203125
v 146.07060241699219 5.3000001907348633 41.44024658203125
v 146.34425354003906 0 41.446846008300781
v 146.34425354003906 5.3000001907348633 41.446846008300781
v 146.34425354003906 0 41.446846008300781
v 146.34425354003906 5.3000001907348633 41.446846008300781
v 146.3336181640625 0 42.112045288085938
v 146.3336181640625 5.3000001907348633 42.112045288085938
v 146.3336181640625 0 42.112045288085938
v 146.3336181640625 5.3000001907348633 42.112045288085938
v 149.78219604492188 0 42.127944946289062
v 149.78219604492188 5.3000001907348633 42.127944946289062
v 149.78219604492188 0 42.127944946289062
v 149.78219604492188 5.3000001907348633 42.127944946289062
v 149.78182983398438 0 41.447761535644531
v 149.78182983398438 5.3000001907348633 41.447761535644531
v 149.78182983398438 0 41.447761535644531
v 149.78182983398438 5.3000001907348633 41.447761535644531
v 150.44944763183594 0 41.441787719726562
v 150.44944763183594 5.3000001907348633 41.441787719726562
v 150.44944763183594 0 41.441787719726562
v 150.44944763183594 5.3000001907348633 41.441787719726562
v 150.4498291015625 0 42.121971130371094
v 150.4498291015625 5.3000001907348633 42.121971130371094
v 150.4498291015625 0 42.121971130371094
v 150.4498291015625 5.3000001907348633 42.121971130371094
v 153.88739013671875 0 42.122882843017578
v 153.88739013671875 5.3000001907348633 42.122882843017578
v 153.88739013671875 0 42.122882843017578
v 153.88739013671875 5.3000001907348633 42.122882843017578
v 153.88665771484375 0 41.350704193115234
v 153.88665771484375 5.3000001907348633 41.350704193115234
v 153.88665771484375 0 41.350704193115234
v 153.88665771484375 5.3000001907348633 41.350704193115234
v 154.18452453613281 0 41.351055145263672
v 154.18452453613281 5.3000001907348633 41.351055145263672
v 154.18452453613281 0 41.351055145263672
v 154.18452453613281 5.3000001907348633 41.351055145263672
v 154.17608642578125 0 42.176101684570312
v 154.17608642578125 5.3000001907348633 42.176101684570312
v 154.17608642578125 0 42.176101684570312
v 154.17608642578125 5.3000001907348633 42.176101684570312
v 157.76222229003906 0 42.1832275390625
v 157.76222229003906 5.3000001907348633 42.1832275390625
v 157.76222229003906 0 42.1832275390625
v 157.76222229003906 5.3000001907348633 42.1832275390625
v 157.76588439941406 0 41.338615417480469
v 157.76588439941406 5.3000001907348633 41.338615417480469
v 157.76588439941406 0 41.338615417480469
v 157.76588439941406 5.3000001907348633 41.338615417480469
v 158.34364318847656 0 41.340988159179688
v 158.34364318847656 5.3000001907348633 41.340988159179688
v 158.34364318847656 0 41.340988159179688
v 158.34364318847656 5.3000001907348633 41.340988159179688
v 158.33815002441406 0 42.117744445800781
v 158.33815002441406 5.3000001907348633 42.117744445800781
v 158.33815002441406 0 42.117744445800781
v 158.33815002441406 5.3000001907348633 42.117744445800781
v 165.63551330566406 0 42.132377624511719
v 165.63551330566406 5.3000001907348633 42.132377624511719
v 165.63551330566406 0 42.132377624511719
v 165.63551330566406 5.3000001907348633 42.132377624511719
v 165.64688110351562 0 41.455104827880859
v 165.64688110351562 5.3000001907348633 41.455104827880859
v 165.64688110351562 0 41.455104827880859
v 165.64688110351562 5.3000001907348633 41.455104827880859
v 166.19491577148438 0 41.456233978271484
v 166.19491577148438 5.3000001907348633 41.456233978271484
v 166.19491577148438 0 41.456233978271484
v 166.19491577148438 5.3000001907348633 41.456233978271484
v 174.83622741699219 0 24.256591796875
v 174.83622741699219 5.3000001907348633 24.256591796875
v 174.83622741699219 0 24.256591796875
v 174.83622741699219 5.3000001907348633 24.256591796875
v 171.92082214355469 0 24.126375198364258
v 171.92082214355469 5.3000001907348633 24.126375198364258
v 168.58470153808594 0 23.99281120300293
v 168.58470153808594 5.3000001907348633 23.99281120300293
v 168.58470153808594 0 23.99281120300293
v 168.58470153808594 5.3000001907348633 23.99281120300293
v 169.16818237304688 0 7.8214788436889648
v 169.16818237304688 5.3000001907348633 7.8214788436889648
v 169.16818237304688 0 7.8214788436889648
v 169.16818237304688 5.3000001907348633 7.8214788436889648
v 128.2281494140625 0 7.6976509094238281
v 128.2281494140625 5.3000001907348633 7.6976509094238281
v 128.2281494140625 0 7.6976509094238281
v 128.2281494140625 5.3000001907348633 7.6976509094238281
v 127.02110290527344 0 41.972621917724609
v 127.02110290527344 5.3000001907348633 41.972621917724609
v 127.02110290527344 0 41.972621917724609
v 127.02110290527344 5.3000001907348633 41.972621917724609
v 133.96043395996094 0 41.996513366699219
v 133.96043395996094 5.3000001907348633 41.996513366699219
v 133.96043395996094 0 41.996513366699219
v 133.95785522460938 0 41.352546691894531
v 134.57156372070312 0 41.351581573486328
v 134.57267761230469 0 42.019691467285156
v 138.0157470703125 0 42.028102874755859
v 138.017578125 0 41.311702728271484
v 138.38037109375 0 41.322032928466797
v 138.3778076171875 0 42.050502777099609
v 141.86856079101562 0 42.058486938476562
v 141.88432312011719 0 41.308784484863281
v 142.53948974609375 0 41.311969757080078
v 142.54022216796875 0 42.084148406982422
v 146.07316589355469 0 42.084213256835938
v 146.07060241699219 0 41.44024658203125
v 146.34425354003906 0 41.446846008300781
v 146.3336181640625 0 42.112045288085938
v 149.78219604492188 0 42.127944946289062
v 149.78182983398438 0 41.447761535644531
v 150.44944763183594 0 41.441787719726562
v 150.4498291015625 0 42.121971130371094
v 153.88739013671875 0 42.122882843017578
v 153.88665771484375 0 41.350704193115234
v 154.18452453613281 0 41.351055145263672
v 154.17608642578125 0 42.176101684570312
v 157.76222229003906 0 42.1832275390625
v 157.76588439941406 0 41.338615417480469
v 158.34364318847656 0 41.340988159179688
v 158.33815002441406 0 42.117744445800781
v 165.63551330566406 0 42.132377624511719
v 165.64688110351562 0 41.455104827880859
v 166.19491577148438 0 41.456233978271484
v 174.83622741699219 0 24.256591796875
v 171.92082214355469 0 24.126375198364258
v 168.58470153808594 0 23.99281120300293
v 169.16818237304688 0 7.8214788436889648
v 128.2281494140625 0 7.6976509094238281
v 127.02110290527344 0 41.972621917724609
v 133.96043395996094 5.3000001907348633 41.996513366699219
v 133.95785522460938 5.3000001907348633 41.352546691894531
v 134.57156372070312 5.3000001907348633 41.351581573486328
v 134.57267761230469 5.3000001907348633 42.019691467285156
v 138.0157470703125 5.3000001907348633 42.028102874755859
v 138.017578125 5.3000001907348633 41.311702728271484
v 138.38037109375 5.3000001907348633 41.322032928466797
v 138.3778076171875 5.3000001907348633 42.050502777099609
v 141.86856079101562 5.3000001907348633 42.058486938476562
v 141.88432312011719 5.3000001907348633 41.308784484863281
v 142.53948974609375 5.3000001907348633 41.311969757080078
v 142.54022216796875 5.3000001907348633 42.084148406982422
v 146.07316589355469 5.3000001907348633 42.084213256835938
v 146.07060241699219 5.3000001907348633 41.44024658203125
v 146.34425354003906 5.3000001907348633 41.446846008300781
v 146.3336181640625 5.3000001907348633 42.112045288085938
v 149.78219604492188 5.3000001907348633 42.127944946289062
v 149.78182983398438 5.3000001907348633 41.447761535644531
v 150.44944763183594 5.3000001907348633 41.441787719726562
v 150.4498291015625 5.3000001907348633 42.121971130371094
v 153.88739013671875 5.3000001907348633 42.122882843017578
v 153.88665771484375 5.3000001907348633 41.350704193115234
v 154.18452453613281 5.3000001907348633 41.351055145263672
v 154.17608642578125 5.3000001907348633 42.176101684570312
v 157.76222229003906 5.3000001907348633 42.1832275390625
v 157.76588439941406 5.3000001907348633 41.338615417480469
v 158.34364318847656 5.3000001907348633 41.340988159179688
v 158.33815002441406 5.3000001907348633 42.117744445800781
v 165.63551330566406 5.3000001907348633 42.132377624511719
v 165.64688110351562 5.3000001907348633 41.455104827880859
v 166.19491577148438 5.3000001907348633 41.456233978271484
v 174.83622741699219 5.3000001907348633 24.256591796875
v 171.92082214355469 5.3000001907348633 24.126375198364258
v 168.58470153808594 5.3000001907348633 23.99281120300293
v 169.16818237304688 5.3000001907348633 7.8214788436889648
v 128.2281494140625 5.3000001907348633 7.6976509094238281
v 127.02110290527344 5.3000001907348633 41.972621917724609
v 166.19787302747298 0 42.038368592559351
v 166.19787302747301 4.2621398251737048 42.038368592559337
v 166.19787302747298 5.3000001907348349 42.038368592559351
v 166.19787302747301 4.2621398251737048 42.038368592559337
v 174.33817267363793 0 35.905623336061936
v 174.33817267363793 1.5669990421840794 35.905623336061936
v 174.33817267363793 1.5669990421840794 35.905623336061936
v 174.33817267363793 5.3000001907348349 35.905623336061936
v 166.19787302747298 0 42.038368592559351
v 166.80448613269863 0 41.581357941194149
v 166.80448613269863 0 41.581357941194149
v 166.98480731129479 0 41.445507431906982
v 173.51124481684639 0 36.528614885714873
v 174.33817267363793 0 35.905623336061936
v 166.98480731129479 0 41.445507431906982
v 169.64376817811075 0 39.442297433260279
v 169.64376817811075 0 39.442297433260279
v 172.18352604639503 0 37.528892682034638
v 172.18352604639503 0 37.528892682034638
v 172.79830824064351 0 37.06572759605001
v 172.79830824064351 0 37.06572759605001
v 173.51124481684639 0 36.528614885714873
v 166.80448613269863 5.3000001907348704 41.581357941194149
v 166.19787302747298 5.3000001907348349 42.038368592559351
v 166.98480731129479 5.3000001907348704 41.445507431906982
v 166.80448613269863 5.3000001907348704 41.581357941194149
v 174.33817267363793 5.3000001907348349 35.905623336061936
v 173.51124481684639 5.3000001907348775 36.528614885714873
v 169.64376817811069 5.3000001907348704 39.442297433260308
v 166.98480731129479 5.3000001907348704 41.445507431906982
v 172.18352604639506 5.3000001907348704 37.528892682034609
v 169.64376817811069 5.3000001907348704 39.442297433260308
v 172.79830824064351 5.3000001907348704 37.06572759605001
v 173.51124481684639 5.3000001907348775 36.528614885714873
v 172.79830824064351 5.3000001907348704 37.06572759605001
vt 0 0
vt 0 0.52330148220062256
vt 0.02222222276031971 0
vt 0.02222222276031971 0.52330148220062256
vt 0.02222222276031971 0
vt 0.02222222276031971 0.52330148220062256
vt 0.04444444552063942 0
vt 0.04444444552063942 0.52330148220062256
vt 0.04444444552063942 0
vt 0.04444444552063942 0.52330148220062256
vt 0.066666670143604279 0
vt 0.066666670143604279 0.52330148220062256
vt 0.066666670143604279 0
vt 0.066666670143604279 0.52330148220062256
vt 0.088888891041278839 0
vt 0.088888891041278839 0.52330148220062256
vt 0.088888891041278839 0
vt 0.088888891041278839 0.52330148220062256
vt 0.1111111119389534 0
vt 0.1111111119389534 0.52330148220062256
vt 0.1111111119389534 0
vt 0.1111111119389534 0.52330148220062256
vt 0.13333334028720856 0
vt 0.13333334028720856 0.52330148220062256
vt 0.13333334028720856 0
vt 0.13333334028720856 0.52330148220062256
vt 0.15555556118488312 0
vt 0.15555556118488312 0.52330148220062256
vt 0.15555556118488312 0
vt 0.15555556118488312 0.52330148220062256
vt 0.17777778208255768 0
vt 0.17777778208255768 0.52330148220062256
vt 0.17777778208255768 0
vt 0.17777778208255768 0.52330148220062256
vt 0.20000000298023224 0
vt 0.20000000298023224 0.52330148220062256
vt 0.20000000298023224 0
vt 0.20000000298023224 0.52330148220062256
vt 0.2222222238779068 0
vt 0.2222222238779068 0.52330148220062256
vt 0.2222222238779068 0
vt 0.2222222238779068 0.52330148220062256
vt 0.24444444477558136 0
vt 0.24444444477558136 0.52330148220062256
vt 0.24444444477558136 0
vt 0.24444444477558136 0.52330148220062256
vt 0.26666668057441711 0
vt 0.26666668057441711 0.52330148220062256
vt 0.26666668057441711 0
vt 0.26666668057441711 0.52330148220062256
vt 0.28888890147209167 0
vt 0.28888890147209167 0.52330148220062256
vt 0.28888890147209167 0
vt 0.28888890147209167 0.52330148220062256
vt 0.31111112236976624 0
vt 0.31111112236976624 0.52330148220062256
vt 0.31111112236976624 0
vt 0.31111112236976624 0.52330148220062256
vt 0.3333333432674408 0
vt 0.3333333432674408 0.52330148220062256
vt 0.3333333432674408 0
vt 0.3333333432674408 0.52330148220062256
vt 0.35555556416511536 0
vt 0.35555556416511536 0.52330148220062256
vt 0.35555556416511536 0
vt 0.35555556416511536 0.52330148220062256
vt 0.37777778506278992 0
vt 0.37777778506278992 0.52330148220062256
vt 0.37777778506278992 0
vt 0.37777778506278992 0.52330148220062256
vt 0.40000000596046448 0
vt 0.40000000596046448 0.52330148220062256
vt 0.40000000596046448 0
vt 0.40000000596046448 0.52330148220062256
vt 0.42222222685813904 0
vt 0.42222222685813904 0.52330148220062256
vt 0.42222222685813904 0
vt 0.42222222685813904 0.52330148220062256
vt 0.4444444477558136 0
vt 0.4444444477558136 0.52330148220062256
vt 0.4444444477558136 0
vt 0.4444444477558136 0.52330148220062256
vt 0.46666666865348816 0
vt 0.46666666865348816 0.52330148220062256
vt 0.46666666865348816 0
vt 0.46666666865348816 0.52330148220062256
vt 0.48888888955116272 0
vt 0.48888888955116272 0.52330148220062256
vt 0.48888888955116272 0
vt 0.48888888955116272 0.52330148220062256
vt 0.51111114025115967 0
vt 0.51111114025115967 0.52330148220062256
vt 0.51111114025115967 0
vt 0.51111114025115967 0.52330148220062256
vt 0.53333336114883423 0
vt 0.53333336114883423 0.52330148220062256
vt 0.53333336114883423 0
vt 0.53333336114883423 0.52330148220062256
vt 0.55555558204650879 0
vt 0.55555558204650879 0.52330148220062256
vt 0.55555558204650879 0
vt 0.55555558204650879 0.52330148220062256
vt 0.57777780294418335 0
vt 0.57777780294418335 0.52330148220062256
vt 0.57777780294418335 0
vt 0.57777780294418335 0.52330148220062256
vt 0.60000002384185791 0
vt 0.60000002384185791 0.52330148220062256
vt 0.60000002384185791 0
vt 0.60000002384185791 0.52330148220062256
vt 0.62222224473953247 0
vt 0.62222224473953247 0.52330148220062256
vt 0.62222224473953247 0
vt 0.62222224473953247 0.52330148220062256
vt 0.64444446563720703 0
vt 0.64444446563720703 0.52330148220062256
vt 0.64444446563720703 0
vt 0.64444446563720703 0.52330148220062256
vt 0.66666668653488159 0
vt 0.66666668653488159 0.52330148220062256
vt 0.66666668653488159 0
vt 0.66666668653488159 0.52330148220062256
vt 0.86666667461395264 0
vt 0.86666667461395264 0.52330148220062256
vt 0.86666667461395264 0
vt 0.86666667461395264 0.52330148220062256
vt 0.8888888955116272 0
vt 0.8888888955116272 0.52330148220062256
vt 0.91111111640930176 0
vt 0.91111111640930176 0.52330148220062256
vt 0.91111111640930176 0
vt 0.91111111640930176 0.52330148220062256
vt 0.93333333730697632 0
vt 0.93333333730697632 0.52330148220062256
vt 0.93333333730697632 0
vt 0.93333333730697632 0.52330148220062256
vt 0.95555555820465088 0
vt 0.95555555820465088 0.52330148220062256
vt 0.95555555820465088 0
vt 0.95555555820465088 0.52330148220062256
vt 0.97777777910232544 0
vt 0.97777777910232544 0.52330148220062256
vt 0.97777777910232544 0
vt 0.97777777910232544 0.52330148220062256
vt 1 0
vt 1 0.52330148220062256
vt 0.17535021901130676 0.95139092206954956
vt 0.17241735756397247 0.94800174236297607
vt 0.17451240122318268 0.94368654489517212
vt 0.17754985392093658 0.94721376895904541
vt 0.18936635553836823 0.92307734489440918
vt 0.1861196756362915 0.9192739725112915
vt 0.18740764260292053 0.91678065061569214
vt 0.19070664048194885 0.92065304517745972
vt 0.20268432796001434 0.8961794376373291
vt 0.19933409988880157 0.8921019434928894
vt 0.20158979296684265 0.88751757144927979
vt 0.20509855449199677 0.89159804582595825
vt 0.21718458831310272 0.86678618192672729
vt 0.21425174176692963 0.86339700222015381
vt 0.21521784365177155 0.86151003837585449
vt 0.21820193529129028 0.8651043176651001
vt 0.23007126152515411 0.84096884727478027
vt 0.22698149085044861 0.8373725414276123
vt 0.22923825681209564 0.83265209197998047
vt 0.23232802748680115 0.83624839782714844
vt 0.24409165978431702 0.81211090087890625
vt 0.2405829131603241 0.80803042650222778
vt 0.24160346388816833 0.80594033002853394
vt 0.24532091617584229 0.81036496162414551
vt 0.25762099027633667 0.78521692752838135
vt 0.25379839539527893 0.78072232007980347
vt 0.25578558444976807 0.77667719125747681
vt 0.2592938244342804 0.78082567453384399
vt 0.28432360291481018 0.72965312004089355
vt 0.28128719329833984 0.72598981857299805
vt 0.28316712379455566 0.72214680910110474
vt 0.23462954163551331 0.57045400142669678
vt 0.22406505048274994 0.59024012088775635
vt 0.21204611659049988 0.61296325922012329
vt 0.14061298966407776 0.52330201864242554
vt 0 0.81017208099365234
vt 0.15150316059589386 1
vt 0.17535021901130676 0.57191109657287598
vt 0.17241735756397247 0.57530027627944946
vt 0.17451240122318268 0.57961553335189819
vt 0.17754985392093658 0.57608824968338013
vt 0.18936635553836823 0.60022473335266113
vt 0.1861196756362915 0.60402804613113403
vt 0.18740764260292053 0.6065213680267334
vt 0.19070664048194885 0.60264897346496582
vt 0.20268432796001434 0.62712264060974121
vt 0.19933409988880157 0.63120007514953613
vt 0.20158979296684265 0.63578444719314575
vt 0.20509855449199677 0.63170397281646729
vt 0.21718458831310272 0.65651583671569824
vt 0.21425174176692963 0.65990501642227173
vt 0.21521784365177155 0.66179198026657104
vt 0.21820193529129028 0.65819770097732544
vt 0.23007126152515411 0.68233323097229004
vt 0.22698149085044861 0.68592947721481323
vt 0.22923825681209564 0.69064992666244507
vt 0.23232802748680115 0.6870536208152771
vt 0.24409165978431702 0.71119111776351929
vt 0.2405829131603241 0.71527159214019775
vt 0.24160346388816833 0.7173616886138916
vt 0.24532091617584229 0.7129371166229248
vt 0.25762099027633667 0.73808515071868896
vt 0.25379839539527893 0.74257975816726685
vt 0.25578558444976807 0.74662482738494873
vt 0.2592938244342804 0.74247634410858154
vt 0.28432360291481018 0.79364889860153198
vt 0.28128719329833984 0.79731225967407227
vt 0.28316712379455566 0.8011552095413208
vt 0.23462954163551331 0.95284807682037354
vt 0.22406505048274994 0.93306195735931396
vt 0.21204611659049988 0.91033875942230225
vt 0.14061298966407776 1
vt 0 0.71312993764877319
vt 0.15150316059589386 0.52330201864242554
vt 0.68453729152679443 0
vt 0.68453729152679443 0.42082715034484863
vt 0.68453729152679443 0.52330148220062256
vt 0.68453729152679443 0.42082715034484863
vt 0.85101473331451416 0
vt 0.85101473331451416 0.15471941232681274
vt 0.85101473331451416 0.15471941232681274
vt 0.85101473331451416 0.52330148220062256
vt 0.28582054376602173 0.72520613670349121
vt 0.28582054376602173 0.71852779388427734
vt 0.28582054376602173 0.71852779388427734
vt 0.28582054376602173 0.71654260158538818
vt 0.28582054376602173 0.64469140768051147
vt 0.28582048416137695 0.63558751344680786
vt 0.28582054376602173 0.71654260158538818
vt 0.28582054376602173 0.68726944923400879
vt 0.28582054376602173 0.68726944923400879
vt 0.28582051396369934 0.65930855274200439
vt 0.28582051396369934 0.65930855274200439
vt 0.28582054376602173 0.65254026651382446
vt 0.28582054376602173 0.65254026651382446
vt 0.28582054376602173 0.64469140768051147
vt 0.28582054376602173 0.80477422475814819
vt 0.28582054376602173 0.79809582233428955
vt 0.28582054376602173 0.80675941705703735
vt 0.28582054376602173 0.80477422475814819
vt 0.28582048416137695 0.88771450519561768
vt 0.28582054376602173 0.87861073017120361
vt 0.28582054376602173 0.83603262901306152
vt 0.28582054376602173 0.80675941705703735
vt 0.28582051396369934 0.86399352550506592
vt 0.28582054376602173 0.83603262901306152
vt 0.28582054376602173 0.87076181173324585
vt 0.28582054376602173 0.87861073017120361
vt 0.28582054376602173 0.87076181173324585
vn 0.9999920129776001 0 -0.0039918478578329086
vn 0.9999920129776001 0 -0.0039918478578329086
vn 0.9999920129776001 0 -0.0039918478578329086
vn 0.9999920129776001 0 -0.0039918478578329086
vn 0.001573128392919898 0 0.99999874830245972
vn 0.001573128392919898 0 0.99999874830245972
vn 0.001573128392919898 0 0.99999874830245972
vn 0.001573128392919898 0 0.99999874830245972
vn -0.99999862909317017 0 0.0016515870811417699
vn -0.99999862909317017 0 0.0016515870811417699
vn -0.99999862909317017 0 0.0016515870811417699
vn -0.99999862909317017 0 0.0016515870811417699
vn -0.002443018602207303 0 0.99999701976776123
vn -0.002443018602207303 0 0.99999701976776123
vn -0.002443018602207303 0 0.99999701976776123
vn -0.002443018602207303 0 0.99999701976776123
vn 0.99999672174453735 0 0.0025556115433573723
vn 0.99999672174453735 0 0.0025556115433573723
vn 0.99999672174453735 0 0.0025556115433573723
vn 0.99999672174453735 0 0.0025556115433573723
vn -0.028456276282668114 0 0.999595046043396
vn -0.028456276282668114 0 0.999595046043396
vn -0.028456276282668114 0 0.999595046043396
vn -0.028456276282668114 0 0.999595046043396
vn -0.99999380111694336 0 -0.0035202745348215103
vn -0.99999380111694336 0 -0.0035202745348215103
vn -0.99999380111694336 0 -0.0035202745348215103
vn -0.99999380111694336 0 -0.0035202745348215103
vn -0.0022869852837175131 0 0.99999737739562988
vn -0.0022869852837175131 0 0.99999737739562988
vn -0.0022869852837175131 0 0.99999737739562988
vn -0.0022869852837175131 0 0.99999737739562988
vn 0.99977880716323853 0 0.02103043720126152
vn 0.99977880716323853 0 0.02103043720126152
vn 0.99977880716323853 0 0.02103043720126152
vn 0.99977880716323853 0 0.02103043720126152
vn -0.0048654121346771717 0 0.9999881386756897
vn -0.0048654121346771717 0 0.9999881386756897
vn -0.0048654121346771717 0 0.9999881386756897
vn -0.0048654121346771717 0 0.9999881386756897
vn -0.9999995231628418 0 0.00095499173039570451
vn -0.9999995231628418 0 0.00095499173039570451
vn -0.9999995231628418 0 0.00095499173039570451
vn -0.9999995231628418 0 0.00095499173039570451
vn -1.7925571228261106E-05 0 1
vn -1.7925571228261106E-05 0 1
vn -1.7925571228261106E-05 0 1
vn -1.7925571228261106E-05 0 1
vn 0.9999920129776001 0 -0.0039925267919898033
vn 0.9999920129776001 0 -0.0039925267919898033
vn 0.9999920129776001 0 -0.0039925267919898033
vn 0.9999920129776001 0 -0.0039925267919898033
vn -0.024113291874527931 0 0.99970924854278564
vn -0.024113291874527931 0 0.99970924854278564
vn -0.024113291874527931 0 0.99970924854278564
vn -0.024113291874527931 0 0.99970924854278564
vn -0.99987220764160156 0 -0.015985187143087387
vn -0.99987220764160156 0 -0.015985187143087387
vn -0.99987220764160156 0 -0.015985187143087387
vn -0.99987220764160156 0 -0.015985187143087387
vn -0.0046100891195237637 0 0.99998939037322998
vn -0.0046100891195237637 0 0.99998939037322998
vn -0.0046100891195237637 0 0.99998939037322998
vn -0.0046100891195237637 0 0.99998939037322998
vn 0.99999988079071045 0 -0.00054458808153867722
vn 0.99999988079071045 0 -0.00054458808153867722
vn 0.99999988079071045 0 -0.00054458808153867722
vn 0.99999988079071045 0 -0.00054458808153867722
vn 0.0089470716193318367 0 0.99995994567871094
vn 0.0089470716193318367 0 0.99995994567871094
vn 0.0089470716193318367 0 0.99995994567871094
vn 0.0089470716193318367 0 0.99995994567871094
vn -0.99999988079071045 0 0.00054462545085698366
vn -0.99999988079071045 0 0.00054462545085698366
vn -0.99999988079071045 0 0.00054462545085698366
vn -0.99999988079071045 0 0.00054462545085698366
vn -0.00026572975912131369 0 0.99999994039535522
vn -0.00026572975912131369 0 0.99999994039535522
vn -0.00026572975912131369 0 0.99999994039535522
vn -0.00026572975912131369 0 0.99999994039535522
vn 0.9999995231628418 0 -0.00095563184004276991
vn 0.9999995231628418 0 -0.00095563184004276991
vn 0.9999995231628418 0 -0.00095563184004276991
vn 0.9999995231628418 0 -0.00095563184004276991
vn -0.0011786198010668159 0 0.9999992847442627
vn -0.0011786198010668159 0 0.9999992847442627
vn -0.0011786198010668159 0 0.9999992847442627
vn -0.0011786198010668159 0 0.9999992847442627
vn -0.99994778633117676 0 -0.010220152325928211
vn -0.99994778633117676 0 -0.010220152325928211
vn -0.99994778633117676 0 -0.010220152325928211
vn -0.99994778633117676 0 -0.010220152325928211
vn -0.0019863741472363472 0 0.99999803304672241
vn -0.0019863741472363472 0 0.99999803304672241
vn -0.0019863741472363472 0 0.99999803304672241
vn -0.0019863741472363472 0 0.99999803304672241
vn 0.99999058246612549 0 0.0043374174274504185
vn 0.99999058246612549 0 0.0043374174274504185
vn 0.99999058246612549 0 0.0043374174274504185
vn 0.99999058246612549 0 0.0043374174274504185
vn -0.0041035506874322891 0 0.99999159574508667
vn -0.0041035506874322891 0 0.99999159574508667
vn -0.0041035506874322891 0 0.99999159574508667
vn -0.0041035506874322891 0 0.99999159574508667
vn -0.99997496604919434 0 -0.0070779239758849144
vn -0.99997496604919434 0 -0.0070779239758849144
vn -0.99997496604919434 0 -0.0070779239758849144
vn -0.99997496604919434 0 -0.0070779239758849144
vn -0.0020049042068421841 0 0.99999797344207764
vn -0.0020049042068421841 0 0.99999797344207764
vn -0.0020049042068421841 0 0.99999797344207764
vn -0.0020049042068421841 0 0.99999797344207764
vn 0.99985915422439575 0 0.016781983897089958
vn 0.99985915422439575 0 0.016781983897089958
vn 0.99985915422439575 0 0.016781983897089958
vn 0.99985915422439575 0 0.016781983897089958
vn -0.0020583821460604668 0 0.99999785423278809
vn -0.0020583821460604668 0 0.99999785423278809
vn -0.0020583821460604668 0 0.99999785423278809
vn -0.0020583821460604668 0 0.99999785423278809
vn -0.99998712539672852 0 0.0050736237317323685
vn -0.99998712539672852 0 0.0050736237317323685
vn 0.99908727407455444 0 0.042716052383184433
vn 0.99908727407455444 0 0.042716052383184433
vn 0.044620662927627563 0 -0.99900400638580322
vn 0.044620662927627563 0 -0.99900400638580322
vn 0.040003325790166855 0 -0.99919956922531128
vn 0.040003325790166855 0 -0.99919956922531128
vn 0.040003325790166855 0 -0.99919956922531128
vn 0.040003325790166855 0 -0.99919956922531128
vn 0.99934971332550049 0 0.036057759076356888
vn 0.99934971332550049 0 0.036057759076356888
vn 0.99934971332550049 0 0.036057759076356888
vn 0.99934971332550049 0 0.036057759076356888
vn 0.0030246046371757984 0 -0.99999541044235229
vn 0.0030246046371757984 0 -0.99999541044235229
vn 0.0030246046371757984 0 -0.99999541044235229
vn 0.0030246046371757984 0 -0.99999541044235229
vn -0.99938046932220459 0 -0.035194553434848785
vn -0.99938046932220459 0 -0.035194553434848785
vn -0.99938046932220459 0 -0.035194553434848785
vn -0.99938046932220459 0 -0.035194553434848785
vn -0.0034430746454745531 0 0.99999409914016724
vn -0.0034430746454745531 0 0.99999409914016724
vn -0.0034430746454745531 0 0.99999409914016724
vn -0.0034430746454745531 0 0.99999409914016724
vn 0 -1 0
vn 0 -1 0
vn 0 -1 0
vn 0 -1 0
vn 0 -1 0
vn 0 -1 0
vn 0 -1 0
vn 0 -1 0
vn 0 -1 0
vn 0 -1 0
vn 0 -1 0
vn 0 -1 0
vn 0 -1 0
vn 0 -1 0
vn 0 -1 0
vn 0 -1 0
vn 0 -1 0
vn 0 -1 0
vn 0 -1 0
vn 0 -1 0
vn 0 -1 0
vn 0 -1 0
vn 0 -1 0
vn 0 -1 0
vn 0 -1 0
vn 0 -1 0
vn 0 -1 0
vn 0 -1 0
vn 0 -1 0
vn 0 -1 0
vn 0 -1 0
vn 0 -1 0
vn 0 -1 0
vn 0 -1 0
vn 0 -1 0
vn 0 -1 0
vn 0 -1 0
vn 0 1 0
vn 0 1 0
vn 0 1 0
vn 0 1 0
vn 0 1 0
vn 0 1 0
vn 0 1 0
vn 0 1 0
vn 0 1 0
vn 0 1 0
vn 0 1 0
vn 0 1 0
vn 0 1 0
vn 0 1 0
vn 0 1 0
vn 0 1 0
vn 0 1 0
vn 0 1 0
vn 0 1 0
vn 0 1 0
vn 0 1 0
vn 0 1 0
vn 0 1 0
vn 0 1 0
vn 0 1 0
vn 0 1 0
vn 0 1 0
vn 0 1 0
vn 0 1 0
vn 0 1 0
vn 0 1 0
vn 0 1 0
vn 0 1 0
vn 0 1 0
vn 0 1 0
vn 0 1 0
vn 0 1 0
vn -0.99998712539672852 0 0.0050736237317323685
vn -0.99998712539672852 0 0.0050736237317323685
vn -0.99998712539672852 0 0.0050736237317323685
vn -0.99998712539672852 0 0.0050736237317323685
vn 0.99908727407455444 0 0.042716052383184433
vn 0.99908727407455444 0 0.042716052383184433
vn 0.99908727407455444 0 0.042716052383184433
vn 0.99908727407455444 0 0.042716052383184433
vn 0 -1 0
vn 0 -1 0
vn 0 -1 0
vn 0 -1 0
vn 0 -1 0
vn 0 -1 0
vn 0 -1 0
vn 0 -1 0
vn 0 -1 0
vn 0 -1 0
vn 0 -1 0
vn 0 -1 0
vn 0 -1 0
vn 0 -1 0
vn 0 1 0
vn 0 1 0
vn 0 1 0
vn 0 1 0
vn 0 1 0
vn 0 1 0
vn 0 1 0
vn 0 1 0
vn 0 1 0
vn 0 1 0
vn 0 1 0
vn 0 1 0
vn 0 1 0
f 1757/1757/1757 1759/1759/1759 1760/1760/1760 1758/1758/1758
f 1761/1761/1761 1763/1763/1763 1764/1764/1764 1762/1762/1762
f 1765/1765/1765 1767/1767/1767 1768/1768/1768 1766/1766/1766
f 1769/1769/1769 1771/1771/1771 1772/1772/1772 1770/1770/1770
f 1773/1773/1773 1775/1775/1775 1776/1776/1776 1774/1774/1774
f 1777/1777/1777 1779/1779/1779 1780/1780/1780 1778/1778/1778
f 1781/1781/1781 1783/1783/1783 1784/1784/1784 1782/1782/1782
f 1785/1785/1785 1787/1787/1787 1788/1788/1788 1786/1786/1786
f 1789/1789/1789 1791/1791/1791 1792/1792/1792 1790/1790/1790
f 1793/1793/1793 1795/1795/1795 1796/1796/1796 1794/1794/1794
f 1797/1797/1797 1799/1799/1799 1800/1800/1800 1798/1798/1798
f 1801/1801/1801 1803/1803/1803 1804/1804/1804 1802/1802/1802
f 1805/1805/1805 1807/1807/1807 1808/1808/1808 1806/1806/1806
f 1809/1809/1809 1811/1811/1811 1812/1812/1812 1810/1810/1810
f 1813/1813/1813 1815/1815/1815 1816/1816/1816 1814/1814/1814
f 1817/1817/1817 1819/1819/1819 1820/1820/1820 1818/1818/1818
f 1821/1821/1821 1823/1823/1823 1824/1824/1824 1822/1822/1822
f 1825/1825/1825 1827/1827/1827 1828/1828/1828 1826/1826/1826
f 1829/1829/1829 1831/1831/1831 1832/1832/1832 1830/1830/1830
f 1833/1833/1833 1835/1835/1835 1836/1836/1836 1834/1834/1834
f 1837/1837/1837 1839/1839/1839 1840/1840/1840 1838/1838/1838
f 1841/1841/1841 1843/1843/1843 1844/1844/1844 1842/1842/1842
f 1845/1845/1845 1847/1847/1847 1848/1848/1848 1846/1846/1846
f 1849/1849/1849 1851/1851/1851 1852/1852/1852 1850/1850/1850
f 1853/1853/1853 1855/1855/1855 1856/1856/1856 1854/1854/1854
f 1857/1857/1857 1859/1859/1859 1860/1860/1860 1858/1858/1858
f 1861/1861/1861 1863/1863/1863 1864/1864/1864 1862/1862/1862
f 1865/1865/1865 1867/1867/1867 1868/1868/1868 1866/1866/1866
f 1869/1869/1869 1871/1871/1871 1872/1872/1872 1870/1870/1870
f 1873/1873/1873 1875/1875/1875 1876/1876/1876 1874/1874/1874
f 1881/1881/1881 1883/1883/1883 1884/1884/1884 1882/1882/1882
f 1883/1883/1883 1885/1885/1885 1886/1886/1886 1884/1884/1884
f 1887/1887/1887 1889/1889/1889 1890/1890/1890 1888/1888/1888
f 1891/1891/1891 1893/1893/1893 1894/1894/1894 1892/1892/1892
f 1895/1895/1895 1897/1897/1897 1898/1898/1898 1896/1896/1896
f 1899/1899/1899 1901/1901/1901 1902/1902/1902 1900/1900/1900
f 1915/1915/1915 1914/1914/1914 1916/1916/1916
f 1916/1916/1916 1914/1914/1914 1913/1913/1913
f 1921/1921/1921 1923/1923/1923 1922/1922/1922
f 1938/1938/1938 1916/1916/1916 1913/1913/1913
f 1919/1919/1919 1917/1917/1917 1920/1920/1920
f 1916/1916/1916 1938/1938/1938 1917/1917/1917
f 1921/1921/1921 1924/1924/1924 1923/1923/1923
f 1918/1918/1918 1917/1917/1917 1919/1919/1919
f 1936/1936/1936 1920/1920/1920 1917/1917/1917
f 1939/1939/1939 1904/1904/1904 1903/1903/1903
f 1905/1905/1905 1904/1904/1904 1938/1938/1938
f 1938/1938/1938 1904/1904/1904 1939/1939/1939
f 1905/1905/1905 1907/1907/1907 1906/1906/1906
f 1911/1911/1911 1909/1909/1909 1912/1912/1912
f 1938/1938/1938 1913/1913/1913 1912/1912/1912
f 1910/1910/1910 1909/1909/1909 1911/1911/1911
f 1909/1909/1909 1908/1908/1908 1938/1938/1938
f 1905/1905/1905 1908/1908/1908 1907/1907/1907
f 1938/1938/1938 1912/1912/1912 1909/1909/1909
f 1908/1908/1908 1905/1905/1905 1938/1938/1938
f 1936/1936/1936 1921/1921/1921 1920/1920/1920
f 1933/1933/1933 1932/1932/1932 1936/1936/1936
f 1929/1929/1929 1932/1932/1932 1931/1931/1931
f 1927/1927/1927 1926/1926/1926 1925/1925/1925
f 1927/1927/1927 1925/1925/1925 1928/1928/1928
f 1936/1936/1936 1917/1917/1917 1938/1938/1938
f 1936/1936/1936 1924/1924/1924 1921/1921/1921
f 1924/1924/1924 1936/1936/1936 1925/1925/1925
f 1929/1929/1929 1928/1928/1928 1936/1936/1936
f 1931/1931/1931 1930/1930/1930 1929/1929/1929
f 1932/1932/1932 1929/1929/1929 1936/1936/1936
f 1936/1936/1936 1938/1938/1938 1937/1937/1937
f 1928/1928/1928 1925/1925/1925 1936/1936/1936
f 1952/1952/1952 1953/1953/1953 1951/1951/1951
f 1953/1953/1953 1950/1950/1950 1951/1951/1951
f 1958/1958/1958 1959/1959/1959 1960/1960/1960
f 1975/1975/1975 1950/1950/1950 1953/1953/1953
f 1956/1956/1956 1957/1957/1957 1954/1954/1954
f 1953/1953/1953 1954/1954/1954 1975/1975/1975
f 1958/1958/1958 1960/1960/1960 1961/1961/1961
f 1955/1955/1955 1956/1956/1956 1954/1954/1954
f 1973/1973/1973 1954/1954/1954 1957/1957/1957
f 1976/1976/1976 1940/1940/1940 1941/1941/1941
f 1942/1942/1942 1975/1975/1975 1941/1941/1941
f 1975/1975/1975 1976/1976/1976 1941/1941/1941
f 1942/1942/1942 1943/1943/1943 1944/1944/1944
f 1948/1948/1948 1949/1949/1949 1946/1946/1946
f 1975/1975/1975 1949/1949/1949 1950/1950/1950
f 1947/1947/1947 1948/1948/1948 1946/1946/1946
f 1946/1946/1946 1975/1975/1975 1945/1945/1945
f 1942/1942/1942 1944/1944/1944 1945/1945/1945
f 1975/1975/1975 1946/1946/1946 1949/1949/1949
f 1945/1945/1945 1975/1975/1975 1942/1942/1942
f 1973/1973/1973 1957/1957/1957 1958/1958/1958
f 1970/1970/1970 1973/1973/1973 1969/1969/1969
f 1966/1966/1966 1968/1968/1968 1969/1969/1969
f 1964/1964/1964 1962/1962/1962 1963/1963/1963
f 1964/1964/1964 1965/1965/1965 1962/1962/1962
f 1973/1973/1973 1975/1975/1975 1954/1954/1954
f 1973/1973/1973 1958/1958/1958 1961/1961/1961
f 1961/1961/1961 1962/1962/1962 1973/1973/1973
f 1966/1966/1966 1973/1973/1973 1965/1965/1965
f 1968/1968/1968 1966/1966/1966 1967/1967/1967
f 1969/1969/1969 1973/1973/1973 1966/1966/1966
f 1973/1973/1973 1974/1974/1974 1975/1975/1975
f 1965/1965/1965 1973/1973/1973 1962/1962/1962
f 1977/1977/1977 1978/1978/1978 1877/1877/1877
f 1878/1878/1878 1877/1877/1877 1980/1980/1980
f 1980/1980/1980 1979/1979/1979 1878/1878/1878
f 1880/1880/1880 1982/1982/1982 1879/1879/1879
f 1981/1981/1981 1879/1879/1879 1982/1982/1982
f 1984/1984/1984 1983/1983/1983 1880/1880/1880
f 1986/1986/1986 1985/1985/1985 1933/1933/1933
f 1988/1988/1988 1987/1987/1987 1933/1933/1933
f 1989/1989/1989 1934/1934/1934 1990/1990/1990
f 1992/1992/1992 1991/1991/1991 1933/1933/1933
f 1936/1936/1936 1992/1992/1992 1933/1933/1933
f 1994/1994/1994 1993/1993/1993 1936/1936/1936
f 1996/1996/1996 1936/1936/1936 1935/1935/1935
f 1936/1936/1936 1996/1996/1996 1995/1995/1995
f 1934/1934/1934 1998/1998/1998 1935/1935/1935
f 1997/1997/1997 1935/1935/1935 1998/1998/1998
f 2000/2000/2000 1999/1999/1999 1970/1970/1970
f 2001/2001/2001 1970/1970/1970 2002/2002/2002
f 2004/2004/2004 2003/2003/2003 1971/1971/1971
f 2005/2005/2005 1970/1970/1970 2006/2006/2006
f 1973/1973/1973 1970/1970/1970 2005/2005/2005
f 1973/1973/1973 2008/2008/2008 2007/2007/2007
f 2009/2009/2009 1972/1972/1972 1973/1973/1973
f 1973/1973/1973 2007/2007/2007 2009/2009/2009
f 1972/1972/1972 2010/2010/2010 1971/1971/1971
f 2011/2011/2011 2010/2010/2010 1972/1972/1972
usemtl Default
v 133.96043395996094 0 41.996513366699219
v 133.96043395996094 5.3000001907348633 41.996513366699219
v 133.95785522460938 0 41.352546691894531
v 133.95785522460938 5.3000001907348633 41.352546691894531
v 133.95785522460938 0 41.352546691894531
v 133.95785522460938 5.3000001907348633 41.352546691894531
v 134.57156372070312 0 41.351581573486328
v 134.57156372070312 5.3000001907348633 41.351581573486328
v 134.57156372070312 0 41.351581573486328
v 134.57156372070312 5.3000001907348633 41.351581573486328
v 134.57267761230469 0 42.019691467285156
v 134.57267761230469 5.3000001907348633 42.019691467285156
v 134.57267761230469 0 42.019691467285156
v 134.57267761230469 5.3000001907348633 42.019691467285156
v 138.0157470703125 0 42.028102874755859
v 138.0157470703125 5.3000001907348633 42.028102874755859
v 138.0157470703125 0 42.028102874755859
v 138.0157470703125 5.3000001907348633 42.028102874755859
v 138.017578125 0 41.311702728271484
v 138.017578125 5.3000001907348633 41.311702728271484
v 138.017578125 0 41.311702728271484
v 138.017578125 5.3000001907348633 41.311702728271484
v 138.38037109375 0 41.322032928466797
v 138.38037109375 5.3000001907348633 41.322032928466797
v 138.38037109375 0 41.322032928466797
v 138.38037109375 5.3000001907348633 41.322032928466797
v 138.3778076171875 0 42.050502777099609
v 138.3778076171875 5.3000001907348633 42.050502777099609
v 138.3778076171875 0 42.050502777099609
v 138.3778076171875 5.3000001907348633 42.050502777099609
v 141.86856079101562 0 42.058486938476562
v 141.86856079101562 5.3000001907348633 42.058486938476562
v 141.86856079101562 0 42.058486938476562
v 141.86856079101562 5.3000001907348633 42.058486938476562
v 141.88432312011719 0 41.308784484863281
v 141.88432312011719 5.3000001907348633 41.308784484863281
v 141.88432312011719 0 41.308784484863281
v 141.88432312011719 5.3000001907348633 41.308784484863281
v 142.53948974609375 0 41.311969757080078
v 142.53948974609375 5.3000001907348633 41.311969757080078
v 142.53948974609375 0 41.311969757080078
v 142.53948974609375 5.3000001907348633 41.311969757080078
v 142.54022216796875 0 42.084148406982422
v 142.54022216796875 5.3000001907348633 42.084148406982422
v 142.54022216796875 0 42.084148406982422
v 142.54022216796875 5.3000001907348633 42.084148406982422
v 146.07316589355469 0 42.084213256835938
v 146.07316589355469 5.3000001907348633 42.084213256835938
v 146.07316589355469 0 42.084213256835938
v 146.07316589355469 5.3000001907348633 42.084213256835938
v 146.07060241699219 0 41.44024658203125
v 146.07060241699219 5.3000001907348633 41.44024658203125
v 146.07060241699219 0 41.44024658203125
v 146.07060241699219 5.3000001907348633 41.44024658203125
v 146.34425354003906 0 41.446846008300781
v 146.34425354003906 5.3000001907348633 41.446846008300781
v 146.34425354003906 0 41.446846008300781
v 146.34425354003906 5.3000001907348633 41.446846008300781
v 146.3336181640625 0 42.112045288085938
v 146.3336181640625 5.3000001907348633 42.112045288085938
v 146.3336181640625 0 42.112045288085938
v 146.3336181640625 5.3000001907348633 42.112045288085938
v 149.78219604492188 0 42.127944946289062
v 149.78219604492188 5.3000001907348633 42.127944946289062
v 149.78219604492188 0 42.127944946289062
v 149.78219604492188 5.3000001907348633 42.127944946289062
v 149.78182983398438 0 41.447761535644531
v 149.78182983398438 5.3000001907348633 41.447761535644531
v 149.78182983398438 0 41.447761535644531
v 149.78182983398438 5.3000001907348633 41.447761535644531
v 150.44944763183594 0 41.441787719726562
v 150.44944763183594 5.3000001907348633 41.441787719726562
v 150.44944763183594 0 41.441787719726562
v 150.44944763183594 5.3000001907348633 41.441787719726562
v 150.4498291015625 0 42.121971130371094
v 150.4498291015625 5.3000001907348633 42.121971130371094
v 150.4498291015625 0 42.121971130371094
v 150.4498291015625 5.3000001907348633 42.121971130371094
v 153.88739013671875 0 42.122882843017578
v 153.88739013671875 5.3000001907348633 42.122882843017578
v 153.88739013671875 0 42.122882843017578
v 153.88739013671875 5.3000001907348633 42.122882843017578
v 153.88665771484375 0 41.350704193115234
v 153.88665771484375 5.3000001907348633 41.350704193115234
v 153.88665771484375 0 41.350704193115234
v 153.88665771484375 5.3000001907348633 41.350704193115234
v 154.18452453613281 0 41.351055145263672
v 154.18452453613281 5.3000001907348633 41.351055145263672
v 154.18452453613281 0 41.351055145263672
v 154.18452453613281 5.3000001907348633 41.351055145263672
v 154.17608642578125 0 42.176101684570312
v 154.17608642578125 5.3000001907348633 42.176101684570312
v 154.17608642578125 0 42.176101684570312
v 154.17608642578125 5.3000001907348633 42.176101684570312
v 157.76222229003906 0 42.1832275390625
v 157.76222229003906 5.3000001907348633 42.1832275390625
v 157.76222229003906 0 42.1832275390625
v 157.76222229003906 5.3000001907348633 42.1832275390625
v 157.76588439941406 0 41.338615417480469
v 157.76588439941406 5.3000001907348633 41.338615417480469
v 157.76588439941406 0 41.338615417480469
v 157.76588439941406 5.3000001907348633 41.338615417480469
v 158.34364318847656 0 41.340988159179688
v 158.34364318847656 5.3000001907348633 41.340988159179688
v 158.34364318847656 0 41.340988159179688
v 158.34364318847656 5.3000001907348633 41.340988159179688
v 158.33815002441406 0 42.117744445800781
v 158.33815002441406 5.3000001907348633 42.117744445800781
v 158.33815002441406 0 42.117744445800781
v 158.33815002441406 5.3000001907348633 42.117744445800781
v 165.63551330566406 0 42.132377624511719
v 165.63551330566406 5.3000001907348633 42.132377624511719
v 165.63551330566406 0 42.132377624511719
v 165.63551330566406 5.3000001907348633 42.132377624511719
v 165.64688110351562 0 41.455104827880859
v 165.64688110351562 5.3000001907348633 41.455104827880859
v 165.64688110351562 0 41.455104827880859
v 165.64688110351562 5.3000001907348633 41.455104827880859
v 166.19491577148438 0 41.456233978271484
v 166.19491577148438 5.3000001907348633 41.456233978271484
v 166.19491577148438 0 41.456233978271484
v 166.19491577148438 5.3000001907348633 41.456233978271484
v 174.83622741699219 0 24.256591796875
v 174.83622741699219 5.3000001907348633 24.256591796875
v 174.83622741699219 0 24.256591796875
v 174.83622741699219 5.3000001907348633 24.256591796875
v 171.92082214355469 0 24.126375198364258
v 171.92082214355469 5.3000001907348633 24.126375198364258
v 168.58470153808594 0 23.99281120300293
v 168.58470153808594 5.3000001907348633 23.99281120300293
v 168.58470153808594 0 23.99281120300293
v 168.58470153808594 5.3000001907348633 23.99281120300293
v 169.16818237304688 0 7.8214788436889648
v 169.16818237304688 5.3000001907348633 7.8214788436889648
v 169.16818237304688 0 7.8214788436889648
v 169.16818237304688 5.3000001907348633 7.8214788436889648
v 128.2281494140625 0 7.6976509094238281
v 128.2281494140625 5.3000001907348633 7.6976509094238281
v 128.2281494140625 0 7.6976509094238281
v 128.2281494140625 5.3000001907348633 7.6976509094238281
v 127.02110290527344 0 41.972621917724609
v 127.02110290527344 5.3000001907348633 41.972621917724609
v 127.02110290527344 0 41.972621917724609
v 127.02110290527344 5.3000001907348633 41.972621917724609
v 133.96043395996094 0 41.996513366699219
v 133.96043395996094 5.3000001907348633 41.996513366699219
v 133.96043395996094 0 41.996513366699219
v 133.95785522460938 0 41.352546691894531
v 134.57156372070312 0 41.351581573486328
v 134.57267761230469 0 42.019691467285156
v 138.0157470703125 0 42.028102874755859
v 138.017578125 0 41.311702728271484
v 138.38037109375 0 41.322032928466797
v 138.3778076171875 0 42.050502777099609
v 141.86856079101562 0 42.058486938476562
v 141.88432312011719 0 41.308784484863281
v 142.53948974609375 0 41.311969757080078
v 142.54022216796875 0 42.084148406982422
v 146.07316589355469 0 42.084213256835938
v 146.07060241699219 0 41.44024658203125
v 146.34425354003906 0 41.446846008300781
v 146.3336181640625 0 42.112045288085938
v 149.78219604492188 0 42.127944946289062
v 149.78182983398438 0 41.447761535644531
v 150.44944763183594 0 41.441787719726562
v 150.4498291015625 0 42.121971130371094
v 153.88739013671875 0 42.122882843017578
v 153.88665771484375 0 41.350704193115234
v 154.18452453613281 0 41.351055145263672
v 154.17608642578125 0 42.176101684570312
v 157.76222229003906 0 42.1832275390625
v 157.76588439941406 0 41.338615417480469
v 158.34364318847656 0 41.340988159179688
v 158.33815002441406 0 42.117744445800781
v 165.63551330566406 0 42.132377624511719
v 165.64688110351562 0 41.455104827880859
v 166.19491577148438 0 41.456233978271484
v 174.83622741699219 0 24.256591796875
v 171.92082214355469 0 24.126375198364258
v 168.58470153808594 0 23.99281120300293
v 169.16818237304688 0 7.8214788436889648
v 128.2281494140625 0 7.6976509094238281
v 127.02110290527344 0 41.972621917724609
v 133.96043395996094 5.3000001907348633 41.996513366699219
v 133.95785522460938 5.3000001907348633 41.352546691894531
v 134.57156372070312 5.3000001907348633 41.351581573486328
v 134.57267761230469 5.3000001907348633 42.019691467285156
v 138.0157470703125 5.3000001907348633 42.028102874755859
v 138.017578125 5.3000001907348633 41.311702728271484
v 138.38037109375 5.3000001907348633 41.322032928466797
v 138.3778076171875 5.3000001907348633 42.050502777099609
v 141.86856079101562 5.3000001907348633 42.058486938476562
v 141.88432312011719 5.3000001907348633 41.308784484863281
v 142.53948974609375 5.3000001907348633 41.311969757080078
v 142.54022216796875 5.3000001907348633 42.084148406982422
v 146.07316589355469 5.3000001907348633 42.084213256835938
v 146.07060241699219 5.3000001907348633 41.44024658203125
v 146.34425354003906 5.3000001907348633 41.446846008300781
v 146.3336181640625 5.3000001907348633 42.112045288085938
v 149.78219604492188 5.3000001907348633 42.127944946289062
v 149.78182983398438 5.3000001907348633 41.447761535644531
v 150.44944763183594 5.3000001907348633 41.441787719726562
v 150.4498291015625 5.3000001907348633 42.121971130371094
v 153.88739013671875 5.3000001907348633 42.122882843017578
v 153.88665771484375 5.3000001907348633 41.350704193115234
v 154.18452453613281 5.3000001907348633 41.351055145263672
v 154.17608642578125 5.3000001907348633 42.176101684570312
v 157.76222229003906 5.3000001907348633 42.1832275390625
v 157.76588439941406 5.3000001907348633 41.338615417480469
v 158.34364318847656 5.3000001907348633 41.340988159179688
v 158.33815002441406 5.3000001907348633 42.117744445800781
v 165.63551330566406 5.3000001907348633 42.132377624511719
v 165.64688110351562 5.3000001907348633 41.455104827880859
v 166.19491577148438 5.3000001907348633 41.456233978271484
v 174.83622741699219 5.3000001907348633 24.256591796875
v 171.92082214355469 5.3000001907348633 24.126375198364258
v 168.58470153808594 5.3000001907348633 23.99281120300293
v 169.16818237304688 5.3000001907348633 7.8214788436889648
v 128.2281494140625 5.3000001907348633 7.6976509094238281
v 127.02110290527344 5.3000001907348633 41.972621917724609
v 166.19787302747298 0 42.038368592559351
v 166.19787302747301 4.2621398251737048 42.038368592559337
v 166.19787302747298 5.3000001907348349 42.038368592559351
v 166.19787302747301 4.2621398251737048 42.038368592559337
v 174.33817267363793 0 35.905623336061936
v 174.33817267363793 1.5669990421840794 35.905623336061936
v 174.33817267363793 1.5669990421840794 35.905623336061936
v 174.33817267363793 5.3000001907348349 35.905623336061936
v 166.19787302747298 0 42.038368592559351
v 166.80448613269863 0 41.581357941194149
v 166.80448613269863 0 41.581357941194149
v 166.98480731129479 0 41.445507431906982
v 173.51124481684639 0 36.528614885714873
v 174.33817267363793 0 35.905623336061936
v 166.98480731129479 0 41.445507431906982
v 169.64376817811075 0 39.442297433260279
v 169.64376817811075 0 39.442297433260279
v 172.18352604639503 0 37.528892682034638
v 172.18352604639503 0 37.528892682034638
v 172.79830824064351 0 37.06572759605001
v 172.79830824064351 0 37.06572759605001
v 173.51124481684639 0 36.528614885714873
v 166.80448613269863 5.3000001907348704 41.581357941194149
v 166.19787302747298 5.3000001907348349 42.038368592559351
v 166.98480731129479 5.3000001907348704 41.445507431906982
v 166.80448613269863 5.3000001907348704 41.581357941194149
v 174.33817267363793 5.3000001907348349 35.905623336061936
v 173.51124481684639 5.3000001907348775 36.528614885714873
v 169.64376817811069 5.3000001907348704 39.442297433260308
v 166.98480731129479 5.3000001907348704 41.445507431906982
v 172.18352604639506 5.3000001907348704 37.528892682034609
v 169.64376817811069 5.3000001907348704 39.442297433260308
v 172.79830824064351 5.3000001907348704 37.06572759605001
v 173.51124481684639 5.3000001907348775 36.528614885714873
v 172.79830824064351 5.3000001907348704 37.06572759605001
vt 0 0
vt 0 0.52330148220062256
vt 0.02222222276031971 0
vt 0.02222222276031971 0.52330148220062256
vt 0.02222222276031971 0
vt 0.02222222276031971 0.52330148220062256
vt 0.04444444552063942 0
vt 0.04444444552063942 0.52330148220062256
vt 0.04444444552063942 0
vt 0.04444444552063942 0.52330148220062256
vt 0.066666670143604279 0
vt 0.066666670143604279 0.52330148220062256
vt 0.066666670143604279 0
vt 0.066666670143604279 0.52330148220062256
vt 0.088888891041278839 0
vt 0.088888891041278839 0.52330148220062256
vt 0.088888891041278839 0
vt 0.088888891041278839 0.52330148220062256
vt 0.1111111119389534 0
vt 0.1111111119389534 0.52330148220062256
vt 0.1111111119389534 0
vt 0.1111111119389534 0.52330148220062256
vt 0.13333334028720856 0
vt 0.13333334028720856 0.52330148220062256
vt 0.13333334028720856 0
vt 0.13333334028720856 0.52330148220062256
vt 0.15555556118488312 0
vt 0.15555556118488312 0.52330148220062256
vt 0.15555556118488312 0
vt 0.15555556118488312 0.52330148220062256
vt 0.17777778208255768 0
vt 0.17777778208255768 0.52330148220062256
vt 0.17777778208255768 0
vt 0.17777778208255768 0.52330148220062256
vt 0.20000000298023224 0
vt 0.20000000298023224 0.52330148220062256
vt 0.20000000298023224 0
vt 0.20000000298023224 0.52330148220062256
vt 0.2222222238779068 0
vt 0.2222222238779068 0.52330148220062256
vt 0.2222222238779068 0
vt 0.2222222238779068 0.52330148220062256
vt 0.24444444477558136 0
vt 0.24444444477558136 0.52330148220062256
vt 0.24444444477558136 0
vt 0.24444444477558136 0.52330148220062256
vt 0.26666668057441711 0
vt 0.26666668057441711 0.52330148220062256
vt 0.26666668057441711 0
vt 0.26666668057441711 0.52330148220062256
vt 0.28888890147209167 0
vt 0.28888890147209167 0.52330148220062256
vt 0.28888890147209167 0
vt 0.28888890147209167 0.52330148220062256
vt 0.31111112236976624 0
vt 0.31111112236976624 0.52330148220062256
vt 0.31111112236976624 0
vt 0.31111112236976624 0.52330148220062256
vt 0.3333333432674408 0
vt 0.3333333432674408 0.52330148220062256
vt 0.3333333432674408 0
vt 0.3333333432674408 0.52330148220062256
vt 0.35555556416511536 0
vt 0.35555556416511536 0.52330148220062256
vt 0.35555556416511536 0
vt 0.35555556416511536 0.52330148220062256
vt 0.37777778506278992 0
vt 0.37777778506278992 0.52330148220062256
vt 0.37777778506278992 0
vt 0.37777778506278992 0.52330148220062256
vt 0.40000000596046448 0
vt 0.40000000596046448 0.52330148220062256
vt 0.40000000596046448 0
vt 0.40000000596046448 0.52330148220062256
vt 0.42222222685813904 0
vt 0.42222222685813904 0.52330148220062256
vt 0.42222222685813904 0
vt 0.42222222685813904 0.52330148220062256
vt 0.4444444477558136 0
vt 0.4444444477558136 0.52330148220062256
vt 0.4444444477558136 0
vt 0.4444444477558136 0.52330148220062256
vt 0.46666666865348816 0
vt 0.46666666865348816 0.52330148220062256
vt 0.46666666865348816 0
vt 0.46666666865348816 0.52330148220062256
vt 0.48888888955116272 0
vt 0.48888888955116272 0.52330148220062256
vt 0.48888888955116272 0
vt 0.48888888955116272 0.52330148220062256
vt 0.51111114025115967 0
vt 0.51111114025115967 0.52330148220062256
vt 0.51111114025115967 0
vt 0.51111114025115967 0.52330148220062256
vt 0.53333336114883423 0
vt 0.53333336114883423 0.52330148220062256
vt 0.53333336114883423 0
vt 0.53333336114883423 0.52330148220062256
vt 0.55555558204650879 0
vt 0.55555558204650879 0.52330148220062256
vt 0.55555558204650879 0
vt 0.55555558204650879 0.52330148220062256
vt 0.57777780294418335 0
vt 0.57777780294418335 0.52330148220062256
vt 0.57777780294418335 0
vt 0.57777780294418335 0.52330148220062256
vt 0.60000002384185791 0
vt 0.60000002384185791 0.52330148220062256
vt 0.60000002384185791 0
vt 0.60000002384185791 0.52330148220062256
vt 0.62222224473953247 0
vt 0.62222224473953247 0.52330148220062256
vt 0.62222224473953247 0
vt 0.62222224473953247 0.52330148220062256
vt 0.64444446563720703 0
vt 0.64444446563720703 0.52330148220062256
vt 0.64444446563720703 0
vt 0.64444446563720703 0.52330148220062256
vt 0.66666668653488159 0
vt 0.66666668653488159 0.52330148220062256
vt 0.66666668653488159 0
vt 0.66666668653488159 0.52330148220062256
vt 0.86666667461395264 0
vt 0.86666667461395264 0.52330148220062256
vt 0.86666667461395264 0
vt 0.86666667461395264 0.52330148220062256
vt 0.8888888955116272 0
vt 0.8888888955116272 0.52330148220062256
vt 0.91111111640930176 0
vt 0.91111111640930176 0.52330148220062256
vt 0.91111111640930176 0
vt 0.91111111640930176 0.52330148220062256
vt 0.93333333730697632 0
vt 0.93333333730697632 0.52330148220062256
vt 0.93333333730697632 0
vt 0.93333333730697632 0.52330148220062256
vt 0.95555555820465088 0
vt 0.95555555820465088 0.52330148220062256
vt 0.95555555820465088 0
vt 0.95555555820465088 0.52330148220062256
vt 0.97777777910232544 0
vt 0.97777777910232544 0.52330148220062256
vt 0.97777777910232544 0
vt 0.97777777910232544 0.52330148220062256
vt 1 0
vt 1 0.52330148220062256
vt 0.17535021901130676 0.95139092206954956
vt 0.17241735756397247 0.94800174236297607
vt 0.17451240122318268 0.94368654489517212
vt 0.17754985392093658 0.94721376895904541
vt 0.18936635553836823 0.92307734489440918
vt 0.1861196756362915 0.9192739725112915
vt 0.18740764260292053 0.91678065061569214
vt 0.19070664048194885 0.92065304517745972
vt 0.20268432796001434 0.8961794376373291
vt 0.19933409988880157 0.8921019434928894
vt 0.20158979296684265 0.88751757144927979
vt 0.20509855449199677 0.89159804582595825
vt 0.21718458831310272 0.86678618192672729
vt 0.21425174176692963 0.86339700222015381
vt 0.21521784365177155 0.86151003837585449
vt 0.21820193529129028 0.8651043176651001
vt 0.23007126152515411 0.84096884727478027
vt 0.22698149085044861 0.8373725414276123
vt 0.22923825681209564 0.83265209197998047
vt 0.23232802748680115 0.83624839782714844
vt 0.24409165978431702 0.81211090087890625
vt 0.2405829131603241 0.80803042650222778
vt 0.24160346388816833 0.80594033002853394
vt 0.24532091617584229 0.81036496162414551
vt 0.25762099027633667 0.78521692752838135
vt 0.25379839539527893 0.78072232007980347
vt 0.25578558444976807 0.77667719125747681
vt 0.2592938244342804 0.78082567453384399
vt 0.28432360291481018 0.72965312004089355
vt 0.28128719329833984 0.72598981857299805
vt 0.28316712379455566 0.72214680910110474
vt 0.23462954163551331 0.57045400142669678
vt 0.22406505048274994 0.59024012088775635
vt 0.21204611659049988 0.61296325922012329
vt 0.14061298966407776 0.52330201864242554
vt 0 0.81017208099365234
vt 0.15150316059589386 1
vt 0.17535021901130676 0.57191109657287598
vt 0.17241735756397247 0.57530027627944946
vt 0.17451240122318268 0.57961553335189819
vt 0.17754985392093658 0.57608824968338013
vt 0.18936635553836823 0.60022473335266113
vt 0.1861196756362915 0.60402804613113403
vt 0.18740764260292053 0.6065213680267334
vt 0.19070664048194885 0.60264897346496582
vt 0.20268432796001434 0.62712264060974121
vt 0.19933409988880157 0.63120007514953613
vt 0.20158979296684265 0.63578444719314575
vt 0.20509855449199677 0.63170397281646729
vt 0.21718458831310272 0.65651583671569824
vt 0.21425174176692963 0.65990501642227173
vt 0.21521784365177155 0.66179198026657104
vt 0.21820193529129028 0.65819770097732544
vt 0.23007126152515411 0.68233323097229004
vt 0.22698149085044861 0.68592947721481323
vt 0.22923825681209564 0.69064992666244507
vt 0.23232802748680115 0.6870536208152771
vt 0.24409165978431702 0.71119111776351929
vt 0.2405829131603241 0.71527159214019775
vt 0.24160346388816833 0.7173616886138916
vt 0.24532091617584229 0.7129371166229248
vt 0.25762099027633667 0.73808515071868896
vt 0.25379839539527893 0.74257975816726685
vt 0.25578558444976807 0.74662482738494873
vt 0.2592938244342804 0.74247634410858154
vt 0.28432360291481018 0.79364889860153198
vt 0.28128719329833984 0.79731225967407227
vt 0.28316712379455566 0.8011552095413208
vt 0.23462954163551331 0.95284807682037354
vt 0.22406505048274994 0.93306195735931396
vt 0.21204611659049988 0.91033875942230225
vt 0.14061298966407776 1
vt 0 0.71312993764877319
vt 0.15150316059589386 0.52330201864242554
vt 0.68453729152679443 0
vt 0.68453729152679443 0.42082715034484863
vt 0.68453729152679443 0.52330148220062256
vt 0.68453729152679443 0.42082715034484863
vt 0.85101473331451416 0
vt 0.85101473331451416 0.15471941232681274
vt 0.85101473331451416 0.15471941232681274
vt 0.85101473331451416 0.52330148220062256
vt 0.28582054376602173 0.72520613670349121
vt 0.28582054376602173 0.71852779388427734
vt 0.28582054376602173 0.71852779388427734
vt 0.28582054376602173 0.71654260158538818
vt 0.28582054376602173 0.64469140768051147
vt 0.28582048416137695 0.63558751344680786
vt 0.28582054376602173 0.71654260158538818
vt 0.28582054376602173 0.68726944923400879
vt 0.28582054376602173 0.68726944923400879
vt 0.28582051396369934 0.65930855274200439
vt 0.28582051396369934 0.65930855274200439
vt 0.28582054376602173 0.65254026651382446
vt 0.28582054376602173 0.65254026651382446
vt 0.28582054376602173 0.64469140768051147
vt 0.28582054376602173 0.80477422475814819
vt 0.28582054376602173 0.79809582233428955
vt 0.28582054376602173 0.80675941705703735
vt 0.28582054376602173 0.80477422475814819
vt 0.28582048416137695 0.88771450519561768
vt 0.28582054376602173 0.87861073017120361
vt 0.28582054376602173 0.83603262901306152
vt 0.28582054376602173 0.80675941705703735
vt 0.28582051396369934 0.86399352550506592
vt 0.28582054376602173 0.83603262901306152
vt 0.28582054376602173 0.87076181173324585
vt 0.28582054376602173 0.87861073017120361
vt 0.28582054376602173 0.87076181173324585
vn 0.9999920129776001 0 -0.0039918478578329086
vn 0.9999920129776001 0 -0.0039918478578329086
vn 0.9999920129776001 0 -0.0039918478578329086
vn 0.9999920129776001 0 -0.0039918478578329086
vn 0.001573128392919898 0 0.99999874830245972
vn 0.001573128392919898 0 0.99999874830245972
vn 0.001573128392919898 0 0.99999874830245972
vn 0.001573128392919898 0 0.99999874830245972
vn -0.99999862909317017 0 0.0016515870811417699
vn -0.99999862909317017 0 0.0016515870811417699
vn -0.99999862909317017 0 0.0016515870811417699
vn -0.99999862909317017 0 0.0016515870811417699
vn -0.002443018602207303 0 0.99999701976776123
vn -0.002443018602207303 0 0.99999701976776123
vn -0.002443018602207303 0 0.99999701976776123
vn -0.002443018602207303 0 0.99999701976776123
vn 0.99999672174453735 0 0.0025556115433573723
vn 0.99999672174453735 0 0.0025556115433573723
vn 0.99999672174453735 0 0.0025556115433573723
vn 0.99999672174453735 0 0.0025556115433573723
vn -0.028456276282668114 0 0.999595046043396
vn -0.028456276282668114 0 0.999595046043396
vn -0.028456276282668114 0 0.999595046043396
vn -0.028456276282668114 0 0.999595046043396
vn -0.99999380111694336 0 -0.0035202745348215103
vn -0.99999380111694336 0 -0.0035202745348215103
vn -0.99999380111694336 0 -0.0035202745348215103
vn -0.99999380111694336 0 -0.0035202745348215103
vn -0.0022869852837175131 0 0.99999737739562988
vn -0.0022869852837175131 0 0.99999737739562988
vn -0.0022869852837175131 0 0.99999737739562988
vn -0.0022869852837175131 0 0.99999737739562988
vn 0.99977880716323853 0 0.02103043720126152
vn 0.99977880716323853 0 0.02103043720126152
vn 0.99977880716323853 0 0.02103043720126152
vn 0.99977880716323853 0 0.02103043720126152
vn -0.0048654121346771717 0 0.9999881386756897
vn -0.0048654121346771717 0 0.9999881386756897
vn -0.0048654121346771717 0 0.9999881386756897
vn -0.0048654121346771717 0 0.9999881386756897
vn -0.9999995231628418 0 0.00095499173039570451
vn -0.9999995231628418 0 0.00095499173039570451
vn -0.9999995231628418 0 0.00095499173039570451
vn -0.9999995231628418 0 0.00095499173039570451
vn -1.7925571228261106E-05 0 1
vn -1.7925571228261106E-05 0 1
vn -1.7925571228261106E-05 0 1
vn -1.7925571228261106E-05 0 1
vn 0.9999920129776001 0 -0.0039925267919898033
vn 0.9999920129776001 0 -0.0039925267919898033
vn 0.9999920129776001 0 -0.0039925267919898033
vn 0.9999920129776001 0 -0.0039925267919898033
vn -0.024113291874527931 0 0.99970924854278564
vn -0.024113291874527931 0 0.99970924854278564
vn -0.024113291874527931 0 0.99970924854278564
vn -0.024113291874527931 0 0.99970924854278564
vn -0.99987220764160156 0 -0.015985187143087387
vn -0.99987220764160156 0 -0.015985187143087387
vn -0.99987220764160156 0 -0.015985187143087387
vn -0.99987220764160156 0 -0.015985187143087387
vn -0.0046100891195237637 0 0.99998939037322998
vn -0.0046100891195237637 0 0.99998939037322998
vn -0.0046100891195237637 0 0.99998939037322998
vn -0.0046100891195237637 0 0.99998939037322998
vn 0.99999988079071045 0 -0.00054458808153867722
vn 0.99999988079071045 0 -0.00054458808153867722
vn 0.99999988079071045 0 -0.00054458808153867722
vn 0.99999988079071045 0 -0.00054458808153867722
vn 0.0089470716193318367 0 0.99995994567871094
vn 0.0089470716193318367 0 0.99995994567871094
vn 0.0089470716193318367 0 0.99995994567871094
vn 0.0089470716193318367 0 0.99995994567871094
vn -0.99999988079071045 0 0.00054462545085698366
vn -0.99999988079071045 0 0.00054462545085698366
vn -0.99999988079071045 0 0.00054462545085698366
vn -0.99999988079071045 0 0.00054462545085698366
vn -0.00026572975912131369 0 0.99999994039535522
vn -0.00026572975912131369 0 0.99999994039535522
vn -0.00026572975912131369 0 0.99999994039535522
vn -0.00026572975912131369 0 0.99999994039535522
vn 0.9999995231628418 0 -0.00095563184004276991
vn 0.9999995231628418 0 -0.00095563184004276991
vn 0.9999995231628418 0 -0.00095563184004276991
vn 0.9999995231628418 0 -0.00095563184004276991
vn -0.0011786198010668159 0 0.9999992847442627
vn -0.0011786198010668159 0 0.9999992847442627
vn -0.0011786198010668159 0 0.9999992847442627
vn -0.0011786198010668159 0 0.9999992847442627
vn -0.99994778633117676 0 -0.010220152325928211
vn -0.99994778633117676 0 -0.010220152325928211
vn -0.99994778633117676 0 -0.010220152325928211
vn -0.99994778633117676 0 -0.010220152325928211
vn -0.0019863741472363472 0 0.99999803304672241
vn -0.0019863741472363472 0 0.99999803304672241
vn -0.0019863741472363472 0 0.99999803304672241
vn -0.0019863741472363472 0 0.99999803304672241
vn 0.99999058246612549 0 0.0043374174274504185
vn 0.99999058246612549 0 0.0043374174274504185
vn 0.99999058246612549 0 0.0043374174274504185
vn 0.99999058246612549 0 0.0043374174274504185
vn -0.0041035506874322891 0 0.99999159574508667
vn -0.0041035506874322891 0 0.99999159574508667
vn -0.0041035506874322891 0 0.99999159574508667
vn -0.0041035506874322891 0 0.99999159574508667
vn -0.99997496604919434 0 -0.0070779239758849144
vn -0.99997496604919434 0 -0.0070779239758849144
vn -0.99997496604919434 0 -0.0070779239758849144
vn -0.99997496604919434 0 -0.0070779239758849144
vn -0.0020049042068421841 0 0.99999797344207764
vn -0.0020049042068421841 0 0.99999797344207764
vn -0.0020049042068421841 0 0.99999797344207764
vn -0.0020049042068421841 0 0.99999797344207764
vn 0.99985915422439575 0 0.016781983897089958
vn 0.99985915422439575 0 0.016781983897089958
vn 0.99985915422439575 0 0.016781983897089958
vn 0.99985915422439575 0 0.016781983897089958
vn -0.0020583821460604668 0 0.99999785423278809
vn -0.0020583821460604668 0 0.99999785423278809
vn -0.0020583821460604668 0 0.99999785423278809
vn -0.0020583821460604668 0 0.99999785423278809
vn -0.99998712539672852 0 0.0050736237317323685
vn -0.99998712539672852 0 0.0050736237317323685
vn 0.99908727407455444 0 0.042716052383184433
vn 0.99908727407455444 0 0.042716052383184433
vn 0.044620662927627563 0 -0.99900400638580322
vn 0.044620662927627563 0 -0.99900400638580322
vn 0.040003325790166855 0 -0.99919956922531128
vn 0.040003325790166855 0 -0.99919956922531128
vn 0.040003325790166855 0 -0.99919956922531128
vn 0.040003325790166855 0 -0.99919956922531128
vn 0.99934971332550049 0 0.036057759076356888
vn 0.99934971332550049 0 0.036057759076356888
vn 0.99934971332550049 0 0.036057759076356888
vn 0.99934971332550049 0 0.036057759076356888
vn 0.0030246046371757984 0 -0.99999541044235229
vn 0.0030246046371757984 0 -0.99999541044235229
vn 0.0030246046371757984 0 -0.99999541044235229
vn 0.0030246046371757984 0 -0.99999541044235229
vn -0.99938046932220459 0 -0.035194553434848785
vn -0.99938046932220459 0 -0.035194553434848785
vn -0.99938046932220459 0 -0.035194553434848785
vn -0.99938046932220459 0 -0.035194553434848785
vn -0.0034430746454745531 0 0.99999409914016724
vn -0.0034430746454745531 0 0.99999409914016724
vn -0.0034430746454745531 0 0.99999409914016724
vn -0.0034430746454745531 0 0.99999409914016724
vn 0 -1 0
vn 0 -1 0
vn 0 -1 0
vn 0 -1 0
vn 0 -1 0
vn 0 -1 0
vn 0 -1 0
vn 0 -1 0
vn 0 -1 0
vn 0 -1 0
vn 0 -1 0
vn 0 -1 0
vn 0 -1 0
vn 0 -1 0
vn 0 -1 0
vn 0 -1 0
vn 0 -1 0
vn 0 -1 0
vn 0 -1 0
vn 0 -1 0
vn 0 -1 0
vn 0 -1 0
vn 0 -1 0
vn 0 -1 0
vn 0 -1 0
vn 0 -1 0
vn 0 -1 0
vn 0 -1 0
vn 0 -1 0
vn 0 -1 0
vn 0 -1 0
vn 0 -1 0
vn 0 -1 0
vn 0 -1 0
vn 0 -1 0
vn 0 -1 0
vn 0 -1 0
vn 0 1 0
vn 0 1 0
vn 0 1 0
vn 0 1 0
vn 0 1 0
vn 0 1 0
vn 0 1 0
vn 0 1 0
vn 0 1 0
vn 0 1 0
vn 0 1 0
vn 0 1 0
vn 0 1 0
vn 0 1 0
vn 0 1 0
vn 0 1 0
vn 0 1 0
vn 0 1 0
vn 0 1 0
vn 0 1 0
vn 0 1 0
vn 0 1 0
vn 0 1 0
vn 0 1 0
vn 0 1 0
vn 0 1 0
vn 0 1 0
vn 0 1 0
vn 0 1 0
vn 0 1 0
vn 0 1 0
vn 0 1 0
vn 0 1 0
vn 0 1 0
vn 0 1 0
vn 0 1 0
vn 0 1 0
vn -0.99998712539672852 0 0.0050736237317323685
vn -0.99998712539672852 0 0.0050736237317323685
vn -0.99998712539672852 0 0.0050736237317323685
vn -0.99998712539672852 0 0.0050736237317323685
vn 0.99908727407455444 0 0.042716052383184433
vn 0.99908727407455444 0 0.042716052383184433
vn 0.99908727407455444 0 0.042716052383184433
vn 0.99908727407455444 0 0.042716052383184433
vn 0 -1 0
vn 0 -1 0
vn 0 -1 0
vn 0 -1 0
vn 0 -1 0
vn 0 -1 0
vn 0 -1 0
vn 0 -1 0
vn 0 -1 0
vn 0 -1 0
vn 0 -1 0
vn 0 -1 0
vn 0 -1 0
vn 0 -1 0
vn 0 1 0
vn 0 1 0
vn 0 1 0
vn 0 1 0
vn 0 1 0
vn 0 1 0
vn 0 1 0
vn 0 1 0
vn 0 1 0
vn 0 1 0
vn 0 1 0
vn 0 1 0
vn 0 1 0
f 2012/2012/2012 2014/2014/2014 2015/2015/2015 2013/2013/2013
f 2016/2016/2016 2018/2018/2018 2019/2019/2019 2017/2017/2017
f 2020/2020/2020 2022/2022/2022 2023/2023/2023 2021/2021/2021
f 2024/2024/2024 2026/2026/2026 2027/2027/2027 2025/2025/2025
f 2028/2028/2028 2030/2030/2030 2031/2031/2031 2029/2029/2029
f 2032/2032/2032 2034/2034/2034 2035/2035/2035 2033/2033/2033
f 2036/2036/2036 2038/2038/2038 2039/2039/2039 2037/2037/2037
f 2040/2040/2040 2042/2042/2042 2043/2043/2043 2041/2041/2041
f 2044/2044/2044 2046/2046/2046 2047/2047/2047 2045/2045/2045
f 2048/2048/2048 2050/2050/2050 2051/2051/2051 2049/2049/2049
f 2052/2052/2052 2054/2054/2054 2055/2055/2055 2053/2053/2053
f 2056/2056/2056 2058/2058/2058 2059/2059/2059 2057/2057/2057
f 2060/2060/2060 2062/2062/2062 2063/2063/2063 2061/2061/2061
f 2064/2064/2064 2066/2066/2066 2067/2067/2067 2065/2065/2065
f 2068/2068/2068 2070/2070/2070 2071/2071/2071 2069/2069/2069
f 2072/2072/2072 2074/2074/2074 2075/2075/2075 2073/2073/2073
f 2076/2076/2076 2078/2078/2078 2079/2079/2079 2077/2077/2077
f 2080/2080/2080 2082/2082/2082 2083/2083/2083 2081/2081/2081
f 2084/2084/2084 2086/2086/2086 2087/2087/2087 2085/2085/2085
f 2088/2088/2088 2090/2090/2090 2091/2091/2091 2089/2089/2089
f 2092/2092/2092 2094/2094/2094 2095/2095/2095 2093/2093/2093
f 2096/2096/2096 2098/2098/2098 2099/2099/2099 2097/2097/2097
f 2100/2100/2100 2102/2102/2102 2103/2103/2103 2101/2101/2101
f 2104/2104/2104 2106/2106/2106 2107/2107/2107 2105/2105/2105
f 2108/2108/2108 2110/2110/2110 2111/2111/2111 2109/2109/2109
f 2112/2112/2112 2114/2114/2114 2115/2115/2115 2113/2113/2113
f 2116/2116/2116 2118/2118/2118 2119/2119/2119 2117/2117/2117
f 2120/2120/2120 2122/2122/2122 2123/2123/2123 2121/2121/2121
f 2124/2124/2124 2126/2126/2126 2127/2127/2127 2125/2125/2125
f 2128/2128/2128 2130/2130/2130 2131/2131/2131 2129/2129/2129
f 2136/2136/2136 2138/2138/2138 2139/2139/2139 2137/2137/2137
f 2138/2138/2138 2140/2140/2140 2141/2141/2141 2139/2139/2139
f 2142/2142/2142 2144/2144/2144 2145/2145/2145 2143/2143/2143
f 2146/2146/2146 2148/2148/2148 2149/2149/2149 2147/2147/2147
f 2150/2150/2150 2152/2152/2152 2153/2153/2153 2151/2151/2151
f 2154/2154/2154 2156/2156/2156 2157/2157/2157 2155/2155/2155
f 2170/2170/2170 2169/2169/2169 2171/2171/2171
f 2171/2171/2171 2169/2169/2169 2168/2168/2168
f 2176/2176/2176 2178/2178/2178 2177/2177/2177
f 2193/2193/2193 2171/2171/2171 2168/2168/2168
f 2174/2174/2174 2172/2172/2172 2175/2175/2175
f 2171/2171/2171 2193/2193/2193 2172/2172/2172
f 2176/2176/2176 2179/2179/2179 2178/2178/2178
f 2173/2173/2173 2172/2172/2172 2174/2174/2174
f 2191/2191/2191 2175/2175/2175 2172/2172/2172
f 2194/2194/2194 2159/2159/2159 2158/2158/2158
f 2160/2160/2160 2159/2159/2159 2193/2193/2193
f 2193/2193/2193 2159/2159/2159 2194/2194/2194
f 2160/2160/2160 2162/2162/2162 2161/2161/2161
f 2166/2166/2166 2164/2164/2164 2167/2167/2167
f 2193/2193/2193 2168/2168/2168 2167/2167/2167
f 2165/2165/2165 2164/2164/2164 2166/2166/2166
f 2164/2164/2164 2163/2163/2163 2193/2193/2193
f 2160/2160/2160 2163/2163/2163 2162/2162/2162
f 2193/2193/2193 2167/2167/2167 2164/2164/2164
f 2163/2163/2163 2160/2160/2160 2193/2193/2193
f 2191/2191/2191 2176/2176/2176 2175/2175/2175
f 2188/2188/2188 2187/2187/2187 2191/2191/2191
f 2184/2184/2184 2187/2187/2187 2186/2186/2186
f 2182/2182/2182 2181/2181/2181 2180/2180/2180
f 2182/2182/2182 2180/2180/2180 2183/2183/2183
f 2191/2191/2191 2172/2172/2172 2193/2193/2193
f 2191/2191/2191 2179/2179/2179 2176/2176/2176
f 2179/2179/2179 2191/2191/2191 2180/2180/2180
f 2184/2184/2184 2183/2183/2183 2191/2191/2191
f 2186/2186/2186 2185/2185/2185 2184/2184/2184
f 2187/2187/2187 2184/2184/2184 2191/2191/2191
f 2191/2191/2191 2193/2193/2193 2192/2192/2192
f 2183/2183/2183 2180/2180/2180 2191/2191/2191
f 2207/2207/2207 2208/2208/2208 2206/2206/2206
f 2208/2208/2208 2205/2205/2205 2206/2206/2206
f 2213/2213/2213 2214/2214/2214 2215/2215/2215
f 2230/2230/2230 2205/2205/2205 2208/2208/2208
f 2211/2211/2211 2212/2212/2212 2209/2209/2209
f 2208/2208/2208 2209/2209/2209 2230/2230/2230
f 2213/2213/2213 2215/2215/2215 2216/2216/2216
f 2210/2210/2210 2211/2211/2211 2209/2209/2209
f 2228/2228/2228 2209/2209/2209 2212/2212/2212
f 2231/2231/2231 2195/2195/2195 2196/2196/2196
f 2197/2197/2197 2230/2230/2230 2196/2196/2196
f 2230/2230/2230 2231/2231/2231 2196/2196/2196
f 2197/2197/2197 2198/2198/2198 2199/2199/2199
f 2203/2203/2203 2204/2204/2204 2201/2201/2201
f 2230/2230/2230 2204/2204/2204 2205/2205/2205
f 2202/2202/2202 2203/2203/2203 2201/2201/2201
f 2201/2201/2201 2230/2230/2230 2200/2200/2200
f 2197/2197/2197 2199/2199/2199 2200/2200/2200
f 2230/2230/2230 2201/2201/2201 2204/2204/2204
f 2200/2200/2200 2230/2230/2230 2197/2197/2197
f 2228/2228/2228 2212/2212/2212 2213/2213/2213
f 2225/2225/2225 2228/2228/2228 2224/2224/2224
f 2221/2221/2221 2223/2223/2223 2224/2224/2224
f 2219/2219/2219 2217/2217/2217 2218/2218/2218
f 2219/2219/2219 2220/2220/2220 2217/2217/2217
f 2228/2228/2228 2230/2230/2230 2209/2209/2209
f 2228/2228/2228 2213/2213/2213 2216/2216/2216
f 2216/2216/2216 2217/2217/2217 2228/2228/2228
f 2221/2221/2221 2228/2228/2228 2220/2220/2220
f 2223/2223/2223 2221/2221/2221 2222/2222/2222
f 2224/2224/2224 2228/2228/2228 2221/2221/2221
f 2228/2228/2228 2229/2229/2229 2230/2230/2230
f 2220/2220/2220 2228/2228/2228 2217/2217/2217
f 2232/2232/2232 2233/2233/2233 2132/2132/2132
f 2133/2133/2133 2132/2132/2132 2235/2235/2235
f 2235/2235/2235 2234/2234/2234 2133/2133/2133
f 2135/2135/2135 2237/2237/2237 2134/2134/2134
f 2236/2236/2236 2134/2134/2134 2237/2237/2237
f 2239/2239/2239 2238/2238/2238 2135/2135/2135
f 2241/2241/2241 2240/2240/2240 2188/2188/2188
f 2243/2243/2243 2242/2242/2242 2188/2188/2188
f 2244/2244/2244 2189/2189/2189 2245/2245/2245
f 2247/2247/2247 2246/2246/2246 2188/2188/2188
f 2191/2191/2191 2247/2247/2247 2188/2188/2188
f 2249/2249/2249 2248/2248/2248 2191/2191/2191
f 2251/2251/2251 2191/2191/2191 2190/2190/2190
f 2191/2191/2191 2251/2251/2251 2250/2250/2250
f 2189/2189/2189 2253/2253/2253 2190/2190/2190
f 2252/2252/2252 2190/2190/2190 2253/2253/2253
f 2255/2255/2255 2254/2254/2254 2225/2225/2225
f 2256/2256/2256 2225/2225/2225 2257/2257/2257
f 2259/2259/2259 2258/2258/2258 2226/2226/2226
f 2260/2260/2260 2225/2225/2225 2261/2261/2261
f 2228/2228/2228 2225/2225/2225 2260/2260/2260
f 2228/2228/2228 2263/2263/2263 2262/2262/2262
f 2264/2264/2264 2227/2227/2227 2228/2228/2228
f 2228/2228/2228 2262/2262/2262 2264/2264/2264
f 2227/2227/2227 2265/2265/2265 2226/2226/2226
f 2266/2266/2266 2265/2265/2265 2227/2227/2227
usemtl Default
v 175.07392883300781 0 24.266529083251953
v 175.07392883300781 8.5 24.266529083251953
v 175.07392883300781 0 24.266529083251953
v 175.07392883300781 8.5 24.266529083251953
v 174.83622741699219 0 24.256591796875
v 174.83622741699219 8.5 24.256591796875
v 174.83622741699219 0 24.256591796875
v 174.83622741699219 8.5 24.256591796875
v 175.07392883300781 0 24.266529083251953
v 174.83622741699219 0 24.256591796875
v 175.07392883300781 8.5 24.266529083251953
v 174.83622741699219 8.5 24.256591796875
v 175.52901700079425 0 12.845793447209958
v 175.52901700079423 4.0154856820371947 12.845793447209958
v 175.52901700079423 8.5 12.845793447209958
v 174.33817267363793 5.9868884190138232 35.905623336061915
v 174.33817267363793 0 35.905623336061936
v 174.33817267363793 8.4999999999999929 35.905623336061922
v 174.33817267363793 5.9868884190138232 35.905623336061915
v 174.33817267363793 0 35.905623336061936
v 174.74325681778365 0 35.600440729588421
v 177.46302725295959 0 33.551417971200721
v 174.81935510800548 0 35.543109740721739
v 177.46302725295959 0 33.551417971200721
v 179.46724723264475 0 32.041477169551953
v 180.72180412302401 0 31.096318127144418
v 180.92933148390756 0 30.939971003159641
v 179.46724723264475 0 32.041477169551953
v 180.72180412302401 0 31.096318127144418
v 174.74325681778365 0 35.600440729588421
v 174.81935510800548 0 35.543109740721739
v 177.94236332642259 0 16.049148819614089
v 175.52901700079425 0 12.845793447209958
v 180.92933148390756 0 30.939971003159641
v 186.18040466308594 0 26.983913421630859
v 177.94236332642259 0 16.049148819614089
v 174.74325681778367 8.5000000000000071 35.600440729588399
v 174.33817267363793 8.4999999999999929 35.905623336061922
v 177.46302725295959 8.5000000000000071 33.551417971200721
v 174.81935510800548 8.4999999999999858 35.543109740721761
v 179.46724723264472 8.4999999999999929 32.041477169551953
v 177.46302725295959 8.5000000000000071 33.551417971200721
v 180.92933148390756 8.5000000000000071 30.939971003159641
v 180.72180412302401 8.5 31.096318127144418
v 180.72180412302401 8.5 31.096318127144418
v 174.81935510800548 8.4999999999999858 35.543109740721761
v 174.74325681778367 8.5000000000000071 35.600440729588399
v 175.52901700079423 8.5 12.845793447209958
v 177.94236332642257 8.5 16.049148819614093
v 177.94236332642257 8.5 16.049148819614093
v 186.18040466308594 8.4999999999999929 26.983913421630859
v 180.92933148390756 8.5000000000000071 30.939971003159641
vt 0.6428571343421936 0
vt 0.6428571343421936 0.56146615743637085
vt 0.6428571343421936 0
vt 0.6428571343421936 0.56146615743637085
vt 0.71428573131561279 0
vt 0.71428573131561279 0.56146615743637085
vt 0.71428573131561279 0
vt 0.71428573131561279 0.56146615743637085
vt 0.15806891024112701 0.83699709177017212
vt 0.15664593875408173 0.83965641260147095
vt 0.15806891024112701 0.72446960210800171
vt 0.15664593875408173 0.72181028127670288
vt 0.60517215728759766 0
vt 0.60517215728759766 0.26524227857589722
vt 0.60517215728759766 0.56146615743637085
vt 0.76459568738937378 0.39546296000480652
vt 0.76459568738937378 0
vt 0.76459568738937378 0.56146615743637085
vt 0.76459568738937378 0.39546296000480652
vt 0.24151644110679626 0.94678634405136108
vt 0.24151647090911865 0.93945115804672241
vt 0.24151648581027985 0.89020222425460815
vt 0.24151650071144104 0.93807321786880493
vt 0.24151648581027985 0.89020222425460815
vt 0.24151647090911865 0.85391038656234741
vt 0.24151645600795746 0.83119320869445801
vt 0.24151647090911865 0.82743531465530396
vt 0.24151647090911865 0.85391038656234741
vt 0.24151645600795746 0.83119320869445801
vt 0.24151647090911865 0.93945115804672241
vt 0.24151650071144104 0.93807321786880493
vt 0.11247595399618149 0.73235023021697998
vt 0.074673347175121307 0.73235028982162476
vt 0.24151647090911865 0.82743531465530396
vt 0.24151648581027985 0.73235023021697998
vt 0.11247595399618149 0.73235023021697998
vt 0.24151647090911865 0.62201559543609619
vt 0.24151644110679626 0.61468040943145752
vt 0.24151648581027985 0.67126446962356567
vt 0.24151650071144104 0.62339353561401367
vt 0.24151647090911865 0.70755630731582642
vt 0.24151648581027985 0.67126446962356567
vt 0.24151647090911865 0.73403137922286987
vt 0.24151645600795746 0.73027348518371582
vt 0.24151645600795746 0.73027348518371582
vt 0.24151650071144104 0.62339353561401367
vt 0.24151647090911865 0.62201559543609619
vt 0.074673347175121307 0.82911640405654907
vt 0.11247595399618149 0.82911640405654907
vt 0.11247595399618149 0.82911640405654907
vt 0.24151648581027985 0.82911646366119385
vt 0.24151647090911865 0.73403137922286987
vn -0.9992070198059082 0 -0.039815809577703476
vn -0.9992070198059082 0 -0.039815809577703476
vn 0.041770417243242264 0 -0.99912720918655396
vn 0.041770417243242264 0 -0.99912720918655396
vn 0.041770417243242264 0 -0.99912720918655396
vn 0.041770417243242264 0 -0.99912720918655396
vn -0.99908727407455444 0 -0.042716052383184433
vn -0.99908727407455444 0 -0.042716052383184433
vn 0 -1 0
vn 0 -1 0
vn 0 1 0
vn 0 1 0
vn -0.9992070198059082 0 -0.039815809577703476
vn -0.9992070198059082 0 -0.039815809577703476
vn -0.9992070198059082 0 -0.039815809577703476
vn -0.99908727407455444 0 -0.042716052383184433
vn -0.99908727407455444 0 -0.042716052383184433
vn -0.99908727407455444 0 -0.042716052383184433
vn -0.99908727407455444 0 -0.042716052383184433
vn 0 -1 0
vn 0 -1 0
vn 0 -1 0
vn 0 -1 0
vn 0 -1 0
vn 0 -1 0
vn 0 -1 0
vn 0 -1 0
vn 0 -1 0
vn 0 -1 0
vn 0 -1 0
vn 0 -1 0
vn 0 -1 0
vn 0 -1 0
vn 0 -1 0
vn 0 -1 0
vn 0 -1 0
vn 0 1 0
vn 0 1 0
vn 0 1 0
vn 0 1 0
vn 0 1 0
vn 0 1 0
vn 0 1 0
vn 0 1 0
vn 0 1 0
vn 0 1 0
vn 0 1 0
vn 0 1 0
vn 0 1 0
vn 0 1 0
vn 0 1 0
vn 0 1 0
f 2269/2269/2269 2271/2271/2271 2272/2272/2272 2270/2270/2270
f 2268/2268/2268 2280/2280/2280 2267/2267/2267
f 2279/2279/2279 2267/2267/2267 2280/2280/2280
f 2281/2281/2281 2280/2280/2280 2268/2268/2268
f 2283/2283/2283 2282/2282/2282 2273/2273/2273
f 2285/2285/2285 2274/2274/2274 2273/2273/2273
f 2274/2274/2274 2285/2285/2285 2284/2284/2284
f 2286/2286/2286 2276/2276/2276 2287/2287/2287
f 2288/2288/2288 2289/2289/2289 2275/2275/2275
f 2290/2290/2290 2275/2275/2275 2291/2291/2291
f 2293/2293/2293 2292/2292/2292 2275/2275/2275
f 2275/2275/2275 2295/2295/2295 2294/2294/2294
f 2297/2297/2297 2276/2276/2276 2275/2275/2275
f 2276/2276/2276 2297/2297/2297 2296/2296/2296
f 2299/2299/2299 2298/2298/2298 2275/2275/2275
f 2301/2301/2301 2275/2275/2275 2302/2302/2302
f 2275/2275/2275 2301/2301/2301 2300/2300/2300
f 2304/2304/2304 2303/2303/2303 2278/2278/2278
f 2277/2277/2277 2306/2306/2306 2305/2305/2305
f 2308/2308/2308 2307/2307/2307 2277/2277/2277
f 2309/2309/2309 2277/2277/2277 2310/2310/2310
f 2307/2307/2307 2311/2311/2311 2277/2277/2277
f 2313/2313/2313 2312/2312/2312 2278/2278/2278
f 2277/2277/2277 2278/2278/2278 2312/2312/2312
f 2314/2314/2314 2277/2277/2277 2315/2315/2315
f 2277/2277/2277 2317/2317/2317 2316/2316/2316
f 2317/2317/2317 2277/2277/2277 2318/2318/2318
usemtl Default
v 175.07392883300781 0 24.266529083251953
v 175.07392883300781 8.5 24.266529083251953
v 175.07392883300781 0 24.266529083251953
v 175.07392883300781 8.5 24.266529083251953
v 174.83622741699219 0 24.256591796875
v 174.83622741699219 8.5 24.256591796875
v 174.83622741699219 0 24.256591796875
v 174.83622741699219 8.5 24.256591796875
v 175.07392883300781 0 24.266529083251953
v 174.83622741699219 0 24.256591796875
v 175.07392883300781 8.5 24.266529083251953
v 174.83622741699219 8.5 24.256591796875
v 175.52901700079425 0 12.845793447209958
v 175.52901700079423 4.0154856820371947 12.845793447209958
v 175.52901700079423 8.5 12.845793447209958
v 174.33817267363793 5.9868884190138232 35.905623336061915
v 174.33817267363793 0 35.905623336061936
v 174.33817267363793 8.4999999999999929 35.905623336061922
v 174.33817267363793 5.9868884190138232 35.905623336061915
v 174.33817267363793 0 35.905623336061936
v 174.74325681778365 0 35.600440729588421
v 177.46302725295959 0 33.551417971200721
v 174.81935510800548 0 35.543109740721739
v 177.46302725295959 0 33.551417971200721
v 179.46724723264475 0 32.041477169551953
v 180.72180412302401 0 31.096318127144418
v 180.92933148390756 0 30.939971003159641
v 179.46724723264475 0 32.041477169551953
v 180.72180412302401 0 31.096318127144418
v 174.74325681778365 0 35.600440729588421
v 174.81935510800548 0 35.543109740721739
v 177.94236332642259 0 16.049148819614089
v 175.52901700079425 0 12.845793447209958
v 180.92933148390756 0 30.939971003159641
v 186.18040466308594 0 26.983913421630859
v 177.94236332642259 0 16.049148819614089
v 174.74325681778367 8.5000000000000071 35.600440729588399
v 174.33817267363793 8.4999999999999929 35.905623336061922
v 177.46302725295959 8.5000000000000071 33.551417971200721
v 174.81935510800548 8.4999999999999858 35.543109740721761
v 179.46724723264472 8.4999999999999929 32.041477169551953
v 177.46302725295959 8.5000000000000071 33.551417971200721
v 180.92933148390756 8.5000000000000071 30.939971003159641
v 180.72180412302401 8.5 31.096318127144418
v 180.72180412302401 8.5 31.096318127144418
v 174.81935510800548 8.4999999999999858 35.543109740721761
v 174.74325681778367 8.5000000000000071 35.600440729588399
v 175.52901700079423 8.5 12.845793447209958
v 177.94236332642257 8.5 16.049148819614093
v 177.94236332642257 8.5 16.049148819614093
v 186.18040466308594 8.4999999999999929 26.983913421630859
v 180.92933148390756 8.5000000000000071 30.939971003159641
vt 0.6428571343421936 0
vt 0.6428571343421936 0.56146615743637085
vt 0.6428571343421936 0
vt 0.6428571343421936 0.56146615743637085
vt 0.71428573131561279 0
vt 0.71428573131561279 0.56146615743637085
vt 0.71428573131561279 0
vt 0.71428573131561279 0.56146615743637085
vt 0.15806891024112701 0.83699709177017212
vt 0.15664593875408173 0.83965641260147095
vt 0.15806891024112701 0.72446960210800171
vt 0.15664593875408173 0.72181028127670288
vt 0.60517215728759766 0
vt 0.60517215728759766 0.26524227857589722
vt 0.60517215728759766 0.56146615743637085
vt 0.76459568738937378 0.39546296000480652
vt 0.76459568738937378 0
vt 0.76459568738937378 0.56146615743637085
vt 0.76459568738937378 0.39546296000480652
vt 0.24151644110679626 0.94678634405136108
vt 0.24151647090911865 0.93945115804672241
vt 0.24151648581027985 0.89020222425460815
vt 0.24151650071144104 0.93807321786880493
vt 0.24151648581027985 0.89020222425460815
vt 0.24151647090911865 0.85391038656234741
vt 0.24151645600795746 0.83119320869445801
vt 0.24151647090911865 0.82743531465530396
vt 0.24151647090911865 0.85391038656234741
vt 0.24151645600795746 0.83119320869445801
vt 0.24151647090911865 0.93945115804672241
vt 0.24151650071144104 0.93807321786880493
vt 0.11247595399618149 0.73235023021697998
vt 0.074673347175121307 0.73235028982162476
vt 0.24151647090911865 0.82743531465530396
vt 0.24151648581027985 0.73235023021697998
vt 0.11247595399618149 0.73235023021697998
vt 0.24151647090911865 0.62201559543609619
vt 0.24151644110679626 0.61468040943145752
vt 0.24151648581027985 0.67126446962356567
vt 0.24151650071144104 0.62339353561401367
vt 0.24151647090911865 0.70755630731582642
vt 0.24151648581027985 0.67126446962356567
vt 0.24151647090911865 0.73403137922286987
vt 0.24151645600795746 0.73027348518371582
vt 0.24151645600795746 0.73027348518371582
vt 0.24151650071144104 0.62339353561401367
vt 0.24151647090911865 0.62201559543609619
vt 0.074673347175121307 0.82911640405654907
vt 0.11247595399618149 0.82911640405654907
vt 0.11247595399618149 0.82911640405654907
vt 0.24151648581027985 0.82911646366119385
vt 0.24151647090911865 0.73403137922286987
vn -0.9992070198059082 0 -0.039815809577703476
vn -0.9992070198059082 0 -0.039815809577703476
vn 0.041770417243242264 0 -0.99912720918655396
vn 0.041770417243242264 0 -0.99912720918655396
vn 0.041770417243242264 0 -0.99912720918655396
vn 0.041770417243242264 0 -0.99912720918655396
vn -0.99908727407455444 0 -0.042716052383184433
vn -0.99908727407455444 0 -0.042716052383184433
vn 0 -1 0
vn 0 -1 0
vn 0 1 0
vn 0 1 0
vn -0.9992070198059082 0 -0.039815809577703476
vn -0.9992070198059082 0 -0.039815809577703476
vn -0.9992070198059082 0 -0.039815809577703476
vn -0.99908727407455444 0 -0.042716052383184433
vn -0.99908727407455444 0 -0.042716052383184433
vn -0.99908727407455444 0 -0.042716052383184433
vn -0.99908727407455444 0 -0.042716052383184433
vn 0 -1 0
vn 0 -1 0
vn 0 -1 0
vn 0 -1 0
vn 0 -1 0
vn 0 -1 0
vn 0 -1 0
vn 0 -1 0
vn 0 -1 0
vn 0 -1 0
vn 0 -1 0
vn 0 -1 0
vn 0 -1 0
vn 0 -1 0
vn 0 -1 0
vn 0 -1 0
vn 0 -1 0
vn 0 1 0
vn 0 1 0
vn 0 1 0
vn 0 1 0
vn 0 1 0
vn 0 1 0
vn 0 1 0
vn 0 1 0
vn 0 1 0
vn 0 1 0
vn 0 1 0
vn 0 1 0
vn 0 1 0
vn 0 1 0
vn 0 1 0
vn 0 1 0
f 2321/2321/2321 2323/2323/2323 2324/2324/2324 2322/2322/2322
f 2320/2320/2320 2332/2332/2332 2319/2319/2319
f 2331/2331/2331 2319/2319/2319 2332/2332/2332
f 2333/2333/2333 2332/2332/2332 2320/2320/2320
f 2335/2335/2335 2334/2334/2334 2325/2325/2325
f 2337/2337/2337 2326/2326/2326 2325/2325/2325
f 2326/2326/2326 2337/2337/2337 2336/2336/2336
f 2338/2338/2338 2328/2328/2328 2339/2339/2339
f 2340/2340/2340 2341/2341/2341 2327/2327/2327
f 2342/2342/2342 2327/2327/2327 2343/2343/2343
f 2345/2345/2345 2344/2344/2344 2327/2327/2327
f 2327/2327/2327 2347/2347/2347 2346/2346/2346
f 2349/2349/2349 2328/2328/2328 2327/2327/2327
f 2328/2328/2328 2349/2349/2349 2348/2348/2348
f 2351/2351/2351 2350/2350/2350 2327/2327/2327
f 2353/2353/2353 2327/2327/2327 2354/2354/2354
f 2327/2327/2327 2353/2353/2353 2352/2352/2352
f 2356/2356/2356 2355/2355/2355 2330/2330/2330
f 2329/2329/2329 2358/2358/2358 2357/2357/2357
f 2360/2360/2360 2359/2359/2359 2329/2329/2329
f 2361/2361/2361 2329/2329/2329 2362/2362/2362
f 2359/2359/2359 2363/2363/2363 2329/2329/2329
f 2365/2365/2365 2364/2364/2364 2330/2330/2330
f 2329/2329/2329 2330/2330/2330 2364/2364/2364
f 2366/2366/2366 2329/2329/2329 2367/2367/2367
f 2329/2329/2329 2369/2369/2369 2368/2368/2368
f 2369/2369/2369 2329/2329/2329 2370/2370/2370
usemtl Default
v 141.05792236328125 0 56.182247161865234
v 141.05792236328125 7.3000001907348633 56.182247161865234
v 141.05792236328125 0 56.182247161865234
v 141.05792236328125 7.3000001907348633 56.182247161865234
v 141.05792236328125 0 56.182247161865234
v 141.05792236328125 7.3000001907348633 56.182247161865234
v 147.43807193366979 0 56.171642080232317
v 147.43807193366979 4.1314712722101419 56.171642080232338
v 147.43807193366979 4.1314712722101419 56.171642080232338
v 147.43807193366976 7.3000001907348491 56.171642080232353
v 140.76193414585671 1.3833703480287838 61.201315941098478
v 140.76193414585674 0 61.201315941098478
v 140.76193414585674 7.3000001907348562 61.201315941098478
v 140.76193414585671 1.3833703480287838 61.201315941098478
v 140.76193414585674 0 61.201315941098478
v 141.16244713290956 0 60.899577156498445
v 141.16244713290956 0 60.899577156498445
v 143.34671375176799 0 59.253992678285712
v 147.43807193366979 0 56.171642080232317
v 141.16244713290956 7.3000001907348704 60.899577156498452
v 140.76193414585674 7.3000001907348562 61.201315941098478
v 143.34671375176802 7.3000001907348491 59.253992678285691
v 141.16244713290956 7.3000001907348704 60.899577156498452
v 147.43807193366976 7.3000001907348491 56.171642080232353
v 143.34671375176802 7.3000001907348491 59.253992678285691
vt 0.1428571492433548 0
vt 0.1428571492433548 0.56787592172622681
vt 0.1428571492433548 0
vt 0.1428571492433548 0.56787592172622681
vt 0.21787191927433014 0.56787651777267456
vt 0.21787191927433014 1
vt 0.080850712954998016 0
vt 0.080850712954998016 0.32139220833778381
vt 0.080850712954998016 0.32139220833778381
vt 0.080850712954998016 0.56787592172622681
vt 0.16992896795272827 0.10761406272649765
vt 0.16992896795272827 0
vt 0.16992896795272827 0.56787592172622681
vt 0.16992896795272827 0.10761406272649765
vt 0.17658458650112152 0.63911187648773193
vt 0.1829422265291214 0.63911187648773193
vt 0.1829422265291214 0.63911187648773193
vt 0.21761468052864075 0.63911187648773193
vt 0.28255981206893921 0.63911187648773193
vt 0.1829422265291214 0.92876464128494263
vt 0.17658458650112152 0.92876464128494263
vt 0.21761468052864075 0.92876464128494263
vt 0.1829422265291214 0.92876464128494263
vt 0.28255981206893921 0.9287647008895874
vt 0.21761468052864075 0.92876464128494263
vn -0.0016622033435851336 0 -0.99999862909317017
vn -0.0016622033435851336 0 -0.99999862909317017
vn -0.99826562404632568 0 -0.058870267122983932
vn -0.99826562404632568 0 -0.058870267122983932
vn 0 -1 0
vn 0 1 0
vn -0.0016622032271698117 0 -0.99999862909317017
vn -0.0016622032271698117 0 -0.99999862909317017
vn -0.0016622032271698117 0 -0.99999862909317017
vn -0.0016622032271698117 0 -0.99999862909317017
vn -0.99826562404632568 0 -0.058870267122983932
vn -0.99826562404632568 0 -0.058870267122983932
vn -0.99826562404632568 0 -0.058870267122983932
vn -0.99826562404632568 0 -0.058870267122983932
vn 0 -1 0
vn 0 -1 0
vn 0 -1 0
vn 0 -1 0
vn 0 -1 0
vn 0 1 0
vn 0 1 0
vn 0 1 0
vn 0 1 0
vn 0 1 0
vn 0 1 0
f 2372/2372/2372 2378/2378/2378 2371/2371/2371
f 2377/2377/2377 2371/2371/2371 2378/2378/2378
f 2380/2380/2380 2379/2379/2379 2372/2372/2372
f 2381/2381/2381 2373/2373/2373 2382/2382/2382
f 2384/2384/2384 2374/2374/2374 2373/2373/2373
f 2374/2374/2374 2384/2384/2384 2383/2383/2383
f 2385/2385/2385 2375/2375/2375 2386/2386/2386
f 2388/2388/2388 2387/2387/2387 2375/2375/2375
f 2389/2389/2389 2388/2388/2388 2375/2375/2375
f 2391/2391/2391 2390/2390/2390 2376/2376/2376
f 2393/2393/2393 2392/2392/2392 2376/2376/2376
f 2395/2395/2395 2394/2394/2394 2376/2376/2376
usemtl Default
v 141.05792236328125 0 56.182247161865234
v 141.05792236328125 7.3000001907348633 56.182247161865234
v 141.05792236328125 0 56.182247161865234
v 141.05792236328125 7.3000001907348633 56.182247161865234
v 141.05792236328125 0 56.182247161865234
v 141.05792236328125 7.3000001907348633 56.182247161865234
v 147.43807193366979 0 56.171642080232317
v 147.43807193366979 4.1314712722101419 56.171642080232338
v 147.43807193366979 4.1314712722101419 56.171642080232338
v 147.43807193366976 7.3000001907348491 56.171642080232353
v 140.76193414585671 1.3833703480287838 61.201315941098478
v 140.76193414585674 0 61.201315941098478
v 140.76193414585674 7.3000001907348562 61.201315941098478
v 140.76193414585671 1.3833703480287838 61.201315941098478
v 140.76193414585674 0 61.201315941098478
v 141.16244713290956 0 60.899577156498445
v 141.16244713290956 0 60.899577156498445
v 143.34671375176799 0 59.253992678285712
v 147.43807193366979 0 56.171642080232317
v 141.16244713290956 7.3000001907348704 60.899577156498452
v 140.76193414585674 7.3000001907348562 61.201315941098478
v 143.34671375176802 7.3000001907348491 59.253992678285691
v 141.16244713290956 7.3000001907348704 60.899577156498452
v 147.43807193366976 7.3000001907348491 56.171642080232353
v 143.34671375176802 7.3000001907348491 59.253992678285691
vt 0.1428571492433548 0
vt 0.1428571492433548 0.56787592172622681
vt 0.1428571492433548 0
vt 0.1428571492433548 0.56787592172622681
vt 0.21787191927433014 0.56787651777267456
vt 0.21787191927433014 1
vt 0.080850712954998016 0
vt 0.080850712954998016 0.32139220833778381
vt 0.080850712954998016 0.32139220833778381
vt 0.080850712954998016 0.56787592172622681
vt 0.16992896795272827 0.10761406272649765
vt 0.16992896795272827 0
vt 0.16992896795272827 0.56787592172622681
vt 0.16992896795272827 0.10761406272649765
vt 0.17658458650112152 0.63911187648773193
vt 0.1829422265291214 0.63911187648773193
vt 0.1829422265291214 0.63911187648773193
vt 0.21761468052864075 0.63911187648773193
vt 0.28255981206893921 0.63911187648773193
vt 0.1829422265291214 0.92876464128494263
vt 0.17658458650112152 0.92876464128494263
vt 0.21761468052864075 0.92876464128494263
vt 0.1829422265291214 0.92876464128494263
vt 0.28255981206893921 0.9287647008895874
vt 0.21761468052864075 0.92876464128494263
vn -0.0016622033435851336 0 -0.99999862909317017
vn -0.0016622033435851336 0 -0.99999862909317017
vn -0.99826562404632568 0 -0.058870267122983932
vn -0.99826562404632568 0 -0.058870267122983932
vn 0 -1 0
vn 0 1 0
vn -0.0016622032271698117 0 -0.99999862909317017
vn -0.0016622032271698117 0 -0.99999862909317017
vn -0.0016622032271698117 0 -0.99999862909317017
vn -0.0016622032271698117 0 -0.99999862909317017
vn -0.99826562404632568 0 -0.058870267122983932
vn -0.99826562404632568 0 -0.058870267122983932
vn -0.99826562404632568 0 -0.058870267122983932
vn -0.99826562404632568 0 -0.058870267122983932
vn 0 -1 0
vn 0 -1 0
vn 0 -1 0
vn 0 -1 0
vn 0 -1 0
vn 0 1 0
vn 0 1 0
vn 0 1 0
vn 0 1 0
vn 0 1 0
vn 0 1 0
f 2397/2397/2397 2403/2403/2403 2396/2396/2396
f 2402/2402/2402 2396/2396/2396 2403/2403/2403
f 2405/2405/2405 2404/2404/2404 2397/2397/2397
f 2406/2406/2406 2398/2398/2398 2407/2407/2407
f 2409/2409/2409 2399/2399/2399 2398/2398/2398
f 2399/2399/2399 2409/2409/2409 2408/2408/2408
f 2410/2410/2410 2400/2400/2400 2411/2411/2411
f 2413/2413/2413 2412/2412/2412 2400/2400/2400
f 2414/2414/2414 2413/2413/2413 2400/2400/2400
f 2416/2416/2416 2415/2415/2415 2401/2401/2401
f 2418/2418/2418 2417/2417/2417 2401/2401/2401
f 2420/2420/2420 2419/2419/2419 2401/2401/2401
usemtl Default
v 141.05792236328125 0 56.182247161865234
v 141.05792236328125 7.4000000953674316 56.182247161865234
v 141.05792236328125 0 56.182247161865234
v 141.05792236328125 7.4000000953674316 56.182247161865234
v 125.92322540283203 0 56.215076446533203
v 125.92322540283203 7.4000000953674316 56.215076446533203
v 125.92322540283203 0 56.215076446533203
v 125.92322540283203 7.4000000953674316 56.215076446533203
v 141.05792236328125 0 56.182247161865234
v 125.92322540283203 0 56.215076446533203
v 141.05792236328125 7.4000000953674316 56.182247161865234
v 125.92322540283203 7.4000000953674316 56.215076446533203
v 140.76193414585674 0 61.201315941098478
v 140.76193414585674 5.9976794871660317 61.201315941098471
v 140.76193414585674 5.9976794871660317 61.201315941098471
v 140.76193414585671 7.4000000953674103 61.201315941098493
v 124.91520976286435 5.1054419237185442 73.139933438625604
v 124.91520976286436 0 73.139933438625604
v 124.91520976286432 7.4000000953674387 73.139933438625633
v 124.91520976286436 0 73.139933438625604
v 131.45801800323858 0 68.210707495544852
v 140.29910446841552 0 61.55000292220133
v 131.45801800323858 0 68.210707495544852
v 140.29910446841552 0 61.55000292220133
v 140.76193414585674 0 61.201315941098478
v 131.45801800323861 7.4000000953674387 68.210707495544824
v 124.91520976286432 7.4000000953674387 73.139933438625633
v 140.29910446841552 7.4000000953674387 61.550002922201315
v 131.45801800323861 7.4000000953674387 68.210707495544824
v 140.76193414585671 7.4000000953674103 61.201315941098493
vt 0.5 0
vt 0.5 0.55829304456710815
vt 0.5 0
vt 0.5 0.55829304456710815
vt 0.66666668653488159 0
vt 0.66666668653488159 0.55829304456710815
vt 0.66666668653488159 0
vt 0.66666668653488159 0.55829304456710815
vt 0.10991556942462921 0.55829358100891113
vt 0 0.74905228614807129
vt 0.10991556942462921 1
vt 0 0.80924129486083984
vt 0.46841621398925781 0
vt 0.46841621398925781 0.45249494910240173
vt 0.46841621398925781 0.45249494910240173
vt 0.46841621398925781 0.55829304456710815
vt 0.78165411949157715 0.38518011569976807
vt 0.78165411949157715 0
vt 0.78165411949157715 0.55829310417175293
vt 0.15628257393836975 0.92218732833862305
vt 0.15628258883953094 0.79312586784362793
vt 0.15628260374069214 0.61872947216033936
vt 0.15628258883953094 0.79312586784362793
vt 0.15628260374069214 0.61872947216033936
vt 0.15628260374069214 0.609599769115448
vt 0.15628258883953094 0.76516759395599365
vt 0.15628257393836975 0.63610631227493286
vt 0.15628260374069214 0.93956410884857178
vt 0.15628258883953094 0.76516759395599365
vt 0.15628260374069214 0.94869381189346313
vn 0.99826562404632568 0 0.058870267122983932
vn 0.99826562404632568 0 0.058870267122983932
vn -0.0021689836867153645 0 -0.99999767541885376
vn -0.0021689836867153645 0 -0.99999767541885376
vn -0.0021689836867153645 0 -0.99999767541885376
vn -0.0021689836867153645 0 -0.99999767541885376
vn -0.99823111295700073 0 -0.059453189373016357
vn -0.99823111295700073 0 -0.059453189373016357
vn 0 -1 0
vn 0 -1 0
vn 0 1 0
vn 0 1 0
vn 0.99826562404632568 0 0.058870267122983932
vn 0.99826562404632568 0 0.058870267122983932
vn 0.99826562404632568 0 0.058870267122983932
vn 0.99826562404632568 0 0.058870267122983932
vn -0.99823111295700073 0 -0.059453185647726059
vn -0.99823111295700073 0 -0.059453185647726059
vn -0.99823111295700073 0 -0.059453185647726059
vn 0 -1 0
vn 0 -1 0
vn 0 -1 0
vn 0 -1 0
vn 0 -1 0
vn 0 -1 0
vn 0 1 0
vn 0 1 0
vn 0 1 0
vn 0 1 0
vn 0 1 0
f 2423/2423/2423 2425/2425/2425 2426/2426/2426 2424/2424/2424
f 2422/2422/2422 2434/2434/2434 2421/2421/2421
f 2433/2433/2433 2421/2421/2421 2434/2434/2434
f 2436/2436/2436 2435/2435/2435 2422/2422/2422
f 2437/2437/2437 2427/2427/2427 2438/2438/2438
f 2437/2437/2437 2428/2428/2428 2427/2427/2427
f 2428/2428/2428 2437/2437/2437 2439/2439/2439
f 2440/2440/2440 2430/2430/2430 2441/2441/2441
f 2429/2429/2429 2442/2442/2442 2430/2430/2430
f 2443/2443/2443 2430/2430/2430 2442/2442/2442
f 2429/2429/2429 2445/2445/2445 2444/2444/2444
f 2447/2447/2447 2446/2446/2446 2432/2432/2432
f 2432/2432/2432 2448/2448/2448 2431/2431/2431
f 2449/2449/2449 2448/2448/2448 2432/2432/2432
f 2431/2431/2431 2448/2448/2448 2450/2450/2450
usemtl Default
v 141.05792236328125 0 56.182247161865234
v 141.05792236328125 7.4000000953674316 56.182247161865234
v 141.05792236328125 0 56.182247161865234
v 141.05792236328125 7.4000000953674316 56.182247161865234
v 125.92322540283203 0 56.215076446533203
v 125.92322540283203 7.4000000953674316 56.215076446533203
v 125.92322540283203 0 56.215076446533203
v 125.92322540283203 7.4000000953674316 56.215076446533203
v 141.05792236328125 0 56.182247161865234
v 125.92322540283203 0 56.215076446533203
v 141.05792236328125 7.4000000953674316 56.182247161865234
v 125.92322540283203 7.4000000953674316 56.215076446533203
v 140.76193414585674 0 61.201315941098478
v 140.76193414585674 5.9976794871660317 61.201315941098471
v 140.76193414585674 5.9976794871660317 61.201315941098471
v 140.76193414585671 7.4000000953674103 61.201315941098493
v 124.91520976286435 5.1054419237185442 73.139933438625604
v 124.91520976286436 0 73.139933438625604
v 124.91520976286432 7.4000000953674387 73.139933438625633
v 124.91520976286436 0 73.139933438625604
v 131.45801800323858 0 68.210707495544852
v 140.29910446841552 0 61.55000292220133
v 131.45801800323858 0 68.210707495544852
v 140.29910446841552 0 61.55000292220133
v 140.76193414585674 0 61.201315941098478
v 131.45801800323861 7.4000000953674387 68.210707495544824
v 124.91520976286432 7.4000000953674387 73.139933438625633
v 140.29910446841552 7.4000000953674387 61.550002922201315
v 131.45801800323861 7.4000000953674387 68.210707495544824
v 140.76193414585671 7.4000000953674103 61.201315941098493
vt 0.5 0
vt 0.5 0.55829304456710815
vt 0.5 0
vt 0.5 0.55829304456710815
vt 0.66666668653488159 0
vt 0.66666668653488159 0.55829304456710815
vt 0.66666668653488159 0
vt 0.66666668653488159 0.55829304456710815
vt 0.10991556942462921 0.55829358100891113
vt 0 0.74905228614807129
vt 0.10991556942462921 1
vt 0 0.80924129486083984
vt 0.46841621398925781 0
vt 0.46841621398925781 0.45249494910240173
vt 0.46841621398925781 0.45249494910240173
vt 0.46841621398925781 0.55829304456710815
vt 0.78165411949157715 0.38518011569976807
vt 0.78165411949157715 0
vt 0.78165411949157715 0.55829310417175293
vt 0.15628257393836975 0.92218732833862305
vt 0.15628258883953094 0.79312586784362793
vt 0.15628260374069214 0.61872947216033936
vt 0.15628258883953094 0.79312586784362793
vt 0.15628260374069214 0.61872947216033936
vt 0.15628260374069214 0.609599769115448
vt 0.15628258883953094 0.76516759395599365
vt 0.15628257393836975 0.63610631227493286
vt 0.15628260374069214 0.93956410884857178
vt 0.15628258883953094 0.76516759395599365
vt 0.15628260374069214 0.94869381189346313
vn 0.99826562404632568 0 0.058870267122983932
vn 0.99826562404632568 0 0.058870267122983932
vn -0.0021689836867153645 0 -0.99999767541885376
vn -0.0021689836867153645 0 -0.99999767541885376
vn -0.0021689836867153645 0 -0.99999767541885376
vn -0.0021689836867153645 0 -0.99999767541885376
vn -0.99823111295700073 0 -0.059453189373016357
vn -0.99823111295700073 0 -0.059453189373016357
vn 0 -1 0
vn 0 -1 0
vn 0 1 0
vn 0 1 0
vn 0.99826562404632568 0 0.058870267122983932
vn 0.99826562404632568 0 0.058870267122983932
vn 0.99826562404632568 0 0.058870267122983932
vn 0.99826562404632568 0 0.058870267122983932
vn -0.99823111295700073 0 -0.059453185647726059
vn -0.99823111295700073 0 -0.059453185647726059
vn -0.99823111295700073 0 -0.059453185647726059
vn 0 -1 0
vn 0 -1 0
vn 0 -1 0
vn 0 -1 0
vn 0 -1 0
vn 0 -1 0
vn 0 1 0
vn 0 1 0
vn 0 1 0
vn 0 1 0
vn 0 1 0
f 2453/2453/2453 2455/2455/2455 2456/2456/2456 2454/2454/2454
f 2452/2452/2452 2464/2464/2464 2451/2451/2451
f 2463/2463/2463 2451/2451/2451 2464/2464/2464
f 2466/2466/2466 2465/2465/2465 2452/2452/2452
f 2467/2467/2467 2457/2457/2457 2468/2468/2468
f 2467/2467/2467 2458/2458/2458 2457/2457/2457
f 2458/2458/2458 2467/2467/2467 2469/2469/2469
f 2470/2470/2470 2460/2460/2460 2471/2471/2471
f 2459/2459/2459 2472/2472/2472 2460/2460/2460
f 2473/2473/2473 2460/2460/2460 2472/2472/2472
f 2459/2459/2459 2475/2475/2475 2474/2474/2474
f 2477/2477/2477 2476/2476/2476 2462/2462/2462
f 2462/2462/2462 2478/2478/2478 2461/2461/2461
f 2479/2479/2479 2478/2478/2478 2462/2462/2462
f 2461/2461/2461 2478/2478/2478 2480/2480/2480
usemtl Default
v 80.969223022460938 0 92.531173706054688
v 80.969223022460938 9.3999996185302734 92.531173706054688
v 88.384696960449219 0 94.523544311523438
v 88.384696960449219 9.3999996185302734 94.523544311523438
v 84.218292236328125 0 74.263786315917969
v 84.218292236328125 9.3999996185302734 74.263786315917969
v 84.218292236328125 0 74.263786315917969
v 84.218292236328125 9.3999996185302734 74.263786315917969
v 79.666244506835938 0 92.208000183105469
v 79.666244506835938 9.3999996185302734 92.208000183105469
v 79.666244506835938 0 92.208000183105469
v 79.666244506835938 9.3999996185302734 92.208000183105469
v 80.969223022460938 0 92.531173706054688
v 80.969223022460938 9.3999996185302734 92.531173706054688
v 80.969223022460938 0 92.531173706054688
v 88.384696960449219 0 94.523544311523438
v 84.218292236328125 0 74.263786315917969
v 79.666244506835938 0 92.208000183105469
v 80.969223022460938 9.3999996185302734 92.531173706054688
v 88.384696960449219 9.3999996185302734 94.523544311523438
v 84.218292236328125 9.3999996185302734 74.263786315917969
v 79.666244506835938 9.3999996185302734 92.208000183105469
v 94.381727747454335 0 96.143271784109544
v 94.381727747454335 2.1832625066566962 96.14327178410953
v 94.381727747454335 9.3999996185302876 96.143271784109544
v 94.381727747454335 2.1832625066566962 96.14327178410953
v 110.22783930262014 0 84.205115979285353
v 110.22783930262014 2.1339545620881779 84.205115979285353
v 110.22783930262014 2.1339545620881779 84.205115979285353
v 110.22783930262014 9.3999996185302734 84.205115979285367
v 100.60110774125353 0 91.457710464103798
v 110.22783930262014 0 84.205115979285353
v 94.381727747454335 0 96.143271784109544
v 110.22783930262014 9.3999996185302734 84.205115979285367
v 100.60110774125353 9.3999996185302805 91.457710464103798
v 94.381727747454335 9.3999996185302876 96.143271784109544
vt 0 0
vt 0 0.56140649318695068
vt 0.1666666716337204 0
vt 0.1666666716337204 0.56140649318695068
vt 0.66666668653488159 0
vt 0.66666668653488159 0.56140649318695068
vt 0.66666668653488159 0
vt 0.66666668653488159 0.56140649318695068
vt 0.83333331346511841 0
vt 0.83333331346511841 0.56140649318695068
vt 0.83333331346511841 0
vt 0.83333331346511841 0.56140649318695068
vt 1 0
vt 1 0.56140649318695068
vt 0.12018280476331711 0.98894369602203369
vt 0.17776143550872803 0.92722481489181519
vt 0 0.81142568588256836
vt 0.11027006059885025 1
vt 0.12018280476331711 0.57246333360671997
vt 0.17776143550872803 0.63418221473693848
vt 0 0.7499813437461853
vt 0.11027006059885025 0.56140702962875366
vt 0.2053770124912262 0
vt 0.2053770124912262 0.130393385887146
vt 0.2053770124912262 0.56140649318695068
vt 0.2053770124912262 0.130393385887146
vt 0.53783607482910156 0
vt 0.53783607482910156 0.12744851410388947
vt 0.53783607482910156 0.12744851410388947
vt 0.53783607482910156 0.56140649318695068
vt 0.22439059615135193 0.77564066648483276
vt 0.22439059615135193 0.61816537380218506
vt 0.22439059615135193 0.87737816572189331
vt 0.22439059615135193 0.9432416558265686
vt 0.22439059615135193 0.7857663631439209
vt 0.22439059615135193 0.6840289831161499
vn -0.2594754695892334 0 0.96574968099594116
vn -0.2594754695892334 0 0.96574968099594116
vn -0.26074513792991638 0 0.96540766954421997
vn -0.26074513792991638 0 0.96540766954421997
vn 0.35702806711196899 0 -0.9340936541557312
vn 0.35702806711196899 0 -0.9340936541557312
vn -0.96929794549942017 0 -0.24588924646377563
vn -0.96929794549942017 0 -0.24588924646377563
vn -0.96929794549942017 0 -0.24588924646377563
vn -0.96929794549942017 0 -0.24588924646377563
vn -0.24072855710983276 0 0.97059249877929688
vn -0.24072855710983276 0 0.97059249877929688
vn -0.24072855710983276 0 0.97059249877929688
vn -0.24072855710983276 0 0.97059249877929688
vn 0 -1 0
vn 0 -1 0
vn 0 -1 0
vn 0 -1 0
vn 0 1 0
vn 0 1 0
vn 0 1 0
vn 0 1 0
vn -0.26074513792991638 0 0.96540766954421997
vn -0.26074513792991638 0 0.96540766954421997
vn -0.26074513792991638 0 0.96540766954421997
vn -0.26074513792991638 0 0.96540766954421997
vn 0.35702806711196899 0 -0.9340936541557312
vn 0.35702806711196899 0 -0.9340936541557312
vn 0.35702806711196899 0 -0.9340936541557312
vn 0.35702806711196899 0 -0.9340936541557312
vn 0 -1 0
vn 0 -1 0
vn 0 -1 0
vn 0 1 0
vn 0 1 0
vn 0 1 0
f 2481/2481/2481 2483/2483/2483 2484/2484/2484 2482/2482/2482
f 2487/2487/2487 2489/2489/2489 2490/2490/2490 2488/2488/2488
f 2491/2491/2491 2493/2493/2493 2494/2494/2494 2492/2492/2492
f 2497/2497/2497 2496/2496/2496 2495/2495/2495
f 2497/2497/2497 2495/2495/2495 2498/2498/2498
f 2501/2501/2501 2499/2499/2499 2500/2500/2500
f 2501/2501/2501 2502/2502/2502 2499/2499/2499
f 2503/2503/2503 2504/2504/2504 2483/2483/2483
f 2506/2506/2506 2484/2484/2484 2483/2483/2483
f 2484/2484/2484 2506/2506/2506 2505/2505/2505
f 2486/2486/2486 2508/2508/2508 2485/2485/2485
f 2507/2507/2507 2485/2485/2485 2508/2508/2508
f 2510/2510/2510 2509/2509/2509 2486/2486/2486
f 2511/2511/2511 2496/2496/2496 2497/2497/2497
f 2497/2497/2497 2512/2512/2512 2511/2511/2511
f 2496/2496/2496 2511/2511/2511 2513/2513/2513
f 2515/2515/2515 2514/2514/2514 2501/2501/2501
f 2500/2500/2500 2515/2515/2515 2501/2501/2501
f 2516/2516/2516 2515/2515/2515 2500/2500/2500
usemtl Default
v 121.78123474121094 0 56.302410125732422
v 121.78123474121094 6.4000000953674316 56.302410125732422
v 121.78123474121094 0 56.302410125732422
v 121.78123474121094 6.4000000953674316 56.302410125732422
v 93.959236145019531 0 56.331684112548828
v 93.959236145019531 6.4000000953674316 56.331684112548828
v 93.959236145019531 0 56.331684112548828
v 93.959236145019531 6.4000000953674316 56.331684112548828
v 87.453208923339844 0 56.487014770507812
v 87.453208923339844 6.4000000953674316 56.487014770507812
v 83.979179382324219 0 56.575649261474609
v 83.979179382324219 6.4000000953674316 56.575649261474609
v 83.979179382324219 0 56.575649261474609
v 83.979179382324219 6.4000000953674316 56.575649261474609
v 83.716575622558594 0 72.825859069824219
v 83.716575622558594 6.4000000953674316 72.825859069824219
v 83.716575622558594 0 72.825859069824219
v 83.716575622558594 6.4000000953674316 72.825859069824219
v 84.797561645507812 0 73.284019470214844
v 84.797561645507812 6.4000000953674316 73.284019470214844
v 84.797561645507812 0 73.284019470214844
v 84.797561645507812 6.4000000953674316 73.284019470214844
v 84.218292236328125 0 74.263786315917969
v 84.218292236328125 6.4000000953674316 74.263786315917969
v 84.218292236328125 0 74.263786315917969
v 84.218292236328125 6.4000000953674316 74.263786315917969
v 121.78123474121094 0 56.302410125732422
v 93.959236145019531 0 56.331684112548828
v 87.453208923339844 0 56.487014770507812
v 83.979179382324219 0 56.575649261474609
v 83.716575622558594 0 72.825859069824219
v 84.797561645507812 0 73.284019470214844
v 84.218292236328125 0 74.263786315917969
v 121.78123474121094 6.4000000953674316 56.302410125732422
v 93.959236145019531 6.4000000953674316 56.331684112548828
v 87.453208923339844 6.4000000953674316 56.487014770507812
v 83.979179382324219 6.4000000953674316 56.575649261474609
v 83.716575622558594 6.4000000953674316 72.825859069824219
v 84.797561645507812 6.4000000953674316 73.284019470214844
v 84.218292236328125 6.4000000953674316 74.263786315917969
v 119.84676412706403 0 76.958402939980346
v 119.84676412706403 1.9694725794619075 76.958402939980331
v 119.84676412706403 1.9694725794619075 76.958402939980331
v 119.84676412706405 6.4000000953674459 76.958402939980317
v 110.22783930262014 4.9470947809936732 84.205115979285367
v 110.22783930262014 0 84.205115979285353
v 110.22783930262014 6.4000000953674387 84.205115979285353
v 110.22783930262014 4.9470947809936732 84.205115979285367
v 110.22783930262014 0 84.205115979285353
v 110.46459810491675 0 84.026746449313265
v 113.75284394269013 0 81.549445251524702
v 114.59775504308223 0 80.912905471870175
v 110.65126508404765 0 83.88611513590098
v 113.75284394269013 0 81.549445251524702
v 119.84676412706403 0 76.958402939980346
v 110.46459810491675 0 84.026746449313265
v 110.65126508404765 0 83.88611513590098
v 110.46459810491673 6.4000000953674174 84.026746449313265
v 110.22783930262014 6.4000000953674387 84.205115979285353
v 114.59775504308223 6.4000000953674174 80.912905471870175
v 113.75284394269011 6.4000000953674174 81.54944525152473
v 110.65126508404768 6.4000000953674459 83.886115135900951
v 113.75284394269011 6.4000000953674174 81.54944525152473
v 119.84676412706405 6.4000000953674459 76.958402939980317
v 110.46459810491673 6.4000000953674174 84.026746449313265
vt 0.36363637447357178 0
vt 0.36363637447357178 0.53635555505752563
vt 0.36363637447357178 0
vt 0.36363637447357178 0.53635555505752563
vt 0.45454546809196472 0
vt 0.45454546809196472 0.53635555505752563
vt 0.45454546809196472 0
vt 0.45454546809196472 0.53635555505752563
vt 0.54545456171035767 0
vt 0.54545456171035767 0.53635555505752563
vt 0.63636362552642822 0
vt 0.63636362552642822 0.53635555505752563
vt 0.63636362552642822 0
vt 0.63636362552642822 0.53635555505752563
vt 0.72727274894714355 0
vt 0.72727274894714355 0.53635555505752563
vt 0.72727274894714355 0
vt 0.72727274894714355 0.53635555505752563
vt 0.81818181276321411 0
vt 0.81818181276321411 0.53635555505752563
vt 0.81818181276321411 0
vt 0.81818181276321411 0.53635555505752563
vt 0.90909093618392944 0
vt 0.90909093618392944 0.53635555505752563
vt 0.90909093618392944 0
vt 0.90909093618392944 0.53635555505752563
vt 0.18063338100910187 0.53635609149932861
vt 0.046588338911533356 0.78901880979537964
vt 0.016193481162190437 0.84911781549453735
vt 0 0.88124775886535645
vt 0.10280024260282516 0.99472254514694214
vt 0.11094973981380463 0.98804563283920288
vt 0.11442939937114716 1
vt 0.18063338100910187 1
vt 0.046588338911533356 0.74733728170394897
vt 0.016193481162190437 0.68723827600479126
vt 0 0.65510833263397217
vt 0.10280024260282516 0.54163354635238647
vt 0.11094973981380463 0.54831045866012573
vt 0.11442939937114716 0.53635609149932861
vt 0.30070275068283081 0
vt 0.30070275068283081 0.16505274176597595
vt 0.30070275068283081 0.16505274176597595
vt 0.30070275068283081 0.53635555505752563
vt 0.9793621301651001 0.41459402441978455
vt 0.9793621301651001 0
vt 0.9793621301651001 0.53635555505752563
vt 0.9793621301651001 0.41459402441978455
vt 0.30358219146728516 0.83194619417190552
vt 0.30358222126960754 0.82857847213745117
vt 0.30358219146728516 0.78180456161499023
vt 0.30358222126960754 0.76978605985641479
vt 0.30358219146728516 0.82592320442199707
vt 0.30358219146728516 0.78180456161499023
vt 0.30358222126960754 0.695121169090271
vt 0.30358222126960754 0.82857847213745117
vt 0.30358219146728516 0.82592320442199707
vt 0.30358222126960754 0.70777761936187744
vt 0.30358219146728516 0.70440983772277832
vt 0.30358222126960754 0.76657003164291382
vt 0.30358219146728516 0.7545514702796936
vt 0.30358219146728516 0.71043288707733154
vt 0.30358219146728516 0.7545514702796936
vt 0.30358222126960754 0.84123492240905762
vt 0.30358222126960754 0.70777761936187744
vn 0.99564331769943237 0 0.093243777751922607
vn 0.99564331769943237 0 0.093243777751922607
vn -0.0010521350195631385 0 -0.99999946355819702
vn -0.0010521350195631385 0 -0.99999946355819702
vn -0.0010521350195631385 0 -0.99999946355819702
vn -0.0010521350195631385 0 -0.99999946355819702
vn -0.023867717012763023 0 -0.99971514940261841
vn -0.023867717012763023 0 -0.99971514940261841
vn -0.025505214929580688 0 -0.99967467784881592
vn -0.025505214929580688 0 -0.99967467784881592
vn -0.025505214929580688 0 -0.99967467784881592
vn -0.025505214929580688 0 -0.99967467784881592
vn -0.99986946582794189 0 -0.016157682985067368
vn -0.99986946582794189 0 -0.016157682985067368
vn -0.99986946582794189 0 -0.016157682985067368
vn -0.99986946582794189 0 -0.016157682985067368
vn -0.39023318886756897 0 0.9207160472869873
vn -0.39023318886756897 0 0.9207160472869873
vn -0.39023318886756897 0 0.9207160472869873
vn -0.39023318886756897 0 0.9207160472869873
vn -0.86080414056777954 0 -0.50893640518188477
vn -0.86080414056777954 0 -0.50893640518188477
vn -0.86080414056777954 0 -0.50893640518188477
vn -0.86080414056777954 0 -0.50893640518188477
vn -0.35702806711196899 0 0.9340936541557312
vn -0.35702806711196899 0 0.9340936541557312
vn 0 -1 0
vn 0 -1 0
vn 0 -1 0
vn 0 -1 0
vn 0 -1 0
vn 0 -1 0
vn 0 -1 0
vn 0 1 0
vn 0 1 0
vn 0 1 0
vn 0 1 0
vn 0 1 0
vn 0 1 0
vn 0 1 0
vn 0.99564331769943237 0 0.093243777751922607
vn 0.99564331769943237 0 0.093243777751922607
vn 0.99564331769943237 0 0.093243777751922607
vn 0.99564331769943237 0 0.093243777751922607
vn -0.35702806711196899 0 0.9340936541557312
vn -0.35702806711196899 0 0.9340936541557312
vn -0.35702806711196899 0 0.9340936541557312
vn -0.35702806711196899 0 0.9340936541557312
vn 0 -1 0
vn 0 -1 0
vn 0 -1 0
vn 0 -1 0
vn 0 -1 0
vn 0 -1 0
vn 0 -1 0
vn 0 -1 0
vn 0 -1 0
vn 0 1 0
vn 0 1 0
vn 0 1 0
vn 0 1 0
vn 0 1 0
vn 0 1 0
vn 0 1 0
vn 0 1 0
f 2519/2519/2519 2521/2521/2521 2522/2522/2522 2520/2520/2520
f 2523/2523/2523 2525/2525/2525 2526/2526/2526 2524/2524/2524
f 2525/2525/2525 2527/2527/2527 2528/2528/2528 2526/2526/2526
f 2529/2529/2529 2531/2531/2531 2532/2532/2532 2530/2530/2530
f 2533/2533/2533 2535/2535/2535 2536/2536/2536 2534/2534/2534
f 2537/2537/2537 2539/2539/2539 2540/2540/2540 2538/2538/2538
f 2546/2546/2546 2545/2545/2545 2547/2547/2547
f 2548/2548/2548 2547/2547/2547 2545/2545/2545
f 2545/2545/2545 2544/2544/2544 2548/2548/2548
f 2553/2553/2553 2554/2554/2554 2552/2552/2552
f 2555/2555/2555 2552/2552/2552 2554/2554/2554
f 2552/2552/2552 2555/2555/2555 2551/2551/2551
f 2518/2518/2518 2558/2558/2558 2517/2517/2517
f 2557/2557/2557 2517/2517/2517 2558/2558/2558
f 2560/2560/2560 2559/2559/2559 2518/2518/2518
f 2561/2561/2561 2541/2541/2541 2562/2562/2562
f 2564/2564/2564 2542/2542/2542 2541/2541/2541
f 2542/2542/2542 2564/2564/2564 2563/2563/2563
f 2548/2548/2548 2565/2565/2565 2549/2549/2549
f 2566/2566/2566 2565/2565/2565 2548/2548/2548
f 2568/2568/2568 2567/2567/2567 2544/2544/2544
f 2544/2544/2544 2569/2569/2569 2548/2548/2548
f 2570/2570/2570 2569/2569/2569 2544/2544/2544
f 2571/2571/2571 2544/2544/2544 2543/2543/2543
f 2544/2544/2544 2571/2571/2571 2568/2568/2568
f 2548/2548/2548 2573/2573/2573 2572/2572/2572
f 2556/2556/2556 2575/2575/2575 2555/2555/2555
f 2574/2574/2574 2555/2555/2555 2575/2575/2575
f 2576/2576/2576 2551/2551/2551 2577/2577/2577
f 2555/2555/2555 2578/2578/2578 2551/2551/2551
f 2579/2579/2579 2551/2551/2551 2578/2578/2578
f 2551/2551/2551 2580/2580/2580 2550/2550/2550
f 2551/2551/2551 2576/2576/2576 2580/2580/2580
f 2555/2555/2555 2581/2581/2581 2578/2578/2578
usemtl Default
v 121.78123474121094 0 56.302410125732422
v 121.78123474121094 6.4000000953674316 56.302410125732422
v 121.78123474121094 0 56.302410125732422
v 121.78123474121094 6.4000000953674316 56.302410125732422
v 93.959236145019531 0 56.331684112548828
v 93.959236145019531 6.4000000953674316 56.331684112548828
v 93.959236145019531 0 56.331684112548828
v 93.959236145019531 6.4000000953674316 56.331684112548828
v 87.453208923339844 0 56.487014770507812
v 87.453208923339844 6.4000000953674316 56.487014770507812
v 83.979179382324219 0 56.575649261474609
v 83.979179382324219 6.4000000953674316 56.575649261474609
v 83.979179382324219 0 56.575649261474609
v 83.979179382324219 6.4000000953674316 56.575649261474609
v 83.716575622558594 0 72.825859069824219
v 83.716575622558594 6.4000000953674316 72.825859069824219
v 83.716575622558594 0 72.825859069824219
v 83.716575622558594 6.4000000953674316 72.825859069824219
v 84.797561645507812 0 73.284019470214844
v 84.797561645507812 6.4000000953674316 73.284019470214844
v 84.797561645507812 0 73.284019470214844
v 84.797561645507812 6.4000000953674316 73.284019470214844
v 84.218292236328125 0 74.263786315917969
v 84.218292236328125 6.4000000953674316 74.263786315917969
v 84.218292236328125 0 74.263786315917969
v 84.218292236328125 6.4000000953674316 74.263786315917969
v 121.78123474121094 0 56.302410125732422
v 93.959236145019531 0 56.331684112548828
v 87.453208923339844 0 56.487014770507812
v 83.979179382324219 0 56.575649261474609
v 83.716575622558594 0 72.825859069824219
v 84.797561645507812 0 73.284019470214844
v 84.218292236328125 0 74.263786315917969
v 121.78123474121094 6.4000000953674316 56.302410125732422
v 93.959236145019531 6.4000000953674316 56.331684112548828
v 87.453208923339844 6.4000000953674316 56.487014770507812
v 83.979179382324219 6.4000000953674316 56.575649261474609
v 83.716575622558594 6.4000000953674316 72.825859069824219
v 84.797561645507812 6.4000000953674316 73.284019470214844
v 84.218292236328125 6.4000000953674316 74.263786315917969
v 119.84676412706403 0 76.958402939980346
v 119.84676412706403 1.9694725794619075 76.958402939980331
v 119.84676412706403 1.9694725794619075 76.958402939980331
v 119.84676412706405 6.4000000953674459 76.958402939980317
v 110.22783930262014 4.9470947809936732 84.205115979285367
v 110.22783930262014 0 84.205115979285353
v 110.22783930262014 6.4000000953674387 84.205115979285353
v 110.22783930262014 4.9470947809936732 84.205115979285367
v 110.22783930262014 0 84.205115979285353
v 110.46459810491675 0 84.026746449313265
v 113.75284394269013 0 81.549445251524702
v 114.59775504308223 0 80.912905471870175
v 110.65126508404765 0 83.88611513590098
v 113.75284394269013 0 81.549445251524702
v 119.84676412706403 0 76.958402939980346
v 110.46459810491675 0 84.026746449313265
v 110.65126508404765 0 83.88611513590098
v 110.46459810491673 6.4000000953674174 84.026746449313265
v 110.22783930262014 6.4000000953674387 84.205115979285353
v 114.59775504308223 6.4000000953674174 80.912905471870175
v 113.75284394269011 6.4000000953674174 81.54944525152473
v 110.65126508404768 6.4000000953674459 83.886115135900951
v 113.75284394269011 6.4000000953674174 81.54944525152473
v 119.84676412706405 6.4000000953674459 76.958402939980317
v 110.46459810491673 6.4000000953674174 84.026746449313265
vt 0.36363637447357178 0
vt 0.36363637447357178 0.53635555505752563
vt 0.36363637447357178 0
vt 0.36363637447357178 0.53635555505752563
vt 0.45454546809196472 0
vt 0.45454546809196472 0.53635555505752563
vt 0.45454546809196472 0
vt 0.45454546809196472 0.53635555505752563
vt 0.54545456171035767 0
vt 0.54545456171035767 0.53635555505752563
vt 0.63636362552642822 0
vt 0.63636362552642822 0.53635555505752563
vt 0.63636362552642822 0
vt 0.63636362552642822 0.53635555505752563
vt 0.72727274894714355 0
vt 0.72727274894714355 0.53635555505752563
vt 0.72727274894714355 0
vt 0.72727274894714355 0.53635555505752563
vt 0.81818181276321411 0
vt 0.81818181276321411 0.53635555505752563
vt 0.81818181276321411 0
vt 0.81818181276321411 0.53635555505752563
vt 0.90909093618392944 0
vt 0.90909093618392944 0.53635555505752563
vt 0.90909093618392944 0
vt 0.90909093618392944 0.53635555505752563
vt 0.18063338100910187 0.53635609149932861
vt 0.046588338911533356 0.78901880979537964
vt 0.016193481162190437 0.84911781549453735
vt 0 0.88124775886535645
vt 0.10280024260282516 0.99472254514694214
vt 0.11094973981380463 0.98804563283920288
vt 0.11442939937114716 1
vt 0.18063338100910187 1
vt 0.046588338911533356 0.74733728170394897
vt 0.016193481162190437 0.68723827600479126
vt 0 0.65510833263397217
vt 0.10280024260282516 0.54163354635238647
vt 0.11094973981380463 0.54831045866012573
vt 0.11442939937114716 0.53635609149932861
vt 0.30070275068283081 0
vt 0.30070275068283081 0.16505274176597595
vt 0.30070275068283081 0.16505274176597595
vt 0.30070275068283081 0.53635555505752563
vt 0.9793621301651001 0.41459402441978455
vt 0.9793621301651001 0
vt 0.9793621301651001 0.53635555505752563
vt 0.9793621301651001 0.41459402441978455
vt 0.30358219146728516 0.83194619417190552
vt 0.30358222126960754 0.82857847213745117
vt 0.30358219146728516 0.78180456161499023
vt 0.30358222126960754 0.76978605985641479
vt 0.30358219146728516 0.82592320442199707
vt 0.30358219146728516 0.78180456161499023
vt 0.30358222126960754 0.695121169090271
vt 0.30358222126960754 0.82857847213745117
vt 0.30358219146728516 0.82592320442199707
vt 0.30358222126960754 0.70777761936187744
vt 0.30358219146728516 0.70440983772277832
vt 0.30358222126960754 0.76657003164291382
vt 0.30358219146728516 0.7545514702796936
vt 0.30358219146728516 0.71043288707733154
vt 0.30358219146728516 0.7545514702796936
vt 0.30358222126960754 0.84123492240905762
vt 0.30358222126960754 0.70777761936187744
vn 0.99564331769943237 0 0.093243777751922607
vn 0.99564331769943237 0 0.093243777751922607
vn -0.0010521350195631385 0 -0.99999946355819702
vn -0.0010521350195631385 0 -0.99999946355819702
vn -0.0010521350195631385 0 -0.99999946355819702
vn -0.0010521350195631385 0 -0.99999946355819702
vn -0.023867717012763023 0 -0.99971514940261841
vn -0.023867717012763023 0 -0.99971514940261841
vn -0.025505214929580688 0 -0.99967467784881592
vn -0.025505214929580688 0 -0.99967467784881592
vn -0.025505214929580688 0 -0.99967467784881592
vn -0.025505214929580688 0 -0.99967467784881592
vn -0.99986946582794189 0 -0.016157682985067368
vn -0.99986946582794189 0 -0.016157682985067368
vn -0.99986946582794189 0 -0.016157682985067368
vn -0.99986946582794189 0 -0.016157682985067368
vn -0.39023318886756897 0 0.9207160472869873
vn -0.39023318886756897 0 0.9207160472869873
vn -0.39023318886756897 0 0.9207160472869873
vn -0.39023318886756897 0 0.9207160472869873
vn -0.86080414056777954 0 -0.50893640518188477
vn -0.86080414056777954 0 -0.50893640518188477
vn -0.86080414056777954 0 -0.50893640518188477
vn -0.86080414056777954 0 -0.50893640518188477
vn -0.35702806711196899 0 0.9340936541557312
vn -0.35702806711196899 0 0.9340936541557312
vn 0 -1 0
vn 0 -1 0
vn 0 -1 0
vn 0 -1 0
vn 0 -1 0
vn 0 -1 0
vn 0 -1 0
vn 0 1 0
vn 0 1 0
vn 0 1 0
vn 0 1 0
vn 0 1 0
vn 0 1 0
vn 0 1 0
vn 0.99564331769943237 0 0.093243777751922607
vn 0.99564331769943237 0 0.093243777751922607
vn 0.99564331769943237 0 0.093243777751922607
vn 0.99564331769943237 0 0.093243777751922607
vn -0.35702806711196899 0 0.9340936541557312
vn -0.35702806711196899 0 0.9340936541557312
vn -0.35702806711196899 0 0.9340936541557312
vn -0.35702806711196899 0 0.9340936541557312
vn 0 -1 0
vn 0 -1 0
vn 0 -1 0
vn 0 -1 0
vn 0 -1 0
vn 0 -1 0
vn 0 -1 0
vn 0 -1 0
vn 0 -1 0
vn 0 1 0
vn 0 1 0
vn 0 1 0
vn 0 1 0
vn 0 1 0
vn 0 1 0
vn 0 1 0
vn 0 1 0
f 2584/2584/2584 2586/2586/2586 2587/2587/2587 2585/2585/2585
f 2588/2588/2588 2590/2590/2590 2591/2591/2591 2589/2589/2589
f 2590/2590/2590 2592/2592/2592 2593/2593/2593 2591/2591/2591
f 2594/2594/2594 2596/2596/2596 2597/2597/2597 2595/2595/2595
f 2598/2598/2598 2600/2600/2600 2601/2601/2601 2599/2599/2599
f 2602/2602/2602 2604/2604/2604 2605/2605/2605 2603/2603/2603
f 2611/2611/2611 2610/2610/2610 2612/2612/2612
f 2613/2613/2613 2612/2612/2612 2610/2610/2610
f 2610/2610/2610 2609/2609/2609 2613/2613/2613
f 2618/2618/2618 2619/2619/2619 2617/2617/2617
f 2620/2620/2620 2617/2617/2617 2619/2619/2619
f 2617/2617/2617 2620/2620/2620 2616/2616/2616
f 2583/2583/2583 2623/2623/2623 2582/2582/2582
f 2622/2622/2622 2582/2582/2582 2623/2623/2623
f 2625/2625/2625 2624/2624/2624 2583/2583/2583
f 2626/2626/2626 2606/2606/2606 2627/2627/2627
f 2629/2629/2629 2607/2607/2607 2606/2606/2606
f 2607/2607/2607 2629/2629/2629 2628/2628/2628
f 2613/2613/2613 2630/2630/2630 2614/2614/2614
f 2631/2631/2631 2630/2630/2630 2613/2613/2613
f 2633/2633/2633 2632/2632/2632 2609/2609/2609
f 2609/2609/2609 2634/2634/2634 2613/2613/2613
f 2635/2635/2635 2634/2634/2634 2609/2609/2609
f 2636/2636/2636 2609/2609/2609 2608/2608/2608
f 2609/2609/2609 2636/2636/2636 2633/2633/2633
f 2613/2613/2613 2638/2638/2638 2637/2637/2637
f 2621/2621/2621 2640/2640/2640 2620/2620/2620
f 2639/2639/2639 2620/2620/2620 2640/2640/2640
f 2641/2641/2641 2616/2616/2616 2642/2642/2642
f 2620/2620/2620 2643/2643/2643 2616/2616/2616
f 2644/2644/2644 2616/2616/2616 2643/2643/2643
f 2616/2616/2616 2645/2645/2645 2615/2615/2615
f 2616/2616/2616 2641/2641/2641 2645/2645/2645
f 2620/2620/2620 2646/2646/2646 2643/2643/2643
usemtl Default
v 80.969223022460938 0 92.531173706054688
v 80.969223022460938 9.3999996185302734 92.531173706054688
v 88.384696960449219 0 94.523544311523438
v 88.384696960449219 9.3999996185302734 94.523544311523438
v 84.218292236328125 0 74.263786315917969
v 84.218292236328125 9.3999996185302734 74.263786315917969
v 84.218292236328125 0 74.263786315917969
v 84.218292236328125 9.3999996185302734 74.263786315917969
v 79.666244506835938 0 92.208000183105469
v 79.666244506835938 9.3999996185302734 92.208000183105469
v 79.666244506835938 0 92.208000183105469
v 79.666244506835938 9.3999996185302734 92.208000183105469
v 80.969223022460938 0 92.531173706054688
v 80.969223022460938 9.3999996185302734 92.531173706054688
v 80.969223022460938 0 92.531173706054688
v 88.384696960449219 0 94.523544311523438
v 84.218292236328125 0 74.263786315917969
v 79.666244506835938 0 92.208000183105469
v 80.969223022460938 9.3999996185302734 92.531173706054688
v 88.384696960449219 9.3999996185302734 94.523544311523438
v 84.218292236328125 9.3999996185302734 74.263786315917969
v 79.666244506835938 9.3999996185302734 92.208000183105469
v 94.381727747454335 0 96.143271784109544
v 94.381727747454335 2.1832625066566962 96.14327178410953
v 94.381727747454335 9.3999996185302876 96.143271784109544
v 94.381727747454335 2.1832625066566962 96.14327178410953
v 110.22783930262014 0 84.205115979285353
v 110.22783930262014 2.1339545620881779 84.205115979285353
v 110.22783930262014 2.1339545620881779 84.205115979285353
v 110.22783930262014 9.3999996185302734 84.205115979285367
v 100.60110774125353 0 91.457710464103798
v 110.22783930262014 0 84.205115979285353
v 94.381727747454335 0 96.143271784109544
v 110.22783930262014 9.3999996185302734 84.205115979285367
v 100.60110774125353 9.3999996185302805 91.457710464103798
v 94.381727747454335 9.3999996185302876 96.143271784109544
vt 0 0
vt 0 0.56140649318695068
vt 0.1666666716337204 0
vt 0.1666666716337204 0.56140649318695068
vt 0.66666668653488159 0
vt 0.66666668653488159 0.56140649318695068
vt 0.66666668653488159 0
vt 0.66666668653488159 0.56140649318695068
vt 0.83333331346511841 0
vt 0.83333331346511841 0.56140649318695068
vt 0.83333331346511841 0
vt 0.83333331346511841 0.56140649318695068
vt 1 0
vt 1 0.56140649318695068
vt 0.12018280476331711 0.98894369602203369
vt 0.17776143550872803 0.92722481489181519
vt 0 0.81142568588256836
vt 0.11027006059885025 1
vt 0.12018280476331711 0.57246333360671997
vt 0.17776143550872803 0.63418221473693848
vt 0 0.7499813437461853
vt 0.11027006059885025 0.56140702962875366
vt 0.2053770124912262 0
vt 0.2053770124912262 0.130393385887146
vt 0.2053770124912262 0.56140649318695068
vt 0.2053770124912262 0.130393385887146
vt 0.53783607482910156 0
vt 0.53783607482910156 0.12744851410388947
vt 0.53783607482910156 0.12744851410388947
vt 0.53783607482910156 0.56140649318695068
vt 0.22439059615135193 0.77564066648483276
vt 0.22439059615135193 0.61816537380218506
vt 0.22439059615135193 0.87737816572189331
vt 0.22439059615135193 0.9432416558265686
vt 0.22439059615135193 0.7857663631439209
vt 0.22439059615135193 0.6840289831161499
vn -0.2594754695892334 0 0.96574968099594116
vn -0.2594754695892334 0 0.96574968099594116
vn -0.26074513792991638 0 0.96540766954421997
vn -0.26074513792991638 0 0.96540766954421997
vn 0.35702806711196899 0 -0.9340936541557312
vn 0.35702806711196899 0 -0.9340936541557312
vn -0.96929794549942017 0 -0.24588924646377563
vn -0.96929794549942017 0 -0.24588924646377563
vn -0.96929794549942017 0 -0.24588924646377563
vn -0.96929794549942017 0 -0.24588924646377563
vn -0.24072855710983276 0 0.97059249877929688
vn -0.24072855710983276 0 0.97059249877929688
vn -0.24072855710983276 0 0.97059249877929688
vn -0.24072855710983276 0 0.97059249877929688
vn 0 -1 0
vn 0 -1 0
vn 0 -1 0
vn 0 -1 0
vn 0 1 0
vn 0 1 0
vn 0 1 0
vn 0 1 0
vn -0.26074513792991638 0 0.96540766954421997
vn -0.26074513792991638 0 0.96540766954421997
vn -0.26074513792991638 0 0.96540766954421997
vn -0.26074513792991638 0 0.96540766954421997
vn 0.35702806711196899 0 -0.9340936541557312
vn 0.35702806711196899 0 -0.9340936541557312
vn 0.35702806711196899 0 -0.9340936541557312
vn 0.35702806711196899 0 -0.9340936541557312
vn 0 -1 0
vn 0 -1 0
vn 0 -1 0
vn 0 1 0
vn 0 1 0
vn 0 1 0
f 2647/2647/2647 2649/2649/2649 2650/2650/2650 2648/2648/2648
f 2653/2653/2653 2655/2655/2655 2656/2656/2656 2654/2654/2654
f 2657/2657/2657 2659/2659/2659 2660/2660/2660 2658/2658/2658
f 2663/2663/2663 2662/2662/2662 2661/2661/2661
f 2663/2663/2663 2661/2661/2661 2664/2664/2664
f 2667/2667/2667 2665/2665/2665 2666/2666/2666
f 2667/2667/2667 2668/2668/2668 2665/2665/2665
f 2669/2669/2669 2670/2670/2670 2649/2649/2649
f 2672/2672/2672 2650/2650/2650 2649/2649/2649
f 2650/2650/2650 2672/2672/2672 2671/2671/2671
f 2652/2652/2652 2674/2674/2674 2651/2651/2651
f 2673/2673/2673 2651/2651/2651 2674/2674/2674
f 2676/2676/2676 2675/2675/2675 2652/2652/2652
f 2677/2677/2677 2662/2662/2662 2663/2663/2663
f 2663/2663/2663 2678/2678/2678 2677/2677/2677
f 2662/2662/2662 2677/2677/2677 2679/2679/2679
f 2681/2681/2681 2680/2680/2680 2667/2667/2667
f 2666/2666/2666 2681/2681/2681 2667/2667/2667
f 2682/2682/2682 2681/2681/2681 2666/2666/2666
usemtl Default
v 86.935699462890625 0 99.151512145996094
v 86.935699462890625 14 99.151512145996094
v 86.935699462890625 0 99.151512145996094
v 86.935699462890625 14 99.151512145996094
v 88.384696960449219 0 94.523544311523438
v 88.384696960449219 14 94.523544311523438
v 88.384696960449219 0 94.523544311523438
v 88.384696960449219 14 94.523544311523438
v 80.969223022460938 0 92.531173706054688
v 80.969223022460938 14 92.531173706054688
v 80.969223022460938 0 92.531173706054688
v 80.969223022460938 14 92.531173706054688
v 76.266387939453125 0 107.56446075439453
v 76.266387939453125 14 107.56446075439453
v 76.266387939453125 0 107.56446075439453
v 76.266387939453125 14 107.56446075439453
v 86.935699462890625 0 99.151512145996094
v 88.384696960449219 0 94.523544311523438
v 80.969223022460938 0 92.531173706054688
v 76.266387939453125 0 107.56446075439453
v 86.935699462890625 14 99.151512145996094
v 88.384696960449219 14 94.523544311523438
v 80.969223022460938 14 92.531173706054688
v 76.266387939453125 14 107.56446075439453
v 89.29468900648304 0 99.975748973448418
v 89.29468900648304 8.6944261059598418 99.975748973448404
v 89.29468900648304 8.6944261059598418 99.975748973448404
v 89.29468900648304 14.000000000000007 99.975748973448404
v 78.442853390592745 2.2869502138250155 108.1513133003703
v 78.442853390592717 0 108.1513133003703
v 78.442853390592745 14.000000000000021 108.1513133003703
v 78.442853390592731 9.2164305146739025 108.1513133003703
v 78.442853390592717 0 108.1513133003703
v 87.428739873988235 0 101.38151917707528
v 89.29468900648304 0 99.975748973448418
v 87.428739873988235 0 101.38151917707528
v 87.428739873988206 14 101.3815191770753
v 84.561367367875974 13.999999999999986 103.54174249806267
v 78.442853390592745 14.000000000000021 108.1513133003703
v 89.29468900648304 14.000000000000007 99.975748973448404
v 87.428739873988206 14 101.3815191770753
vt 0.3333333432674408 0
vt 0.3333333432674408 0.64270532131195068
vt 0.3333333432674408 0
vt 0.3333333432674408 0.64270532131195068
vt 0.5 0
vt 0.5 0.64270532131195068
vt 0.5 0
vt 0.5 0.64270532131195068
vt 0.66666668653488159 0
vt 0.66666668653488159 0.64270532131195068
vt 0.66666668653488159 0
vt 0.66666668653488159 0.64270532131195068
vt 0.83333331346511841 0
vt 0.83333331346511841 0.64270532131195068
vt 0.83333331346511841 0
vt 0.83333331346511841 0.64270532131195068
vt 0.15013699233531952 0.72307151556015015
vt 0.10237138718366623 0.64270597696304321
vt 0 0.73900967836380005
vt 0.15520071983337402 1
vt 0.15013699233531952 0.91963446140289307
vt 0.10237138718366623 1
vt 0 0.90369629859924316
vt 0.15520071983337402 0.64270597696304321
vt 0.27017176151275635 0
vt 0.27017176151275635 0.39913958311080933
vt 0.27017176151275635 0.39913958311080933
vt 0.27017176151275635 0.64270532131195068
vt 0.86055898666381836 0.1049882248044014
vt 0.86055898666381836 0
vt 0.86055898666381836 0.64270532131195068
vt 0.86055892705917358 0.42310348153114319
vt 0.18527521193027496 0.97176015377044678
vt 0.18527522683143616 0.74239921569824219
vt 0.18527525663375854 0.69477170705795288
vt 0.18527522683143616 0.74239921569824219
vt 0.18527522683143616 0.90030676126480103
vt 0.18527522683143616 0.82711827754974365
vt 0.18527521193027496 0.67094588279724121
vt 0.18527525663375854 0.94793426990509033
vt 0.18527522683143616 0.90030676126480103
vn 0.32984855771064758 0 -0.94403386116027832
vn 0.32984855771064758 0 -0.94403386116027832
vn 0.95431780815124512 0 0.29879334568977356
vn 0.95431780815124512 0 0.29879334568977356
vn 0.95431780815124512 0 0.29879334568977356
vn 0.95431780815124512 0 0.29879334568977356
vn 0.2594754695892334 0 -0.96574968099594116
vn 0.2594754695892334 0 -0.96574968099594116
vn 0.2594754695892334 0 -0.96574968099594116
vn 0.2594754695892334 0 -0.96574968099594116
vn -0.95439070463180542 0 -0.29856052994728088
vn -0.95439070463180542 0 -0.29856052994728088
vn -0.95439070463180542 0 -0.29856052994728088
vn -0.95439070463180542 0 -0.29856052994728088
vn -0.26033785939216614 0 0.96551758050918579
vn -0.26033785939216614 0 0.96551758050918579
vn 0 -1 0
vn 0 -1 0
vn 0 -1 0
vn 0 -1 0
vn 0 1 0
vn 0 1 0
vn 0 1 0
vn 0 1 0
vn 0.32984855771064758 0 -0.94403386116027832
vn 0.32984855771064758 0 -0.94403386116027832
vn 0.32984855771064758 0 -0.94403386116027832
vn 0.32984855771064758 0 -0.94403386116027832
vn -0.26033788919448853 0 0.96551758050918579
vn -0.26033788919448853 0 0.96551758050918579
vn -0.26033788919448853 0 0.96551758050918579
vn -0.26033785939216614 0 0.96551758050918579
vn 0 -1 0
vn 0 -1 0
vn 0 -1 0
vn 0 -1 0
vn 0 1 0
vn 0 1 0
vn 0 1 0
vn 0 1 0
vn 0 1 0
f 2685/2685/2685 2687/2687/2687 2688/2688/2688 2686/2686/2686
f 2689/2689/2689 2691/2691/2691 2692/2692/2692 2690/2690/2690
f 2693/2693/2693 2695/2695/2695 2696/2696/2696 2694/2694/2694
f 2699/2699/2699 2702/2702/2702 2701/2701/2701
f 2701/2701/2701 2700/2700/2700 2699/2699/2699
f 2703/2703/2703 2705/2705/2705 2706/2706/2706
f 2705/2705/2705 2703/2703/2703 2704/2704/2704
f 2684/2684/2684 2708/2708/2708 2683/2683/2683
f 2707/2707/2707 2683/2683/2683 2708/2708/2708
f 2684/2684/2684 2710/2710/2710 2709/2709/2709
f 2711/2711/2711 2697/2697/2697 2712/2712/2712
f 2714/2714/2714 2697/2697/2697 2711/2711/2711
f 2698/2698/2698 2697/2697/2697 2714/2714/2714
f 2698/2698/2698 2714/2714/2714 2713/2713/2713
f 2702/2702/2702 2699/2699/2699 2715/2715/2715
f 2716/2716/2716 2715/2715/2715 2699/2699/2699
f 2717/2717/2717 2718/2718/2718 2699/2699/2699
f 2720/2720/2720 2706/2706/2706 2721/2721/2721
f 2703/2703/2703 2720/2720/2720 2719/2719/2719
f 2706/2706/2706 2720/2720/2720 2703/2703/2703
f 2723/2723/2723 2722/2722/2722 2703/2703/2703
usemtl Default
v 86.935699462890625 0 99.151512145996094
v 86.935699462890625 14 99.151512145996094
v 86.935699462890625 0 99.151512145996094
v 86.935699462890625 14 99.151512145996094
v 88.384696960449219 0 94.523544311523438
v 88.384696960449219 14 94.523544311523438
v 88.384696960449219 0 94.523544311523438
v 88.384696960449219 14 94.523544311523438
v 80.969223022460938 0 92.531173706054688
v 80.969223022460938 14 92.531173706054688
v 80.969223022460938 0 92.531173706054688
v 80.969223022460938 14 92.531173706054688
v 76.266387939453125 0 107.56446075439453
v 76.266387939453125 14 107.56446075439453
v 76.266387939453125 0 107.56446075439453
v 76.266387939453125 14 107.56446075439453
v 86.935699462890625 0 99.151512145996094
v 88.384696960449219 0 94.523544311523438
v 80.969223022460938 0 92.531173706054688
v 76.266387939453125 0 107.56446075439453
v 86.935699462890625 14 99.151512145996094
v 88.384696960449219 14 94.523544311523438
v 80.969223022460938 14 92.531173706054688
v 76.266387939453125 14 107.56446075439453
v 89.29468900648304 0 99.975748973448418
v 89.29468900648304 8.6944261059598418 99.975748973448404
v 89.29468900648304 8.6944261059598418 99.975748973448404
v 89.29468900648304 14.000000000000007 99.975748973448404
v 78.442853390592745 2.2869502138250155 108.1513133003703
v 78.442853390592717 0 108.1513133003703
v 78.442853390592745 14.000000000000021 108.1513133003703
v 78.442853390592731 9.2164305146739025 108.1513133003703
v 78.442853390592717 0 108.1513133003703
v 87.428739873988235 0 101.38151917707528
v 89.29468900648304 0 99.975748973448418
v 87.428739873988235 0 101.38151917707528
v 87.428739873988206 14 101.3815191770753
v 84.561367367875974 13.999999999999986 103.54174249806267
v 78.442853390592745 14.000000000000021 108.1513133003703
v 89.29468900648304 14.000000000000007 99.975748973448404
v 87.428739873988206 14 101.3815191770753
vt 0.3333333432674408 0
vt 0.3333333432674408 0.64270532131195068
vt 0.3333333432674408 0
vt 0.3333333432674408 0.64270532131195068
vt 0.5 0
vt 0.5 0.64270532131195068
vt 0.5 0
vt 0.5 0.64270532131195068
vt 0.66666668653488159 0
vt 0.66666668653488159 0.64270532131195068
vt 0.66666668653488159 0
vt 0.66666668653488159 0.64270532131195068
vt 0.83333331346511841 0
vt 0.83333331346511841 0.64270532131195068
vt 0.83333331346511841 0
vt 0.83333331346511841 0.64270532131195068
vt 0.15013699233531952 0.72307151556015015
vt 0.10237138718366623 0.64270597696304321
vt 0 0.73900967836380005
vt 0.15520071983337402 1
vt 0.15013699233531952 0.91963446140289307
vt 0.10237138718366623 1
vt 0 0.90369629859924316
vt 0.15520071983337402 0.64270597696304321
vt 0.27017176151275635 0
vt 0.27017176151275635 0.39913958311080933
vt 0.27017176151275635 0.39913958311080933
vt 0.27017176151275635 0.64270532131195068
vt 0.86055898666381836 0.1049882248044014
vt 0.86055898666381836 0
vt 0.86055898666381836 0.64270532131195068
vt 0.86055892705917358 0.42310348153114319
vt 0.18527521193027496 0.97176015377044678
vt 0.18527522683143616 0.74239921569824219
vt 0.18527525663375854 0.69477170705795288
vt 0.18527522683143616 0.74239921569824219
vt 0.18527522683143616 0.90030676126480103
vt 0.18527522683143616 0.82711827754974365
vt 0.18527521193027496 0.67094588279724121
vt 0.18527525663375854 0.94793426990509033
vt 0.18527522683143616 0.90030676126480103
vn 0.32984855771064758 0 -0.94403386116027832
vn 0.32984855771064758 0 -0.94403386116027832
vn 0.95431780815124512 0 0.29879334568977356
vn 0.95431780815124512 0 0.29879334568977356
vn 0.95431780815124512 0 0.29879334568977356
vn 0.95431780815124512 0 0.29879334568977356
vn 0.2594754695892334 0 -0.96574968099594116
vn 0.2594754695892334 0 -0.96574968099594116
vn 0.2594754695892334 0 -0.96574968099594116
vn 0.2594754695892334 0 -0.96574968099594116
vn -0.95439070463180542 0 -0.29856052994728088
vn -0.95439070463180542 0 -0.29856052994728088
vn -0.95439070463180542 0 -0.29856052994728088
vn -0.95439070463180542 0 -0.29856052994728088
vn -0.26033785939216614 0 0.96551758050918579
vn -0.26033785939216614 0 0.96551758050918579
vn 0 -1 0
vn 0 -1 0
vn 0 -1 0
vn 0 -1 0
vn 0 1 0
vn 0 1 0
vn 0 1 0
vn 0 1 0
vn 0.32984855771064758 0 -0.94403386116027832
vn 0.32984855771064758 0 -0.94403386116027832
vn 0.32984855771064758 0 -0.94403386116027832
vn 0.32984855771064758 0 -0.94403386116027832
vn -0.26033788919448853 0 0.96551758050918579
vn -0.26033788919448853 0 0.96551758050918579
vn -0.26033788919448853 0 0.96551758050918579
vn -0.26033785939216614 0 0.96551758050918579
vn 0 -1 0
vn 0 -1 0
vn 0 -1 0
vn 0 -1 0
vn 0 1 0
vn 0 1 0
vn 0 1 0
vn 0 1 0
vn 0 1 0
f 2726/2726/2726 2728/2728/2728 2729/2729/2729 2727/2727/2727
f 2730/2730/2730 2732/2732/2732 2733/2733/2733 2731/2731/2731
f 2734/2734/2734 2736/2736/2736 2737/2737/2737 2735/2735/2735
f 2740/2740/2740 2743/2743/2743 2742/2742/2742
f 2742/2742/2742 2741/2741/2741 2740/2740/2740
f 2744/2744/2744 2746/2746/2746 2747/2747/2747
f 2746/2746/2746 2744/2744/2744 2745/2745/2745
f 2725/2725/2725 2749/2749/2749 2724/2724/2724
f 2748/2748/2748 2724/2724/2724 2749/2749/2749
f 2725/2725/2725 2751/2751/2751 2750/2750/2750
f 2752/2752/2752 2738/2738/2738 2753/2753/2753
f 2755/2755/2755 2738/2738/2738 2752/2752/2752
f 2739/2739/2739 2738/2738/2738 2755/2755/2755
f 2739/2739/2739 2755/2755/2755 2754/2754/2754
f 2743/2743/2743 2740/2740/2740 2756/2756/2756
f 2757/2757/2757 2756/2756/2756 2740/2740/2740
f 2758/2758/2758 2759/2759/2759 2740/2740/2740
f 2761/2761/2761 2747/2747/2747 2762/2762/2762
f 2744/2744/2744 2761/2761/2761 2760/2760/2760
f 2747/2747/2747 2761/2761/2761 2744/2744/2744
f 2764/2764/2764 2763/2763/2763 2744/2744/2744
usemtl Default
v 88.384696960449219 0 94.523544311523438
v 88.384696960449219 14 94.523544311523438
v 88.384696960449219 0 94.523544311523438
v 88.384696960449219 14 94.523544311523438
v 86.935699462890625 0 99.151512145996094
v 86.935699462890625 14 99.151512145996094
v 86.935699462890625 0 99.151512145996094
v 86.935699462890625 14 99.151512145996094
v 88.384696960449219 0 94.523544311523438
v 86.935699462890625 0 99.151512145996094
v 88.384696960449219 14 94.523544311523438
v 86.935699462890625 14 99.151512145996094
v 94.381727747454335 0 96.143271784109544
v 94.381727747454363 10.748332304935502 96.143271784109501
v 94.381727747454363 10.748332304935502 96.143271784109501
v 94.381727747454335 14.000000000000007 96.14327178410953
v 89.294689006483068 5.3055738940401937 99.975748973448376
v 89.29468900648304 0 99.975748973448418
v 89.29468900648304 14.000000000000007 99.975748973448404
v 89.294689006483068 5.3055738940401937 99.975748973448376
v 89.29468900648304 0 99.975748973448418
v 91.202969085369205 0 98.538087448620985
v 91.202969085369205 0 98.538087448620985
v 94.381727747454335 0 96.143271784109544
v 89.29468900648304 14.000000000000007 99.975748973448404
v 91.202969085369205 14.000000000000014 98.538087448620971
v 94.381727747454335 14.000000000000007 96.14327178410953
vt 0.25 0
vt 0.25 0.61394530534744263
vt 0.25 0
vt 0.25 0.61394530534744263
vt 0.375 0
vt 0.375 0.61394530534744263
vt 0.375 0
vt 0.375 0.61394530534744263
vt 0.10983359813690186 0.61394590139389038
vt 0.061970468610525131 0.65992242097854614
vt 0.10983359813690186 1
vt 0.061970468610525131 0.95402354001998901
vt 0.22096726298332214 0
vt 0.22096726298332214 0.47134917974472046
vt 0.22096726298332214 0.47134917974472046
vt 0.22096726298332214 0.6139453649520874
vt 0.42237120866775513 0.23266658186912537
vt 0.42237120866775513 0
vt 0.42237120866775513 0.61394530534744263
vt 0.42237120866775513 0.23266658186912537
vt 0.078824929893016815 0.69374454021453857
vt 0.1078338623046875 0.6937444806098938
vt 0.1078338623046875 0.6937444806098938
vt 0.15615616738796234 0.6937444806098938
vt 0.078824929893016815 0.92020142078399658
vt 0.1078338623046875 0.92020142078399658
vt 0.15615616738796234 0.92020142078399658
vn 0.26074513792991638 0 -0.96540766954421997
vn 0.26074513792991638 0 -0.96540766954421997
vn -0.95431780815124512 0 -0.29879334568977356
vn -0.95431780815124512 0 -0.29879334568977356
vn -0.95431780815124512 0 -0.29879334568977356
vn -0.95431780815124512 0 -0.29879334568977356
vn -0.32984855771064758 0 0.94403386116027832
vn -0.32984855771064758 0 0.94403386116027832
vn 0 -1 0
vn 0 -1 0
vn 0 1 0
vn 0 1 0
vn 0.26074513792991638 0 -0.96540766954421997
vn 0.26074513792991638 0 -0.96540766954421997
vn 0.26074513792991638 0 -0.96540766954421997
vn 0.26074513792991638 0 -0.96540766954421997
vn -0.32984855771064758 0 0.94403386116027832
vn -0.32984855771064758 0 0.94403386116027832
vn -0.32984855771064758 0 0.94403386116027832
vn -0.32984855771064758 0 0.94403386116027832
vn 0 -1 0
vn 0 -1 0
vn 0 -1 0
vn 0 -1 0
vn 0 1 0
vn 0 1 0
vn 0 1 0
f 2767/2767/2767 2769/2769/2769 2770/2770/2770 2768/2768/2768
f 2778/2778/2778 2765/2765/2765 2766/2766/2766
f 2777/2777/2777 2765/2765/2765 2778/2778/2778
f 2780/2780/2780 2779/2779/2779 2766/2766/2766
f 2781/2781/2781 2771/2771/2771 2782/2782/2782
f 2772/2772/2772 2771/2771/2771 2784/2784/2784
f 2772/2772/2772 2784/2784/2784 2783/2783/2783
f 2786/2786/2786 2774/2774/2774 2773/2773/2773
f 2774/2774/2774 2786/2786/2786 2785/2785/2785
f 2788/2788/2788 2787/2787/2787 2773/2773/2773
f 2776/2776/2776 2790/2790/2790 2775/2775/2775
f 2776/2776/2776 2789/2789/2789 2790/2790/2790
f 2790/2790/2790 2791/2791/2791 2775/2775/2775
usemtl Default
v 88.384696960449219 0 94.523544311523438
v 88.384696960449219 14 94.523544311523438
v 88.384696960449219 0 94.523544311523438
v 88.384696960449219 14 94.523544311523438
v 86.935699462890625 0 99.151512145996094
v 86.935699462890625 14 99.151512145996094
v 86.935699462890625 0 99.151512145996094
v 86.935699462890625 14 99.151512145996094
v 88.384696960449219 0 94.523544311523438
v 86.935699462890625 0 99.151512145996094
v 88.384696960449219 14 94.523544311523438
v 86.935699462890625 14 99.151512145996094
v 94.381727747454335 0 96.143271784109544
v 94.381727747454363 10.748332304935502 96.143271784109501
v 94.381727747454363 10.748332304935502 96.143271784109501
v 94.381727747454335 14.000000000000007 96.14327178410953
v 89.294689006483068 5.3055738940401937 99.975748973448376
v 89.29468900648304 0 99.975748973448418
v 89.29468900648304 14.000000000000007 99.975748973448404
v 89.294689006483068 5.3055738940401937 99.975748973448376
v 89.29468900648304 0 99.975748973448418
v 91.202969085369205 0 98.538087448620985
v 91.202969085369205 0 98.538087448620985
v 94.381727747454335 0 96.143271784109544
v 89.29468900648304 14.000000000000007 99.975748973448404
v 91.202969085369205 14.000000000000014 98.538087448620971
v 94.381727747454335 14.000000000000007 96.14327178410953
vt 0.25 0
vt 0.25 0.61394530534744263
vt 0.25 0
vt 0.25 0.61394530534744263
vt 0.375 0
vt 0.375 0.61394530534744263
vt 0.375 0
vt 0.375 0.61394530534744263
vt 0.10983359813690186 0.61394590139389038
vt 0.061970468610525131 0.65992242097854614
vt 0.10983359813690186 1
vt 0.061970468610525131 0.95402354001998901
vt 0.22096726298332214 0
vt 0.22096726298332214 0.47134917974472046
vt 0.22096726298332214 0.47134917974472046
vt 0.22096726298332214 0.6139453649520874
vt 0.42237120866775513 0.23266658186912537
vt 0.42237120866775513 0
vt 0.42237120866775513 0.61394530534744263
vt 0.42237120866775513 0.23266658186912537
vt 0.078824929893016815 0.69374454021453857
vt 0.1078338623046875 0.6937444806098938
vt 0.1078338623046875 0.6937444806098938
vt 0.15615616738796234 0.6937444806098938
vt 0.078824929893016815 0.92020142078399658
vt 0.1078338623046875 0.92020142078399658
vt 0.15615616738796234 0.92020142078399658
vn 0.26074513792991638 0 -0.96540766954421997
vn 0.26074513792991638 0 -0.96540766954421997
vn -0.95431780815124512 0 -0.29879334568977356
vn -0.95431780815124512 0 -0.29879334568977356
vn -0.95431780815124512 0 -0.29879334568977356
vn -0.95431780815124512 0 -0.29879334568977356
vn -0.32984855771064758 0 0.94403386116027832
vn -0.32984855771064758 0 0.94403386116027832
vn 0 -1 0
vn 0 -1 0
vn 0 1 0
vn 0 1 0
vn 0.26074513792991638 0 -0.96540766954421997
vn 0.26074513792991638 0 -0.96540766954421997
vn 0.26074513792991638 0 -0.96540766954421997
vn 0.26074513792991638 0 -0.96540766954421997
vn -0.32984855771064758 0 0.94403386116027832
vn -0.32984855771064758 0 0.94403386116027832
vn -0.32984855771064758 0 0.94403386116027832
vn -0.32984855771064758 0 0.94403386116027832
vn 0 -1 0
vn 0 -1 0
vn 0 -1 0
vn 0 -1 0
vn 0 1 0
vn 0 1 0
vn 0 1 0
f 2794/2794/2794 2796/2796/2796 2797/2797/2797 2795/2795/2795
f 2805/2805/2805 2792/2792/2792 2793/2793/2793
f 2804/2804/2804 2792/2792/2792 2805/2805/2805
f 2807/2807/2807 2806/2806/2806 2793/2793/2793
f 2808/2808/2808 2798/2798/2798 2809/2809/2809
f 2799/2799/2799 2798/2798/2798 2811/2811/2811
f 2799/2799/2799 2811/2811/2811 2810/2810/2810
f 2813/2813/2813 2801/2801/2801 2800/2800/2800
f 2801/2801/2801 2813/2813/2813 2812/2812/2812
f 2815/2815/2815 2814/2814/2814 2800/2800/2800
f 2803/2803/2803 2817/2817/2817 2802/2802/2802
f 2803/2803/2803 2816/2816/2816 2817/2817/2817
f 2817/2817/2817 2818/2818/2818 2802/2802/2802
usemtl Default
v 76.266387939453125 0 107.56446075439453
v 76.266387939453125 12.800000190734863 107.56446075439453
v 76.266387939453125 0 107.56446075439453
v 76.266387939453125 12.800000190734863 107.56446075439453
v 75.275146484375 0 107.16399383544922
v 75.275146484375 12.800000190734863 107.16399383544922
v 75.275146484375 0 107.16399383544922
v 75.275146484375 12.800000190734863 107.16399383544922
v 76.266387939453125 0 107.56446075439453
v 75.275146484375 0 107.16399383544922
v 76.266387939453125 12.800000190734863 107.56446075439453
v 75.275146484375 12.800000190734863 107.16399383544922
v 78.442853390592717 0 108.1513133003703
v 78.442853390592731 9.2164305146739025 108.1513133003703
v 78.442853390592759 10.709074249794806 108.15131330037028
v 78.442853390592759 10.709074249794806 108.15131330037028
v 78.442853390592731 12.800000190734863 108.1513133003703
v 74.176994399682016 8.159874129282251 111.36512945316019
v 74.17699439968203 5.8813015971969378 111.36512945316018
v 74.176994399682002 0 111.36512945316019
v 74.176994399682002 12.800000190734863 111.36512945316019
v 74.176994399682016 8.159874129282251 111.36512945316019
v 74.636571664960712 0 111.01889277685308
v 75.268324115686738 0 110.54294262589077
v 75.268324115686738 0 110.54294262589077
v 78.442853390592717 0 108.1513133003703
v 74.176994399682002 0 111.36512945316019
v 74.636571664960712 0 111.01889277685308
v 75.268324115686781 12.800000190734877 110.54294262589075
v 74.636571664960712 12.80000019073487 111.01889277685309
v 75.268324115686781 12.800000190734877 110.54294262589075
v 78.442853390592731 12.800000190734863 108.1513133003703
v 74.636571664960712 12.80000019073487 111.01889277685309
v 74.176994399682002 12.800000190734863 111.36512945316019
vt 0.1111111119389534 0
vt 0.1111111119389534 0.61556780338287354
vt 0.1111111119389534 0
vt 0.1111111119389534 0.61556780338287354
vt 0.2222222238779068 0
vt 0.2222222238779068 0.61556780338287354
vt 0.2222222238779068 0
vt 0.2222222238779068 0.61556780338287354
vt 0.24232871830463409 0.6321147084236145
vt 0.2368461936712265 0.61556845903396606
vt 0.24232871830463409 0.98345369100570679
vt 0.2368461936712265 1
vt 0.092960715293884277 0
vt 0.092960715293884277 0.44322952628135681
vt 0.092960715293884277 0.51501262187957764
vt 0.092960715293884277 0.51501262187957764
vt 0.092960715293884277 0.61556780338287354
vt 0.29305446147918701 0.39241841435432434
vt 0.29305446147918701 0.28283905982971191
vt 0.29305446147918701 0
vt 0.29305446147918701 0.61556780338287354
vt 0.29305446147918701 0.39241841435432434
vt 0.20867767930030823 0.66422748565673828
vt 0.21655172109603882 0.66422748565673828
vt 0.21655172109603882 0.66422748565673828
vt 0.25611841678619385 0.66422748565673828
vt 0.20294956862926483 0.66422748565673828
vt 0.20867767930030823 0.66422748565673828
vt 0.21655172109603882 0.95134091377258301
vt 0.20867767930030823 0.95134091377258301
vt 0.21655172109603882 0.95134091377258301
vt 0.25611841678619385 0.95134097337722778
vt 0.20867767930030823 0.95134091377258301
vt 0.20294956862926483 0.95134091377258301
vn 0.26033785939216614 0 -0.96551758050918579
vn 0.26033785939216614 0 -0.96551758050918579
vn 0.37458723783493042 0 -0.92719167470932007
vn 0.37458723783493042 0 -0.92719167470932007
vn 0.37458723783493042 0 -0.92719167470932007
vn 0.37458723783493042 0 -0.92719167470932007
vn -0.96749335527420044 0 -0.2528965175151825
vn -0.96749335527420044 0 -0.2528965175151825
vn 0 -1 0
vn 0 -1 0
vn 0 1 0
vn 0 1 0
vn 0.26033788919448853 0 -0.96551758050918579
vn 0.26033785939216614 0 -0.96551758050918579
vn 0.26033788919448853 0 -0.96551758050918579
vn 0.26033788919448853 0 -0.96551758050918579
vn 0.26033788919448853 0 -0.96551758050918579
vn -0.96749335527420044 0 -0.2528965175151825
vn -0.96749335527420044 0 -0.2528965175151825
vn -0.96749335527420044 0 -0.2528965175151825
vn -0.96749335527420044 0 -0.2528965175151825
vn -0.96749335527420044 0 -0.2528965175151825
vn 0 -1 0
vn 0 -1 0
vn 0 -1 0
vn 0 -1 0
vn 0 -1 0
vn 0 -1 0
vn 0 1 0
vn 0 1 0
vn 0 1 0
vn 0 1 0
vn 0 1 0
vn 0 1 0
f 2821/2821/2821 2823/2823/2823 2824/2824/2824 2822/2822/2822
f 2820/2820/2820 2833/2833/2833 2832/2832/2832
f 2832/2832/2832 2819/2819/2819 2820/2820/2820
f 2831/2831/2831 2819/2819/2819 2832/2832/2832
f 2835/2835/2835 2834/2834/2834 2820/2820/2820
f 2836/2836/2836 2825/2825/2825 2837/2837/2837
f 2838/2838/2838 2837/2837/2837 2825/2825/2825
f 2826/2826/2826 2825/2825/2825 2840/2840/2840
f 2840/2840/2840 2839/2839/2839 2826/2826/2826
f 2842/2842/2842 2841/2841/2841 2828/2828/2828
f 2828/2828/2828 2827/2827/2827 2842/2842/2842
f 2827/2827/2827 2844/2844/2844 2843/2843/2843
f 2846/2846/2846 2845/2845/2845 2828/2828/2828
f 2847/2847/2847 2829/2829/2829 2830/2830/2830
f 2830/2830/2830 2848/2848/2848 2847/2847/2847
f 2850/2850/2850 2829/2829/2829 2849/2849/2849
f 2852/2852/2852 2851/2851/2851 2830/2830/2830
usemtl Default
v 76.266387939453125 0 107.56446075439453
v 76.266387939453125 12.800000190734863 107.56446075439453
v 76.266387939453125 0 107.56446075439453
v 76.266387939453125 12.800000190734863 107.56446075439453
v 75.275146484375 0 107.16399383544922
v 75.275146484375 12.800000190734863 107.16399383544922
v 75.275146484375 0 107.16399383544922
v 75.275146484375 12.800000190734863 107.16399383544922
v 76.266387939453125 0 107.56446075439453
v 75.275146484375 0 107.16399383544922
v 76.266387939453125 12.800000190734863 107.56446075439453
v 75.275146484375 12.800000190734863 107.16399383544922
v 78.442853390592717 0 108.1513133003703
v 78.442853390592731 9.2164305146739025 108.1513133003703
v 78.442853390592759 10.709074249794806 108.15131330037028
v 78.442853390592759 10.709074249794806 108.15131330037028
v 78.442853390592731 12.800000190734863 108.1513133003703
v 74.176994399682016 8.159874129282251 111.36512945316019
v 74.17699439968203 5.8813015971969378 111.36512945316018
v 74.176994399682002 0 111.36512945316019
v 74.176994399682002 12.800000190734863 111.36512945316019
v 74.176994399682016 8.159874129282251 111.36512945316019
v 74.636571664960712 0 111.01889277685308
v 75.268324115686738 0 110.54294262589077
v 75.268324115686738 0 110.54294262589077
v 78.442853390592717 0 108.1513133003703
v 74.176994399682002 0 111.36512945316019
v 74.636571664960712 0 111.01889277685308
v 75.268324115686781 12.800000190734877 110.54294262589075
v 74.636571664960712 12.80000019073487 111.01889277685309
v 75.268324115686781 12.800000190734877 110.54294262589075
v 78.442853390592731 12.800000190734863 108.1513133003703
v 74.636571664960712 12.80000019073487 111.01889277685309
v 74.176994399682002 12.800000190734863 111.36512945316019
vt 0.1111111119389534 0
vt 0.1111111119389534 0.61556780338287354
vt 0.1111111119389534 0
vt 0.1111111119389534 0.61556780338287354
vt 0.2222222238779068 0
vt 0.2222222238779068 0.61556780338287354
vt 0.2222222238779068 0
vt 0.2222222238779068 0.61556780338287354
vt 0.24232871830463409 0.6321147084236145
vt 0.2368461936712265 0.61556845903396606
vt 0.24232871830463409 0.98345369100570679
vt 0.2368461936712265 1
vt 0.092960715293884277 0
vt 0.092960715293884277 0.44322952628135681
vt 0.092960715293884277 0.51501262187957764
vt 0.092960715293884277 0.51501262187957764
vt 0.092960715293884277 0.61556780338287354
vt 0.29305446147918701 0.39241841435432434
vt 0.29305446147918701 0.28283905982971191
vt 0.29305446147918701 0
vt 0.29305446147918701 0.61556780338287354
vt 0.29305446147918701 0.39241841435432434
vt 0.20867767930030823 0.66422748565673828
vt 0.21655172109603882 0.66422748565673828
vt 0.21655172109603882 0.66422748565673828
vt 0.25611841678619385 0.66422748565673828
vt 0.20294956862926483 0.66422748565673828
vt 0.20867767930030823 0.66422748565673828
vt 0.21655172109603882 0.95134091377258301
vt 0.20867767930030823 0.95134091377258301
vt 0.21655172109603882 0.95134091377258301
vt 0.25611841678619385 0.95134097337722778
vt 0.20867767930030823 0.95134091377258301
vt 0.20294956862926483 0.95134091377258301
vn 0.26033785939216614 0 -0.96551758050918579
vn 0.26033785939216614 0 -0.96551758050918579
vn 0.37458723783493042 0 -0.92719167470932007
vn 0.37458723783493042 0 -0.92719167470932007
vn 0.37458723783493042 0 -0.92719167470932007
vn 0.37458723783493042 0 -0.92719167470932007
vn -0.96749335527420044 0 -0.2528965175151825
vn -0.96749335527420044 0 -0.2528965175151825
vn 0 -1 0
vn 0 -1 0
vn 0 1 0
vn 0 1 0
vn 0.26033788919448853 0 -0.96551758050918579
vn 0.26033785939216614 0 -0.96551758050918579
vn 0.26033788919448853 0 -0.96551758050918579
vn 0.26033788919448853 0 -0.96551758050918579
vn 0.26033788919448853 0 -0.96551758050918579
vn -0.96749335527420044 0 -0.2528965175151825
vn -0.96749335527420044 0 -0.2528965175151825
vn -0.96749335527420044 0 -0.2528965175151825
vn -0.96749335527420044 0 -0.2528965175151825
vn -0.96749335527420044 0 -0.2528965175151825
vn 0 -1 0
vn 0 -1 0
vn 0 -1 0
vn 0 -1 0
vn 0 -1 0
vn 0 -1 0
vn 0 1 0
vn 0 1 0
vn 0 1 0
vn 0 1 0
vn 0 1 0
vn 0 1 0
f 2855/2855/2855 2857/2857/2857 2858/2858/2858 2856/2856/2856
f 2854/2854/2854 2867/2867/2867 2866/2866/2866
f 2866/2866/2866 2853/2853/2853 2854/2854/2854
f 2865/2865/2865 2853/2853/2853 2866/2866/2866
f 2869/2869/2869 2868/2868/2868 2854/2854/2854
f 2870/2870/2870 2859/2859/2859 2871/2871/2871
f 2872/2872/2872 2871/2871/2871 2859/2859/2859
f 2860/2860/2860 2859/2859/2859 2874/2874/2874
f 2874/2874/2874 2873/2873/2873 2860/2860/2860
f 2876/2876/2876 2875/2875/2875 2862/2862/2862
f 2862/2862/2862 2861/2861/2861 2876/2876/2876
f 2861/2861/2861 2878/2878/2878 2877/2877/2877
f 2880/2880/2880 2879/2879/2879 2862/2862/2862
f 2881/2881/2881 2863/2863/2863 2864/2864/2864
f 2864/2864/2864 2882/2882/2882 2881/2881/2881
f 2884/2884/2884 2863/2863/2863 2883/2883/2883
f 2886/2886/2886 2885/2885/2885 2864/2864/2864
usemtl Default
v 15.583357810974121 0 150.45008850097656
v 15.583357810974121 14.899999618530273 150.45008850097656
v 15.583357810974121 0 150.45008850097656
v 15.583357810974121 14.899999618530273 150.45008850097656
v 15.583357810974121 0 150.45008850097656
v 15.583357810974121 14.899999618530273 150.45008850097656
v 21.008142094890886 0 151.42152061060838
v 21.008142094890879 8.0081787867009311 151.42152061060838
v 21.008142094890879 8.0081787867009311 151.42152061060838
v 21.008142094890871 14.89999961853027 151.42152061060838
v 14.512954728643463 2.8318642788257229 156.31486990263136
v 14.512954728643463 0 156.31486990263136
v 14.512954728643461 14.899999618530259 156.31486990263133
v 14.512954728643463 2.8318642788257229 156.31486990263136
v 14.512954728643463 0 156.31486990263136
v 17.21528204091274 0 154.27898845769823
v 17.21528204091274 0 154.27898845769823
v 19.085062930538705 0 152.87033148191409
v 21.008142094890886 0 151.42152061060838
v 19.085062930538705 0 152.87033148191409
v 17.21528204091274 14.899999618530273 154.27898845769823
v 14.512954728643461 14.899999618530259 156.31486990263133
v 19.085062930538705 14.899999618530273 152.87033148191412
v 21.008142094890871 14.89999961853027 151.42152061060838
vt 0.5 0
vt 0.5 0.62878841161727905
vt 0.5 0
vt 0.5 0.62878841161727905
vt 0.28895291686058044 0.62878900766372681
vt 0.28895291686058044 1
vt 0.42291030287742615 0
vt 0.42291030287742615 0.33794969320297241
vt 0.42291030287742615 0.33794969320297241
vt 0.42291030287742615 0.62878847122192383
vt 0.53167635202407837 0.11950626969337463
vt 0.53167635202407837 0
vt 0.53167635202407837 0.62878847122192383
vt 0.53167635202407837 0.11950626969337463
vt 0.23403510451316833 0.6986309289932251
vt 0.27641922235488892 0.69863086938858032
vt 0.27641922235488892 0.69863086938858032
vt 0.30574542284011841 0.69863086938858032
vt 0.33590754866600037 0.6986309289932251
vt 0.30574542284011841 0.69863086938858032
vt 0.27641922235488892 0.93015813827514648
vt 0.23403510451316833 0.93015813827514648
vt 0.30574542284011841 0.93015813827514648
vt 0.33590754866600037 0.93015813827514648
vn 0.17626871168613434 0 -0.98434209823608398
vn 0.17626871168613434 0 -0.98434209823608398
vn -0.98374927043914795 0 -0.1795477420091629
vn -0.98374927043914795 0 -0.1795477420091629
vn 0 -1 0
vn 0 1 0
vn 0.17626871168613434 0 -0.98434209823608398
vn 0.17626871168613434 0 -0.98434209823608398
vn 0.17626871168613434 0 -0.98434209823608398
vn 0.17626871168613434 0 -0.98434209823608398
vn -0.98374927043914795 0 -0.1795477569103241
vn -0.98374927043914795 0 -0.1795477569103241
vn -0.98374927043914795 0 -0.1795477569103241
vn -0.98374927043914795 0 -0.1795477569103241
vn 0 -1 0
vn 0 -1 0
vn 0 -1 0
vn 0 -1 0
vn 0 -1 0
vn 0 -1 0
vn 0 1 0
vn 0 1 0
vn 0 1 0
vn 0 1 0
f 2888/2888/2888 2894/2894/2894 2887/2887/2887
f 2893/2893/2893 2887/2887/2887 2894/2894/2894
f 2895/2895/2895 2888/2888/2888 2896/2896/2896
f 2897/2897/2897 2889/2889/2889 2898/2898/2898
f 2900/2900/2900 2890/2890/2890 2889/2889/2889
f 2890/2890/2890 2900/2900/2900 2899/2899/2899
f 2901/2901/2901 2891/2891/2891 2902/2902/2902
f 2903/2903/2903 2891/2891/2891 2904/2904/2904
f 2905/2905/2905 2906/2906/2906 2891/2891/2891
f 2908/2908/2908 2907/2907/2907 2892/2892/2892
f 2907/2907/2907 2909/2909/2909 2892/2892/2892
f 2910/2910/2910 2892/2892/2892 2909/2909/2909
usemtl Default
v 15.583357810974121 0 150.45008850097656
v 15.583357810974121 14.899999618530273 150.45008850097656
v 15.583357810974121 0 150.45008850097656
v 15.583357810974121 14.899999618530273 150.45008850097656
v 15.583357810974121 0 150.45008850097656
v 15.583357810974121 14.899999618530273 150.45008850097656
v 21.008142094890886 0 151.42152061060838
v 21.008142094890879 8.0081787867009311 151.42152061060838
v 21.008142094890879 8.0081787867009311 151.42152061060838
v 21.008142094890871 14.89999961853027 151.42152061060838
v 14.512954728643463 2.8318642788257229 156.31486990263136
v 14.512954728643463 0 156.31486990263136
v 14.512954728643461 14.899999618530259 156.31486990263133
v 14.512954728643463 2.8318642788257229 156.31486990263136
v 14.512954728643463 0 156.31486990263136
v 17.21528204091274 0 154.27898845769823
v 17.21528204091274 0 154.27898845769823
v 19.085062930538705 0 152.87033148191409
v 21.008142094890886 0 151.42152061060838
v 19.085062930538705 0 152.87033148191409
v 17.21528204091274 14.899999618530273 154.27898845769823
v 14.512954728643461 14.899999618530259 156.31486990263133
v 19.085062930538705 14.899999618530273 152.87033148191412
v 21.008142094890871 14.89999961853027 151.42152061060838
vt 0.5 0
vt 0.5 0.62878841161727905
vt 0.5 0
vt 0.5 0.62878841161727905
vt 0.28895291686058044 0.62878900766372681
vt 0.28895291686058044 1
vt 0.42291030287742615 0
vt 0.42291030287742615 0.33794969320297241
vt 0.42291030287742615 0.33794969320297241
vt 0.42291030287742615 0.62878847122192383
vt 0.53167635202407837 0.11950626969337463
vt 0.53167635202407837 0
vt 0.53167635202407837 0.62878847122192383
vt 0.53167635202407837 0.11950626969337463
vt 0.23403510451316833 0.6986309289932251
vt 0.27641922235488892 0.69863086938858032
vt 0.27641922235488892 0.69863086938858032
vt 0.30574542284011841 0.69863086938858032
vt 0.33590754866600037 0.6986309289932251
vt 0.30574542284011841 0.69863086938858032
vt 0.27641922235488892 0.93015813827514648
vt 0.23403510451316833 0.93015813827514648
vt 0.30574542284011841 0.93015813827514648
vt 0.33590754866600037 0.93015813827514648
vn 0.17626871168613434 0 -0.98434209823608398
vn 0.17626871168613434 0 -0.98434209823608398
vn -0.98374927043914795 0 -0.1795477420091629
vn -0.98374927043914795 0 -0.1795477420091629
vn 0 -1 0
vn 0 1 0
vn 0.17626871168613434 0 -0.98434209823608398
vn 0.17626871168613434 0 -0.98434209823608398
vn 0.17626871168613434 0 -0.98434209823608398
vn 0.17626871168613434 0 -0.98434209823608398
vn -0.98374927043914795 0 -0.1795477569103241
vn -0.98374927043914795 0 -0.1795477569103241
vn -0.98374927043914795 0 -0.1795477569103241
vn -0.98374927043914795 0 -0.1795477569103241
vn 0 -1 0
vn 0 -1 0
vn 0 -1 0
vn 0 -1 0
vn 0 -1 0
vn 0 -1 0
vn 0 1 0
vn 0 1 0
vn 0 1 0
vn 0 1 0
f 2912/2912/2912 2918/2918/2918 2911/2911/2911
f 2917/2917/2917 2911/2911/2911 2918/2918/2918
f 2919/2919/2919 2912/2912/2912 2920/2920/2920
f 2921/2921/2921 2913/2913/2913 2922/2922/2922
f 2924/2924/2924 2914/2914/2914 2913/2913/2913
f 2914/2914/2914 2924/2924/2924 2923/2923/2923
f 2925/2925/2925 2915/2915/2915 2926/2926/2926
f 2927/2927/2927 2915/2915/2915 2928/2928/2928
f 2929/2929/2929 2930/2930/2930 2915/2915/2915
f 2932/2932/2932 2931/2931/2931 2916/2916/2916
f 2931/2931/2931 2933/2933/2933 2916/2916/2916
f 2934/2934/2934 2916/2916/2916 2933/2933/2933
usemtl Default
v 15.583357810974121 0 150.45008850097656
v 15.583357810974121 16.100000381469727 150.45008850097656
v -18.309865951538086 0 144.36555480957031
v -18.309865951538086 16.100000381469727 144.36555480957031
v -18.309865951538086 0 144.36555480957031
v -18.309865951538086 16.100000381469727 144.36555480957031
v -18.439390182495117 0 146.59428405761719
v -18.439390182495117 16.100000381469727 146.59428405761719
v -18.439390182495117 0 146.59428405761719
v -18.439390182495117 16.100000381469727 146.59428405761719
v -17.47242546081543 0 146.56454467773438
v -17.47242546081543 16.100000381469727 146.56454467773438
v -17.47242546081543 0 146.56454467773438
v -17.47242546081543 16.100000381469727 146.56454467773438
v 15.583357810974121 0 150.45008850097656
v 15.583357810974121 16.100000381469727 150.45008850097656
v 15.583357810974121 0 150.45008850097656
v -18.309865951538086 0 144.36555480957031
v -18.439390182495117 0 146.59428405761719
v -17.47242546081543 0 146.56454467773438
v 15.583357810974121 16.100000381469727 150.45008850097656
v -18.309865951538086 16.100000381469727 144.36555480957031
v -18.439390182495117 16.100000381469727 146.59428405761719
v -17.47242546081543 16.100000381469727 146.56454467773438
v -19.638823988167971 12.901099176145522 182.04416342134704
v -19.638823988167971 0 182.04416342134704
v -19.638823988167971 16.100000381469719 182.04416342134704
v 14.512954728643463 0 156.31486990263136
v 14.512954728643463 13.040066345453802 156.31486990263133
v 14.512954728643463 13.040066345453802 156.31486990263133
v 14.512954728643464 16.100000381469712 156.31486990263136
v -0.7186219348308569 0 167.79004693446296
v 14.512954728643463 0 156.31486990263136
v -0.7186219348308569 0 167.79004693446296
v -19.638823988167971 0 182.04416342134704
v 14.512954728643464 16.100000381469712 156.31486990263136
v -0.7186219348308569 16.100000381469727 167.79004693446296
v -19.638823988167971 16.100000381469719 182.04416342134704
vt 0 0
vt 0 0.57376962900161743
vt 0.1428571492433548 0
vt 0.1428571492433548 0.57376962900161743
vt 0.1428571492433548 0
vt 0.1428571492433548 0.57376962900161743
vt 0.28571429848670959 0
vt 0.28571429848670959 0.57376962900161743
vt 0.28571429848670959 0
vt 0.28571429848670959 0.57376962900161743
vt 0.4285714328289032 0
vt 0.4285714328289032 0.57376962900161743
vt 0.4285714328289032 0
vt 0.4285714328289032 0.57376962900161743
vt 1 0
vt 1 0.57376962900161743
vt 0.35685995221138 0.80519872903823853
vt 0.19883941113948822 0.57377022504806519
vt 0.18908834457397461 0.58936870098114014
vt 0.19442254304885864 0.59448301792144775
vt 0.35685995221138 0.76857149600982666
vt 0.19883941113948822 1
vt 0.18908834457397461 0.98440152406692505
vt 0.19442254304885864 0.97928720712661743
vt 0.54304438829421997 0.45976760983467102
vt 0.54304438829421997 0
vt 0.54304438829421997 0.57376962900161743
vt 0.97284889221191406 0
vt 0.97284889221191406 0.46472012996673584
vt 0.97284889221191406 0.46472012996673584
vt 0.97284889221191406 0.57376962900161743
vt 0.19853579998016357 0.84222227334976196
vt 0.32726705074310303 0.84222227334976196
vt 0.19853579998016357 0.84222227334976196
vt 0.038629718124866486 0.84222221374511719
vt 0.32726705074310303 0.73154795169830322
vt 0.19853579998016357 0.73154795169830322
vt 0.038629718124866486 0.73154795169830322
vn 0.17669592797756195 0 -0.98426550626754761
vn 0.17669592797756195 0 -0.98426550626754761
vn 0.17669592797756195 0 -0.98426550626754761
vn 0.17669592797756195 0 -0.98426550626754761
vn -0.99831557273864746 0 -0.058017786592245102
vn -0.99831557273864746 0 -0.058017786592245102
vn -0.99831557273864746 0 -0.058017786592245102
vn -0.99831557273864746 0 -0.058017786592245102
vn 0.030746933072805405 0 0.9995272159576416
vn 0.030746933072805405 0 0.9995272159576416
vn 0.030746933072805405 0 0.9995272159576416
vn 0.030746933072805405 0 0.9995272159576416
vn -0.99814099073410034 0 -0.060946870595216751
vn -0.99814099073410034 0 -0.060946870595216751
vn 0.98374927043914795 0 0.1795477420091629
vn 0.98374927043914795 0 0.1795477420091629
vn 0 -1 0
vn 0 -1 0
vn 0 -1 0
vn 0 -1 0
vn 0 1 0
vn 0 1 0
vn 0 1 0
vn 0 1 0
vn -0.99814099073410034 0 -0.060946870595216751
vn -0.99814099073410034 0 -0.060946870595216751
vn -0.99814099073410034 0 -0.060946870595216751
vn 0.98374927043914795 0 0.1795477569103241
vn 0.98374927043914795 0 0.1795477569103241
vn 0.98374927043914795 0 0.1795477569103241
vn 0.98374927043914795 0 0.1795477569103241
vn 0 -1 0
vn 0 -1 0
vn 0 -1 0
vn 0 -1 0
vn 0 1 0
vn 0 1 0
vn 0 1 0
f 2935/2935/2935 2937/2937/2937 2938/2938/2938 2936/2936/2936
f 2939/2939/2939 2941/2941/2941 2942/2942/2942 2940/2940/2940
f 2943/2943/2943 2945/2945/2945 2946/2946/2946 2944/2944/2944
f 2953/2953/2953 2952/2952/2952 2954/2954/2954
f 2951/2951/2951 2954/2954/2954 2952/2952/2952
f 2957/2957/2957 2958/2958/2958 2956/2956/2956
f 2955/2955/2955 2956/2956/2956 2958/2958/2958
f 2959/2959/2959 2947/2947/2947 2960/2960/2960
f 2959/2959/2959 2948/2948/2948 2947/2947/2947
f 2948/2948/2948 2959/2959/2959 2961/2961/2961
f 2950/2950/2950 2963/2963/2963 2949/2949/2949
f 2962/2962/2962 2949/2949/2949 2963/2963/2963
f 2965/2965/2965 2964/2964/2964 2950/2950/2950
f 2967/2967/2967 2966/2966/2966 2954/2954/2954
f 2954/2954/2954 2951/2951/2951 2967/2967/2967
f 2954/2954/2954 2968/2968/2968 2969/2969/2969
f 2970/2970/2970 2955/2955/2955 2958/2958/2958
f 2958/2958/2958 2971/2971/2971 2970/2970/2970
f 2958/2958/2958 2972/2972/2972 2971/2971/2971
usemtl Default
v 15.583357810974121 0 150.45008850097656
v 15.583357810974121 16.100000381469727 150.45008850097656
v -18.309865951538086 0 144.36555480957031
v -18.309865951538086 16.100000381469727 144.36555480957031
v -18.309865951538086 0 144.36555480957031
v -18.309865951538086 16.100000381469727 144.36555480957031
v -18.439390182495117 0 146.59428405761719
v -18.439390182495117 16.100000381469727 146.59428405761719
v -18.439390182495117 0 146.59428405761719
v -18.439390182495117 16.100000381469727 146.59428405761719
v -17.47242546081543 0 146.56454467773438
v -17.47242546081543 16.100000381469727 146.56454467773438
v -17.47242546081543 0 146.56454467773438
v -17.47242546081543 16.100000381469727 146.56454467773438
v 15.583357810974121 0 150.45008850097656
v 15.583357810974121 16.100000381469727 150.45008850097656
v 15.583357810974121 0 150.45008850097656
v -18.309865951538086 0 144.36555480957031
v -18.439390182495117 0 146.59428405761719
v -17.47242546081543 0 146.56454467773438
v 15.583357810974121 16.100000381469727 150.45008850097656
v -18.309865951538086 16.100000381469727 144.36555480957031
v -18.439390182495117 16.100000381469727 146.59428405761719
v -17.47242546081543 16.100000381469727 146.56454467773438
v -19.638823988167971 12.901099176145522 182.04416342134704
v -19.638823988167971 0 182.04416342134704
v -19.638823988167971 16.100000381469719 182.04416342134704
v 14.512954728643463 0 156.31486990263136
v 14.512954728643463 13.040066345453802 156.31486990263133
v 14.512954728643463 13.040066345453802 156.31486990263133
v 14.512954728643464 16.100000381469712 156.31486990263136
v -0.7186219348308569 0 167.79004693446296
v 14.512954728643463 0 156.31486990263136
v -0.7186219348308569 0 167.79004693446296
v -19.638823988167971 0 182.04416342134704
v 14.512954728643464 16.100000381469712 156.31486990263136
v -0.7186219348308569 16.100000381469727 167.79004693446296
v -19.638823988167971 16.100000381469719 182.04416342134704
vt 0 0
vt 0 0.57376962900161743
vt 0.1428571492433548 0
vt 0.1428571492433548 0.57376962900161743
vt 0.1428571492433548 0
vt 0.1428571492433548 0.57376962900161743
vt 0.28571429848670959 0
vt 0.28571429848670959 0.57376962900161743
vt 0.28571429848670959 0
vt 0.28571429848670959 0.57376962900161743
vt 0.4285714328289032 0
vt 0.4285714328289032 0.57376962900161743
vt 0.4285714328289032 0
vt 0.4285714328289032 0.57376962900161743
vt 1 0
vt 1 0.57376962900161743
vt 0.35685995221138 0.80519872903823853
vt 0.19883941113948822 0.57377022504806519
vt 0.18908834457397461 0.58936870098114014
vt 0.19442254304885864 0.59448301792144775
vt 0.35685995221138 0.76857149600982666
vt 0.19883941113948822 1
vt 0.18908834457397461 0.98440152406692505
vt 0.19442254304885864 0.97928720712661743
vt 0.54304438829421997 0.45976760983467102
vt 0.54304438829421997 0
vt 0.54304438829421997 0.57376962900161743
vt 0.97284889221191406 0
vt 0.97284889221191406 0.46472012996673584
vt 0.97284889221191406 0.46472012996673584
vt 0.97284889221191406 0.57376962900161743
vt 0.19853579998016357 0.84222227334976196
vt 0.32726705074310303 0.84222227334976196
vt 0.19853579998016357 0.84222227334976196
vt 0.038629718124866486 0.84222221374511719
vt 0.32726705074310303 0.73154795169830322
vt 0.19853579998016357 0.73154795169830322
vt 0.038629718124866486 0.73154795169830322
vn 0.17669592797756195 0 -0.98426550626754761
vn 0.17669592797756195 0 -0.98426550626754761
vn 0.17669592797756195 0 -0.98426550626754761
vn 0.17669592797756195 0 -0.98426550626754761
vn -0.99831557273864746 0 -0.058017786592245102
vn -0.99831557273864746 0 -0.058017786592245102
vn -0.99831557273864746 0 -0.058017786592245102
vn -0.99831557273864746 0 -0.058017786592245102
vn 0.030746933072805405 0 0.9995272159576416
vn 0.030746933072805405 0 0.9995272159576416
vn 0.030746933072805405 0 0.9995272159576416
vn 0.030746933072805405 0 0.9995272159576416
vn -0.99814099073410034 0 -0.060946870595216751
vn -0.99814099073410034 0 -0.060946870595216751
vn 0.98374927043914795 0 0.1795477420091629
vn 0.98374927043914795 0 0.1795477420091629
vn 0 -1 0
vn 0 -1 0
vn 0 -1 0
vn 0 -1 0
vn 0 1 0
vn 0 1 0
vn 0 1 0
vn 0 1 0
vn -0.99814099073410034 0 -0.060946870595216751
vn -0.99814099073410034 0 -0.060946870595216751
vn -0.99814099073410034 0 -0.060946870595216751
vn 0.98374927043914795 0 0.1795477569103241
vn 0.98374927043914795 0 0.1795477569103241
vn 0.98374927043914795 0 0.1795477569103241
vn 0.98374927043914795 0 0.1795477569103241
vn 0 -1 0
vn 0 -1 0
vn 0 -1 0
vn 0 -1 0
vn 0 1 0
vn 0 1 0
vn 0 1 0
f 2973/2973/2973 2975/2975/2975 2976/2976/2976 2974/2974/2974
f 2977/2977/2977 2979/2979/2979 2980/2980/2980 2978/2978/2978
f 2981/2981/2981 2983/2983/2983 2984/2984/2984 2982/2982/2982
f 2991/2991/2991 2990/2990/2990 2992/2992/2992
f 2989/2989/2989 2992/2992/2992 2990/2990/2990
f 2995/2995/2995 2996/2996/2996 2994/2994/2994
f 2993/2993/2993 2994/2994/2994 2996/2996/2996
f 2997/2997/2997 2985/2985/2985 2998/2998/2998
f 2997/2997/2997 2986/2986/2986 2985/2985/2985
f 2986/2986/2986 2997/2997/2997 2999/2999/2999
f 2988/2988/2988 3001/3001/3001 2987/2987/2987
f 3000/3000/3000 2987/2987/2987 3001/3001/3001
f 3003/3003/3003 3002/3002/3002 2988/2988/2988
f 3005/3005/3005 3004/3004/3004 2992/2992/2992
f 2992/2992/2992 2989/2989/2989 3005/3005/3005
f 2992/2992/2992 3006/3006/3006 3007/3007/3007
f 3008/3008/3008 2993/2993/2993 2996/2996/2996
f 2996/2996/2996 3009/3009/3009 3008/3008/3008
f 2996/2996/2996 3010/3010/3010 3009/3009/3009
usemtl Default
v -54.764053344726562 -1.4795622825622559 208.5068359375
v -54.764053344726562 3.444873275526561E-10 208.5068359375
v 186.18040466308594 -1.4795622825622559 26.983913421630859
v 186.18040466308594 3.444873275526561E-10 26.983913421630859
v 186.18040466308594 -1.4795622825622559 26.983913421630859
v 186.18040466308594 3.444873275526561E-10 26.983913421630859
v 28.011463165283203 -1.4795622825622559 -182.96163940429688
v 28.011463165283203 3.444873275526561E-10 -182.96163940429688
v 28.011463165283203 -1.4795622825622559 -182.96163940429688
v 28.011463165283203 3.444873275526561E-10 -182.96163940429688
v -212.93299865722656 -1.4795622825622559 -1.4387223720550537
v -212.93299865722656 3.444873275526561E-10 -1.4387223720550537
v -212.93299865722656 -1.4795622825622559 -1.4387223720550537
v -212.93299865722656 3.444873275526561E-10 -1.4387223720550537
v -54.764053344726562 -1.4795622825622559 208.5068359375
v -54.764053344726562 3.444873275526561E-10 208.5068359375
v -54.764053344726562 -1.4795622825622559 208.5068359375
v 186.18040466308594 -1.4795622825622559 26.983913421630859
v 28.011463165283203 -1.4795622825622559 -182.96163940429688
v -212.93299865722656 -1.4795622825622559 -1.4387223720550537
v -54.764053344726562 3.444873275526561E-10 208.5068359375
v 186.18040466308594 3.444873275526561E-10 26.983913421630859
v 28.011463165283203 3.444873275526561E-10 -182.96163940429688
v -212.93299865722656 3.444873275526561E-10 -1.4387223720550537
vt 0 0
vt 0 0.50140297412872314
vt 0.26718762516975403 0
vt 0.26718762516975403 0.50140297412872314
vt 0.26718762516975403 0
vt 0.26718762516975403 0.50140297412872314
vt 0.5 0
vt 0.5 0.50140297412872314
vt 0.5 0
vt 0.5 0.50140297412872314
vt 0.76718759536743164 0
vt 0.76718759536743164 0.50140297412872314
vt 0.76718759536743164 0
vt 0.76718759536743164 0.50140297412872314
vt 1 0
vt 1 0.50140297412872314
vt 0 1
vt 0.26718762516975403 1
vt 0.26718762516975403 0.50140351057052612
vt 0 0.50140351057052612
vt 0.73281240463256836 0.50140351057052612
vt 1 0.50140351057052612
vt 1 1
vt 0.73281240463256836 1
vn 0.60172677040100098 0 0.79870200157165527
vn 0.60172677040100098 0 0.79870200157165527
vn 0.60172677040100098 0 0.79870200157165527
vn 0.60172677040100098 0 0.79870200157165527
vn 0.79870200157165527 0 -0.60172677040100098
vn 0.79870200157165527 0 -0.60172677040100098
vn 0.79870200157165527 0 -0.60172677040100098
vn 0.79870200157165527 0 -0.60172677040100098
vn -0.60172677040100098 0 -0.79870200157165527
vn -0.60172677040100098 0 -0.79870200157165527
vn -0.60172677040100098 0 -0.79870200157165527
vn -0.60172677040100098 0 -0.79870200157165527
vn -0.79870200157165527 0 0.60172677040100098
vn -0.79870200157165527 0 0.60172677040100098
vn -0.79870200157165527 0 0.60172677040100098
vn -0.79870200157165527 0 0.60172677040100098
vn 0 -1 0
vn 0 -1 0
vn 0 -1 0
vn 0 -1 0
vn 0 1 0
vn 0 1 0
vn 0 1 0
vn 0 1 0
f 3011/3011/3011 3013/3013/3013 3014/3014/3014 3012/3012/3012
f 3015/3015/3015 3017/3017/3017 3018/3018/3018 3016/3016/3016
f 3019/3019/3019 3021/3021/3021 3022/3022/3022 3020/3020/3020
f 3023/3023/3023 3025/3025/3025 3026/3026/3026 3024/3024/3024
f 3028/3028/3028 3027/3027/3027 3030/3030/3030
f 3030/3030/3030 3029/3029/3029 3028/3028/3028
f 3032/3032/3032 3034/3034/3034 3031/3031/3031
f 3034/3034/3034 3032/3032/3032 3033/3033/3033
usemtl Default
v 65.954452514648438 0 -75.610122680664062
v 65.954452514648438 19.5 -75.610122680664062
v 63.964511871337891 0 -106.02948760986328
v 63.964511871337891 19.5 -106.02948760986328
v 63.964511871337891 0 -106.02948760986328
v 63.964511871337891 19.5 -106.02948760986328
v 27.826629638671875 0 -105.11902618408203
v 27.826629638671875 19.5 -105.11902618408203
v 27.826629638671875 0 -105.11902618408203
v 27.826629638671875 19.5 -105.11902618408203
v 28.469964981079102 0 -81.095191955566406
v 28.469964981079102 19.5 -81.095191955566406
v 28.635105133056641 0 -74.596481323242188
v 28.635105133056641 19.5 -74.596481323242188
v 28.635105133056641 0 -74.596481323242188
v 28.635105133056641 19.5 -74.596481323242188
v 65.954452514648438 0 -75.610122680664062
v 65.954452514648438 19.5 -75.610122680664062
v 65.954452514648438 0 -75.610122680664062
v 63.964511871337891 0 -106.02948760986328
v 27.826629638671875 0 -105.11902618408203
v 28.469964981079102 0 -81.095191955566406
v 28.635105133056641 0 -74.596481323242188
v 65.954452514648438 19.5 -75.610122680664062
v 63.964511871337891 19.5 -106.02948760986328
v 27.826629638671875 19.5 -105.11902618408203
v 28.469964981079102 19.5 -81.095191955566406
v 28.635105133056641 19.5 -74.596481323242188
vt 0 0
vt 0 0.58664882183074951
vt 0.20000000298023224 0
vt 0.20000000298023224 0.58664882183074951
vt 0.20000000298023224 0
vt 0.20000000298023224 0.58664882183074951
vt 0.40000000596046448 0
vt 0.40000000596046448 0.58664882183074951
vt 0.40000000596046448 0
vt 0.40000000596046448 0.58664882183074951
vt 0.60000002384185791 0
vt 0.60000002384185791 0.58664882183074951
vt 0.80000001192092896 0
vt 0.80000001192092896 0.58664882183074951
vt 0.80000001192092896 0
vt 0.80000001192092896 0.58664882183074951
vt 1 0
vt 1 0.58664882183074951
vt 0.22614835202693939 1
vt 0.35042166709899902 0.77343779802322388
vt 0.13175083696842194 0.58664941787719727
vt 0.028093308210372925 0.76061415672302246
vt 0 0.80762606859207153
vt 0.22614835202693939 0.58664941787719727
vt 0.35042166709899902 0.81321161985397339
vt 0.13175083696842194 1
vt 0.028093308210372925 0.8260352611541748
vt 0 0.77902334928512573
vn 0.9978671669960022 0 -0.065277382731437683
vn 0.9978671669960022 0 -0.065277382731437683
vn 0.9978671669960022 0 -0.065277382731437683
vn 0.9978671669960022 0 -0.065277382731437683
vn -0.025186073035001755 0 -0.99968278408050537
vn -0.025186073035001755 0 -0.99968278408050537
vn -0.025186073035001755 0 -0.99968278408050537
vn -0.025186073035001755 0 -0.99968278408050537
vn -0.99964165687561035 0 0.026769494637846947
vn -0.99964165687561035 0 0.026769494637846947
vn -0.99967730045318604 0 0.02540304884314537
vn -0.99967730045318604 0 0.02540304884314537
vn -0.99967730045318604 0 0.02540304884314537
vn -0.99967730045318604 0 0.02540304884314537
vn 0.027151374146342278 0 0.99963134527206421
vn 0.027151374146342278 0 0.99963134527206421
vn 0.027151374146342278 0 0.99963134527206421
vn 0.027151374146342278 0 0.99963134527206421
vn 0 -1 0
vn 0 -1 0
vn 0 -1 0
vn 0 -1 0
vn 0 -1 0
vn 0 1 0
vn 0 1 0
vn 0 1 0
vn 0 1 0
vn 0 1 0
f 3035/3035/3035 3037/3037/3037 3038/3038/3038 3036/3036/3036
f 3039/3039/3039 3041/3041/3041 3042/3042/3042 3040/3040/3040
f 3043/3043/3043 3045/3045/3045 3046/3046/3046 3044/3044/3044
f 3045/3045/3045 3047/3047/3047 3048/3048/3048 3046/3046/3046
f 3049/3049/3049 3051/3051/3051 3052/3052/3052 3050/3050/3050
f 3053/3053/3053 3057/3057/3057 3056/3056/3056
f 3055/3055/3055 3054/3054/3054 3056/3056/3056
f 3053/3053/3053 3056/3056/3056 3054/3054/3054
f 3058/3058/3058 3061/3061/3061 3062/3062/3062
f 3060/3060/3060 3061/3061/3061 3059/3059/3059
f 3058/3058/3058 3059/3059/3059 3061/3061/3061
usemtl Default
v 64.169013977050781 0 -20.413419723510742
v 64.169013977050781 10.5 -20.413419723510742
v 64.80902099609375 0 -34.965423583984375
v 64.80902099609375 10.5 -34.965423583984375
v 64.80902099609375 0 -34.965423583984375
v 64.80902099609375 10.5 -34.965423583984375
v 38.580852508544922 0 -34.731010437011719
v 38.580852508544922 10.5 -34.731010437011719
v 38.580852508544922 0 -34.731010437011719
v 38.580852508544922 10.5 -34.731010437011719
v 38.101863861083984 0 -20.181964874267578
v 38.101863861083984 10.5 -20.181964874267578
v 38.101863861083984 0 -20.181964874267578
v 38.101863861083984 10.5 -20.181964874267578
v 64.169013977050781 0 -20.413419723510742
v 64.169013977050781 10.5 -20.413419723510742
v 64.169013977050781 0 -20.413419723510742
v 64.80902099609375 0 -34.965423583984375
v 38.580852508544922 0 -34.731010437011719
v 38.101863861083984 0 -20.181964874267578
v 64.169013977050781 10.5 -20.413419723510742
v 64.80902099609375 10.5 -34.965423583984375
v 38.580852508544922 10.5 -34.731010437011719
v 38.101863861083984 10.5 -20.181964874267578
vt 0 0
vt 0 0.58181977272033691
vt 0.25 0
vt 0.25 0.58181977272033691
vt 0.25 0
vt 0.25 0.58181977272033691
vt 0.5 0
vt 0.5 0.58181977272033691
vt 0.5 0
vt 0.5 0.58181977272033691
vt 0.75 0
vt 0.75 0.58181977272033691
vt 0.75 0
vt 0.75 0.58181977272033691
vt 1 0
vt 1 0.58181977272033691
vt 0.25741901993751526 1
vt 0.37124189734458923 0.82486438751220703
vt 0.11222153156995773 0.58182036876678467
vt 0 0.75842916965484619
vt 0.88617712259292603 0.58182036876678467
vt 1 0.75695598125457764
vt 0.74097961187362671 1
vt 0.62875807285308838 0.82339119911193848
vn 0.99903422594070435 0 0.043938092887401581
vn 0.99903422594070435 0 0.043938092887401581
vn 0.99903422594070435 0 0.043938092887401581
vn 0.99903422594070435 0 0.043938092887401581
vn -0.0089370198547840118 0 -0.99996006488800049
vn -0.0089370198547840118 0 -0.99996006488800049
vn -0.0089370198547840118 0 -0.99996006488800049
vn -0.0089370198547840118 0 -0.99996006488800049
vn -0.99945849180221558 0 -0.03290456160902977
vn -0.99945849180221558 0 -0.03290456160902977
vn -0.99945849180221558 0 -0.03290456160902977
vn -0.99945849180221558 0 -0.03290456160902977
vn 0.0088788224384188652 0 0.99996060132980347
vn 0.0088788224384188652 0 0.99996060132980347
vn 0.0088788224384188652 0 0.99996060132980347
vn 0.0088788224384188652 0 0.99996060132980347
vn 0 -1 0
vn 0 -1 0
vn 0 -1 0
vn 0 -1 0
vn 0 1 0
vn 0 1 0
vn 0 1 0
vn 0 1 0
f 3063/3063/3063 3065/3065/3065 3066/3066/3066 3064/3064/3064
f 3067/3067/3067 3069/3069/3069 3070/3070/3070 3068/3068/3068
f 3071/3071/3071 3073/3073/3073 3074/3074/3074 3072/3072/3072
f 3075/3075/3075 3077/3077/3077 3078/3078/3078 3076/3076/3076
f 3079/3079/3079 3082/3082/3082 3081/3081/3081
f 3081/3081/3081 3080/3080/3080 3079/3079/3079
f 3083/3083/3083 3085/3085/3085 3086/3086/3086
f 3085/3085/3085 3083/3083/3083 3084/3084/3084
usemtl Default
v 122.38099670410156 0 25.486057281494141
v 122.38099670410156 13.699999809265137 25.486057281494141
v 123.02542114257812 0 10.273394584655762
v 123.02542114257812 13.699999809265137 10.273394584655762
v 123.02542114257812 0 10.273394584655762
v 123.02542114257812 13.699999809265137 10.273394584655762
v 87.001327514648438 0 10.137064933776855
v 87.001327514648438 13.699999809265137 10.137064933776855
v 87.001327514648438 0 10.137064933776855
v 87.001327514648438 13.699999809265137 10.137064933776855
v 86.385848999023438 0 25.363029479980469
v 86.385848999023438 13.699999809265137 25.363029479980469
v 86.385848999023438 0 25.363029479980469
v 86.385848999023438 13.699999809265137 25.363029479980469
v 122.38099670410156 0 25.486057281494141
v 122.38099670410156 13.699999809265137 25.486057281494141
v 122.38099670410156 0 25.486057281494141
v 123.02542114257812 0 10.273394584655762
v 87.001327514648438 0 10.137064933776855
v 86.385848999023438 0 25.363029479980469
v 122.38099670410156 13.699999809265137 25.486057281494141
v 123.02542114257812 13.699999809265137 10.273394584655762
v 87.001327514648438 13.699999809265137 10.137064933776855
v 86.385848999023438 13.699999809265137 25.363029479980469
vt 0 0
vt 0 0.58478075265884399
vt 0.25 0
vt 0.25 0.58478075265884399
vt 0.25 0
vt 0.25 0.58478075265884399
vt 0.5 0
vt 0.5 0.58478075265884399
vt 0.5 0
vt 0.5 0.58478075265884399
vt 0.75 0
vt 0.75 0.58478075265884399
vt 0.75 0
vt 0.75 0.58478075265884399
vt 1 0
vt 1 0.58478075265884399
vt 0.27980220317840576 1
vt 0.37414407730102539 0.85441654920578003
vt 0.09419434517621994 0.58478134870529175
vt 0 0.73071187734603882
vt 0.90565812587738037 0.58478134870529175
vt 1 0.73036479949951172
vt 0.72005027532577515 1
vt 0.62585592269897461 0.85406941175460815
vn 0.99910396337509155 0 0.042323179543018341
vn 0.99910396337509155 0 0.042323179543018341
vn 0.99910396337509155 0 0.042323179543018341
vn 0.99910396337509155 0 0.042323179543018341
vn 0.0037843715399503708 0 -0.99999284744262695
vn 0.0037843715399503708 0 -0.99999284744262695
vn 0.0037843715399503708 0 -0.99999284744262695
vn 0.0037843715399503708 0 -0.99999284744262695
vn -0.9991840124130249 0 -0.040389817208051682
vn -0.9991840124130249 0 -0.040389817208051682
vn -0.9991840124130249 0 -0.040389817208051682
vn -0.9991840124130249 0 -0.040389817208051682
vn -0.0034178949426859617 0 0.99999415874481201
vn -0.0034178949426859617 0 0.99999415874481201
vn -0.0034178949426859617 0 0.99999415874481201
vn -0.0034178949426859617 0 0.99999415874481201
vn 0 -1 0
vn 0 -1 0
vn 0 -1 0
vn 0 -1 0
vn 0 1 0
vn 0 1 0
vn 0 1 0
vn 0 1 0
f 3087/3087/3087 3089/3089/3089 3090/3090/3090 3088/3088/3088
f 3091/3091/3091 3093/3093/3093 3094/3094/3094 3092/3092/3092
f 3095/3095/3095 3097/3097/3097 3098/3098/3098 3096/3096/3096
f 3099/3099/3099 3101/3101/3101 3102/3102/3102 3100/3100/3100
f 3103/3103/3103 3106/3106/3106 3105/3105/3105
f 3105/3105/3105 3104/3104/3104 3103/3103/3103
f 3107/3107/3107 3109/3109/3109 3110/3110/3110
f 3109/3109/3109 3107/3107/3107 3108/3108/3108
usemtl Default
v 121.75196075439453 0 42.20977783203125
v 121.75196075439453 16.600000381469727 42.20977783203125
v 122.38099670410156 0 25.486057281494141
v 122.38099670410156 16.600000381469727 25.486057281494141
v 122.38099670410156 0 25.486057281494141
v 122.38099670410156 16.600000381469727 25.486057281494141
v 86.385848999023438 0 25.363029479980469
v 86.385848999023438 16.600000381469727 25.363029479980469
v 86.385848999023438 0 25.363029479980469
v 86.385848999023438 16.600000381469727 25.363029479980469
v 85.761550903320312 0 40.929927825927734
v 85.761550903320312 16.600000381469727 40.929927825927734
v 85.761550903320312 0 40.929927825927734
v 85.761550903320312 16.600000381469727 40.929927825927734
v 86.118843078613281 0 40.932765960693359
v 86.118843078613281 16.600000381469727 40.932765960693359
v 86.118843078613281 0 40.932765960693359
v 86.118843078613281 16.600000381469727 40.932765960693359
v 86.118110656738281 0 42.121212005615234
v 86.118110656738281 16.600000381469727 42.121212005615234
v 86.118110656738281 0 42.121212005615234
v 86.118110656738281 16.600000381469727 42.121212005615234
v 121.75196075439453 0 42.20977783203125
v 121.75196075439453 16.600000381469727 42.20977783203125
v 121.75196075439453 0 42.20977783203125
v 122.38099670410156 0 25.486057281494141
v 86.385848999023438 0 25.363029479980469
v 85.761550903320312 0 40.929927825927734
v 86.118843078613281 0 40.932765960693359
v 86.118110656738281 0 42.121212005615234
v 121.75196075439453 16.600000381469727 42.20977783203125
v 122.38099670410156 16.600000381469727 25.486057281494141
v 86.385848999023438 16.600000381469727 25.363029479980469
v 85.761550903320312 16.600000381469727 40.929927825927734
v 86.118843078613281 16.600000381469727 40.932765960693359
v 86.118110656738281 16.600000381469727 42.121212005615234
vt 0 0
vt 0 0.59642994403839111
vt 0.1666666716337204 0
vt 0.1666666716337204 0.59642994403839111
vt 0.1666666716337204 0
vt 0.1666666716337204 0.59642994403839111
vt 0.3333333432674408 0
vt 0.3333333432674408 0.59642994403839111
vt 0.3333333432674408 0
vt 0.3333333432674408 0.59642994403839111
vt 0.5 0
vt 0.5 0.59642994403839111
vt 0.5 0
vt 0.5 0.59642994403839111
vt 0.66666668653488159 0
vt 0.66666668653488159 0.59642994403839111
vt 0.66666668653488159 0
vt 0.66666668653488159 0.59642994403839111
vt 0.83333331346511841 0
vt 0.83333331346511841 0.59642994403839111
vt 0.83333331346511841 0
vt 0.83333331346511841 0.59642994403839111
vt 1 0
vt 1 0.59642994403839111
vt 0.26929119229316711 1
vt 0.36944782733917236 0.84921145439147949
vt 0.097617700695991516 0.59643054008483887
vt 0.0040955757722258568 0.73651754856109619
vt 0.0067845676094293594 0.73904168605804443
vt 0 0.7500646710395813
vt 0.26929119229316711 0.59643054008483887
vt 0.36944782733917236 0.74721908569335938
vt 0.097617700695991516 1
vt 0.0040955757722258568 0.85991299152374268
vt 0.0067845676094293594 0.85738885402679443
vt 0 0.84636586904525757
vn 0.99929338693618774 0 0.037586931139230728
vn 0.99929338693618774 0 0.037586931139230728
vn 0.99929338693618774 0 0.037586931139230728
vn 0.99929338693618774 0 0.037586931139230728
vn 0.0034178949426859617 0 -0.99999415874481201
vn 0.0034178949426859617 0 -0.99999415874481201
vn 0.0034178949426859617 0 -0.99999415874481201
vn 0.0034178949426859617 0 -0.99999415874481201
vn -0.99919676780700684 0 -0.040072381496429443
vn -0.99919676780700684 0 -0.040072381496429443
vn -0.99919676780700684 0 -0.040072381496429443
vn -0.99919676780700684 0 -0.040072381496429443
vn -0.0079443007707595825 0 0.99996846914291382
vn -0.0079443007707595825 0 0.99996846914291382
vn -0.0079443007707595825 0 0.99996846914291382
vn -0.0079443007707595825 0 0.99996846914291382
vn -0.99999982118606567 0 -0.00061563617782667279
vn -0.99999982118606567 0 -0.00061563617782667279
vn -0.99999982118606567 0 -0.00061563617782667279
vn -0.99999982118606567 0 -0.00061563617782667279
vn -0.002485508332028985 0 0.99999690055847168
vn -0.002485508332028985 0 0.99999690055847168
vn -0.002485508332028985 0 0.99999690055847168
vn -0.002485508332028985 0 0.99999690055847168
vn 0 -1 0
vn 0 -1 0
vn 0 -1 0
vn 0 -1 0
vn 0 -1 0
vn 0 -1 0
vn 0 1 0
vn 0 1 0
vn 0 1 0
vn 0 1 0
vn 0 1 0
vn 0 1 0
f 3111/3111/3111 3113/3113/3113 3114/3114/3114 3112/3112/3112
f 3115/3115/3115 3117/3117/3117 3118/3118/3118 3116/3116/3116
f 3119/3119/3119 3121/3121/3121 3122/3122/3122 3120/3120/3120
f 3123/3123/3123 3125/3125/3125 3126/3126/3126 3124/3124/3124
f 3127/3127/3127 3129/3129/3129 3130/3130/3130 3128/3128/3128
f 3131/3131/3131 3133/3133/3133 3134/3134/3134 3132/3132/3132
f 3135/3135/3135 3140/3140/3140 3139/3139/3139
f 3137/3137/3137 3139/3139/3139 3138/3138/3138
f 3136/3136/3136 3135/3135/3135 3137/3137/3137
f 3139/3139/3139 3137/3137/3137 3135/3135/3135
f 3141/3141/3141 3145/3145/3145 3146/3146/3146
f 3143/3143/3143 3144/3144/3144 3145/3145/3145
f 3142/3142/3142 3143/3143/3143 3141/3141/3141
f 3145/3145/3145 3141/3141/3141 3143/3143/3143
usemtl Default
v -69.938705444335938 0 169.04446411132812
v -69.938705444335938 37.400001525878906 169.04446411132812
v -61.699726104736328 0 170.32832336425781
v -61.699726104736328 37.400001525878906 170.32832336425781
v -26.699808120727539 0 176.33831787109375
v -26.699808120727539 37.400001525878906 176.33831787109375
v -26.699808120727539 0 176.33831787109375
v -26.699808120727539 37.400001525878906 176.33831787109375
v -24.454654693603516 0 145.38412475585938
v -24.454654693603516 37.400001525878906 145.38412475585938
v -24.454654693603516 0 145.38412475585938
v -24.454654693603516 37.400001525878906 145.38412475585938
v -24.070583343505859 0 145.43649291992188
v -24.070583343505859 37.400001525878906 145.43649291992188
v -24.070583343505859 0 145.43649291992188
v -24.070583343505859 37.400001525878906 145.43649291992188
v -23.868801116943359 0 143.68521118164062
v -23.868801116943359 37.400001525878906 143.68521118164062
v -23.868801116943359 0 143.68521118164062
v -23.868801116943359 37.400001525878906 143.68521118164062
v -70.510345458984375 0 135.91500854492188
v -70.510345458984375 37.400001525878906 135.91500854492188
v -70.510345458984375 0 135.91500854492188
v -70.510345458984375 37.400001525878906 135.91500854492188
v -71.29302978515625 0 168.58599853515625
v -71.29302978515625 37.400001525878906 168.58599853515625
v -71.29302978515625 0 168.58599853515625
v -71.29302978515625 37.400001525878906 168.58599853515625
v -69.938705444335938 0 169.04446411132812
v -69.938705444335938 37.400001525878906 169.04446411132812
v -69.938705444335938 0 169.04446411132812
v -61.699726104736328 0 170.32832336425781
v -26.699808120727539 0 176.33831787109375
v -24.454654693603516 0 145.38412475585938
v -24.070583343505859 0 145.43649291992188
v -23.868801116943359 0 143.68521118164062
v -70.510345458984375 0 135.91500854492188
v -71.29302978515625 0 168.58599853515625
v -69.938705444335938 37.400001525878906 169.04446411132812
v -61.699726104736328 37.400001525878906 170.32832336425781
v -26.699808120727539 37.400001525878906 176.33831787109375
v -24.454654693603516 37.400001525878906 145.38412475585938
v -24.070583343505859 37.400001525878906 145.43649291992188
v -23.868801116943359 37.400001525878906 143.68521118164062
v -70.510345458984375 37.400001525878906 135.91500854492188
v -71.29302978515625 37.400001525878906 168.58599853515625
vt 0 0
vt 0 0.63065683841705322
vt 0.125 0
vt 0.125 0.63065683841705322
vt 0.25 0
vt 0.25 0.63065683841705322
vt 0.25 0
vt 0.25 0.63065683841705322
vt 0.375 0
vt 0.375 0.63065683841705322
vt 0.375 0
vt 0.375 0.63065683841705322
vt 0.5 0
vt 0.5 0.63065683841705322
vt 0.5 0
vt 0.5 0.63065683841705322
vt 0.625 0
vt 0.625 0.63065683841705322
vt 0.625 0
vt 0.625 0.63065683841705322
vt 0.75 0
vt 0.75 0.63065683841705322
vt 0.75 0
vt 0.75 0.63065683841705322
vt 0.875 0
vt 0.875 0.63065683841705322
vt 0.875 0
vt 0.875 0.63065683841705322
vt 1 0
vt 1 0.63065683841705322
vt 0.16918729245662689 0.99436968564987183
vt 0.20695160329341888 0.95378941297531128
vt 0.37018075585365295 0.78373855352401733
vt 0.22265791893005371 0.64106953144073486
vt 0.22438067197799683 0.63914638757705688
vt 0.21631826460361481 0.63065743446350098
vt 0 0.85827451944351196
vt 0.16173221170902252 1
vt 0.16918729245662689 0.63628780841827393
vt 0.20695160329341888 0.6768680214881897
vt 0.37018075585365295 0.84691888093948364
vt 0.22265791893005371 0.98958796262741089
vt 0.22438067197799683 0.99151104688644409
vt 0.21631826460361481 1
vt 0 0.77238297462463379
vt 0.16173221170902252 0.63065743446350098
vn -0.15397027134895325 0 0.98807549476623535
vn -0.15397027134895325 0 0.98807549476623535
vn -0.16923756897449493 0 0.98557525873184204
vn -0.16923756897449493 0 0.98557525873184204
vn -0.16923756897449493 0 0.98557525873184204
vn -0.16923756897449493 0 0.98557525873184204
vn 0.99737989902496338 0 0.072341486811637878
vn 0.99737989902496338 0 0.072341486811637878
vn 0.99737989902496338 0 0.072341486811637878
vn 0.99737989902496338 0 0.072341486811637878
vn -0.13511663675308228 0 0.9908297061920166
vn -0.13511663675308228 0 0.9908297061920166
vn -0.13511663675308228 0 0.9908297061920166
vn -0.13511663675308228 0 0.9908297061920166
vn 0.99342751502990723 0 0.11446282267570496
vn 0.99342751502990723 0 0.11446282267570496
vn 0.99342751502990723 0 0.11446282267570496
vn 0.99342751502990723 0 0.11446282267570496
vn 0.16432933509349823 0 -0.98640555143356323
vn 0.16432933509349823 0 -0.98640555143356323
vn 0.16432933509349823 0 -0.98640555143356323
vn 0.16432933509349823 0 -0.98640555143356323
vn -0.99971318244934082 0 -0.023949690163135529
vn -0.99971318244934082 0 -0.023949690163135529
vn -0.99971318244934082 0 -0.023949690163135529
vn -0.99971318244934082 0 -0.023949690163135529
vn -0.32064825296401978 0 0.94719833135604858
vn -0.32064825296401978 0 0.94719833135604858
vn -0.32064825296401978 0 0.94719833135604858
vn -0.32064825296401978 0 0.94719833135604858
vn 0 -1 0
vn 0 -1 0
vn 0 -1 0
vn 0 -1 0
vn 0 -1 0
vn 0 -1 0
vn 0 -1 0
vn 0 -1 0
vn 0 1 0
vn 0 1 0
vn 0 1 0
vn 0 1 0
vn 0 1 0
vn 0 1 0
vn 0 1 0
vn 0 1 0
f 3147/3147/3147 3149/3149/3149 3150/3150/3150 3148/3148/3148
f 3149/3149/3149 3151/3151/3151 3152/3152/3152 3150/3150/3150
f 3153/3153/3153 3155/3155/3155 3156/3156/3156 3154/3154/3154
f 3157/3157/3157 3159/3159/3159 3160/3160/3160 3158/3158/3158
f 3161/3161/3161 3163/3163/3163 3164/3164/3164 3162/3162/3162
f 3165/3165/3165 3167/3167/3167 3168/3168/3168 3166/3166/3166
f 3169/3169/3169 3171/3171/3171 3172/3172/3172 3170/3170/3170
f 3173/3173/3173 3175/3175/3175 3176/3176/3176 3174/3174/3174
f 3183/3183/3183 3178/3178/3178 3177/3177/3177
f 3177/3177/3177 3184/3184/3184 3183/3183/3183
f 3183/3183/3183 3180/3180/3180 3178/3178/3178
f 3183/3183/3183 3182/3182/3182 3180/3180/3180
f 3181/3181/3181 3180/3180/3180 3182/3182/3182
f 3178/3178/3178 3180/3180/3180 3179/3179/3179
f 3191/3191/3191 3185/3185/3185 3186/3186/3186
f 3185/3185/3185 3191/3191/3191 3192/3192/3192
f 3191/3191/3191 3186/3186/3186 3188/3188/3188
f 3191/3191/3191 3188/3188/3188 3190/3190/3190
f 3189/3189/3189 3190/3190/3190 3188/3188/3188
f 3186/3186/3186 3187/3187/3187 3188/3188/3188
usemtl Default
v 57.472030639648438 0 49.298255920410156
v 57.472030639648438 7.3000001907348633 49.298255920410156
v 57.821987152099609 0 47.265129089355469
v 57.821987152099609 7.3000001907348633 47.265129089355469
v 57.821987152099609 0 47.265129089355469
v 57.821987152099609 7.3000001907348633 47.265129089355469
v 59.277935028076172 0 47.522079467773438
v 59.277935028076172 7.3000001907348633 47.522079467773438
v 59.277935028076172 0 47.522079467773438
v 59.277935028076172 7.3000001907348633 47.522079467773438
v 59.496929168701172 0 37.154460906982422
v 59.496929168701172 7.3000001907348633 37.154460906982422
v 59.496929168701172 0 37.154460906982422
v 59.496929168701172 7.3000001907348633 37.154460906982422
v 38.651142120361328 0 33.620075225830078
v 38.651142120361328 7.3000001907348633 33.620075225830078
v 38.651142120361328 0 33.620075225830078
v 38.651142120361328 7.3000001907348633 33.620075225830078
v 38.593181610107422 0 33.985572814941406
v 38.593181610107422 7.3000001907348633 33.985572814941406
v 38.593181610107422 0 33.985572814941406
v 38.593181610107422 7.3000001907348633 33.985572814941406
v 36.64752197265625 0 33.650043487548828
v 36.64752197265625 7.3000001907348633 33.650043487548828
v 36.64752197265625 0 33.650043487548828
v 36.64752197265625 7.3000001907348633 33.650043487548828
v 35.098396301269531 0 42.768707275390625
v 35.098396301269531 7.3000001907348633 42.768707275390625
v 35.098396301269531 0 42.768707275390625
v 35.098396301269531 7.3000001907348633 42.768707275390625
v 33.052593231201172 0 42.414466857910156
v 33.052593231201172 7.3000001907348633 42.414466857910156
v 33.052593231201172 0 42.414466857910156
v 33.052593231201172 7.3000001907348633 42.414466857910156
v 32.598823547363281 0 45.077426910400391
v 32.598823547363281 7.3000001907348633 45.077426910400391
v 32.598823547363281 0 45.077426910400391
v 32.598823547363281 7.3000001907348633 45.077426910400391
v 57.472030639648438 0 49.298255920410156
v 57.472030639648438 7.3000001907348633 49.298255920410156
v 57.472030639648438 0 49.298255920410156
v 57.821987152099609 0 47.265129089355469
v 59.277935028076172 0 47.522079467773438
v 59.496929168701172 0 37.154460906982422
v 38.651142120361328 0 33.620075225830078
v 38.593181610107422 0 33.985572814941406
v 36.64752197265625 0 33.650043487548828
v 35.098396301269531 0 42.768707275390625
v 33.052593231201172 0 42.414466857910156
v 32.598823547363281 0 45.077426910400391
v 57.472030639648438 7.3000001907348633 49.298255920410156
v 57.821987152099609 7.3000001907348633 47.265129089355469
v 59.277935028076172 7.3000001907348633 47.522079467773438
v 59.496929168701172 7.3000001907348633 37.154460906982422
v 38.651142120361328 7.3000001907348633 33.620075225830078
v 38.593181610107422 7.3000001907348633 33.985572814941406
v 36.64752197265625 7.3000001907348633 33.650043487548828
v 35.098396301269531 7.3000001907348633 42.768707275390625
v 33.052593231201172 7.3000001907348633 42.414466857910156
v 32.598823547363281 7.3000001907348633 45.077426910400391
vt 0 0
vt 0 0.56363528966903687
vt 0.10000000149011612 0
vt 0.10000000149011612 0.56363528966903687
vt 0.10000000149011612 0
vt 0.10000000149011612 0.56363528966903687
vt 0.20000000298023224 0
vt 0.20000000298023224 0.56363528966903687
vt 0.20000000298023224 0
vt 0.20000000298023224 0.56363528966903687
vt 0.30000001192092896 0
vt 0.30000001192092896 0.56363528966903687
vt 0.30000001192092896 0
vt 0.30000001192092896 0.56363528966903687
vt 0.40000000596046448 0
vt 0.40000000596046448 0.56363528966903687
vt 0.40000000596046448 0
vt 0.40000000596046448 0.56363528966903687
vt 0.5 0
vt 0.5 0.56363528966903687
vt 0.5 0
vt 0.5 0.56363528966903687
vt 0.60000002384185791 0
vt 0.60000002384185791 0.56363528966903687
vt 0.60000002384185791 0
vt 0.60000002384185791 0.56363528966903687
vt 0.69999998807907104 0
vt 0.69999998807907104 0.56363528966903687
vt 0.69999998807907104 0
vt 0.69999998807907104 0.56363528966903687
vt 0.80000001192092896 0
vt 0.80000001192092896 0.56363528966903687
vt 0.80000001192092896 0
vt 0.80000001192092896 0.56363528966903687
vt 0.89999997615814209 0
vt 0.89999997615814209 0.56363528966903687
vt 0.89999997615814209 0
vt 0.89999997615814209 0.56363528966903687
vt 1 0
vt 1 0.56363528966903687
vt 0.22603267431259155 1
vt 0.24563871324062347 0.97536027431488037
vt 0.25879186391830444 0.99421221017837524
vt 0.34245762228965759 0.85214173793792725
vt 0.15300004184246063 0.58423799276351929
vt 0.14952707290649414 0.58871942758560181
vt 0.13188819587230682 0.56363582611083984
vt 0.044167246669530869 0.67436075210571289
vt 0.025631804019212723 0.64796596765518188
vt 0 0.6802869439125061
vt 0.22603267431259155 0.56363582611083984
vt 0.24563871324062347 0.58827561140060425
vt 0.25879186391830444 0.5694236159324646
vt 0.34245762228965759 0.7114940881729126
vt 0.15300004184246063 0.97939783334732056
vt 0.14952707290649414 0.97491639852523804
vt 0.13188819587230682 1
vt 0.044167246669530869 0.88927507400512695
vt 0.025631804019212723 0.91566985845565796
vt 0 0.88334888219833374
vn 0.98550736904144287 0 0.16963265836238861
vn 0.98550736904144287 0 0.16963265836238861
vn 0.98550736904144287 0 0.16963265836238861
vn 0.98550736904144287 0 0.16963265836238861
vn -0.17379844188690186 0 0.98478126525878906
vn -0.17379844188690186 0 0.98478126525878906
vn -0.17379844188690186 0 0.98478126525878906
vn -0.17379844188690186 0 0.98478126525878906
vn 0.99977695941925049 0 0.021118372678756714
vn 0.99977695941925049 0 0.021118372678756714
vn 0.99977695941925049 0 0.021118372678756714
vn 0.99977695941925049 0 0.021118372678756714
vn 0.1671634316444397 0 -0.98592919111251831
vn 0.1671634316444397 0 -0.98592919111251831
vn 0.1671634316444397 0 -0.98592919111251831
vn 0.1671634316444397 0 -0.98592919111251831
vn -0.98765897750854492 0 -0.15661975741386414
vn -0.98765897750854492 0 -0.15661975741386414
vn -0.98765897750854492 0 -0.15661975741386414
vn -0.98765897750854492 0 -0.15661975741386414
vn 0.16994135081768036 0 -0.98545420169830322
vn 0.16994135081768036 0 -0.98545420169830322
vn 0.16994135081768036 0 -0.98545420169830322
vn 0.16994135081768036 0 -0.98545420169830322
vn -0.98587453365325928 0 -0.16748541593551636
vn -0.98587453365325928 0 -0.16748541593551636
vn -0.98587453365325928 0 -0.16748541593551636
vn -0.98587453365325928 0 -0.16748541593551636
vn 0.17061617970466614 0 -0.98533755540847778
vn 0.17061617970466614 0 -0.98533755540847778
vn 0.17061617970466614 0 -0.98533755540847778
vn 0.17061617970466614 0 -0.98533755540847778
vn -0.9857904314994812 0 -0.16797991096973419
vn -0.9857904314994812 0 -0.16797991096973419
vn -0.9857904314994812 0 -0.16797991096973419
vn -0.9857904314994812 0 -0.16797991096973419
vn -0.16730208694934845 0 0.98590570688247681
vn -0.16730208694934845 0 0.98590570688247681
vn -0.16730208694934845 0 0.98590570688247681
vn -0.16730208694934845 0 0.98590570688247681
vn 0 -1 0
vn 0 -1 0
vn 0 -1 0
vn 0 -1 0
vn 0 -1 0
vn 0 -1 0
vn 0 -1 0
vn 0 -1 0
vn 0 -1 0
vn 0 -1 0
vn 0 1 0
vn 0 1 0
vn 0 1 0
vn 0 1 0
vn 0 1 0
vn 0 1 0
vn 0 1 0
vn 0 1 0
vn 0 1 0
vn 0 1 0
f 3193/3193/3193 3195/3195/3195 3196/3196/3196 3194/3194/3194
f 3197/3197/3197 3199/3199/3199 3200/3200/3200 3198/3198/3198
f 3201/3201/3201 3203/3203/3203 3204/3204/3204 3202/3202/3202
f 3205/3205/3205 3207/3207/3207 3208/3208/3208 3206/3206/3206
f 3209/3209/3209 3211/3211/3211 3212/3212/3212 3210/3210/3210
f 3213/3213/3213 3215/3215/3215 3216/3216/3216 3214/3214/3214
f 3217/3217/3217 3219/3219/3219 3220/3220/3220 3218/3218/3218
f 3221/3221/3221 3223/3223/3223 3224/3224/3224 3222/3222/3222
f 3225/3225/3225 3227/3227/3227 3228/3228/3228 3226/3226/3226
f 3229/3229/3229 3231/3231/3231 3232/3232/3232 3230/3230/3230
f 3241/3241/3241 3240/3240/3240 3242/3242/3242
f 3233/3233/3233 3242/3242/3242 3240/3240/3240
f 3238/3238/3238 3240/3240/3240 3239/3239/3239
f 3238/3238/3238 3234/3234/3234 3240/3240/3240
f 3237/3237/3237 3236/3236/3236 3238/3238/3238
f 3236/3236/3236 3234/3234/3234 3238/3238/3238
f 3235/3235/3235 3234/3234/3234 3236/3236/3236
f 3233/3233/3233 3240/3240/3240 3234/3234/3234
f 3251/3251/3251 3252/3252/3252 3250/3250/3250
f 3243/3243/3243 3250/3250/3250 3252/3252/3252
f 3248/3248/3248 3249/3249/3249 3250/3250/3250
f 3248/3248/3248 3250/3250/3250 3244/3244/3244
f 3247/3247/3247 3248/3248/3248 3246/3246/3246
f 3246/3246/3246 3248/3248/3248 3244/3244/3244
f 3245/3245/3245 3246/3246/3246 3244/3244/3244
f 3243/3243/3243 3244/3244/3244 3250/3250/3250
usemtl Default
v 123.02542114257812 0 10.273394584655762
v 123.02542114257812 17.799999237060547 10.273394584655762
v 123.72337341308594 0 -6.0165753364562988
v 123.72337341308594 17.799999237060547 -6.0165753364562988
v 123.72337341308594 0 -6.0165753364562988
v 123.72337341308594 17.799999237060547 -6.0165753364562988
v 118.75540161132812 0 -5.9314165115356445
v 118.75540161132812 17.799999237060547 -5.9314165115356445
v 89.267509460449219 0 -5.3902044296264648
v 89.267509460449219 17.799999237060547 -5.3902044296264648
v 89.267509460449219 0 -5.3902044296264648
v 89.267509460449219 17.799999237060547 -5.3902044296264648
v 89.238166809082031 0 -4.7112655639648438
v 89.238166809082031 17.799999237060547 -4.7112655639648438
v 89.238166809082031 0 -4.7112655639648438
v 89.238166809082031 17.799999237060547 -4.7112655639648438
v 87.592567443847656 0 -4.6905198097229004
v 87.592567443847656 17.799999237060547 -4.6905198097229004
v 87.592567443847656 0 -4.6905198097229004
v 87.592567443847656 17.799999237060547 -4.6905198097229004
v 87.001327514648438 0 10.137064933776855
v 87.001327514648438 17.799999237060547 10.137064933776855
v 87.001327514648438 0 10.137064933776855
v 87.001327514648438 17.799999237060547 10.137064933776855
v 123.02542114257812 0 10.273394584655762
v 123.02542114257812 17.799999237060547 10.273394584655762
v 123.02542114257812 0 10.273394584655762
v 123.72337341308594 0 -6.0165753364562988
v 118.75540161132812 0 -5.9314165115356445
v 89.267509460449219 0 -5.3902044296264648
v 89.238166809082031 0 -4.7112655639648438
v 87.592567443847656 0 -4.6905198097229004
v 87.001327514648438 0 10.137064933776855
v 123.02542114257812 17.799999237060547 10.273394584655762
v 123.72337341308594 17.799999237060547 -6.0165753364562988
v 118.75540161132812 17.799999237060547 -5.9314165115356445
v 89.267509460449219 17.799999237060547 -5.3902044296264648
v 89.238166809082031 17.799999237060547 -4.7112655639648438
v 87.592567443847656 17.799999237060547 -4.6905198097229004
v 87.001327514648438 17.799999237060547 10.137064933776855
vt 0 0
vt 0 0.6055184006690979
vt 0.1428571492433548 0
vt 0.1428571492433548 0.6055184006690979
vt 0.1428571492433548 0
vt 0.1428571492433548 0.6055184006690979
vt 0.28571429848670959 0
vt 0.28571429848670959 0.6055184006690979
vt 0.4285714328289032 0
vt 0.4285714328289032 0.6055184006690979
vt 0.4285714328289032 0
vt 0.4285714328289032 0.6055184006690979
vt 0.57142859697341919 0
vt 0.57142859697341919 0.6055184006690979
vt 0.57142859697341919 0
vt 0.57142859697341919 0.6055184006690979
vt 0.71428573131561279 0
vt 0.71428573131561279 0.6055184006690979
vt 0.71428573131561279 0
vt 0.71428573131561279 0.6055184006690979
vt 0.8571428656578064 0
vt 0.8571428656578064 0.6055184006690979
vt 0.8571428656578064 0
vt 0.8571428656578064 0.6055184006690979
vt 1 0
vt 1 0.6055184006690979
vt 0.27598816156387329 1
vt 0.37564200162887573 0.85072237253189087
vt 0.33697959780693054 0.81608688831329346
vt 0.10728798061609268 0.61084252595901489
vt 0.10313263535499573 0.61706233024597168
vt 0.090369269251823425 0.60551899671554565
vt 0 0.74170988798141479
vt 0.27598816156387329 0.60551899671554565
vt 0.37564200162887573 0.75479656457901001
vt 0.33697959780693054 0.7894321084022522
vt 0.10728798061609268 0.99467647075653076
vt 0.10313263535499573 0.98845666646957397
vt 0.090369269251823425 1
vt 0 0.86380910873413086
vn 0.99908339977264404 0 0.042806044220924377
vn 0.99908339977264404 0 0.042806044220924377
vn 0.99908339977264404 0 0.042806044220924377
vn 0.99908339977264404 0 0.042806044220924377
vn -0.017139086499810219 0 -0.99985313415527344
vn -0.017139086499810219 0 -0.99985313415527344
vn -0.018350604921579361 0 -0.99983161687850952
vn -0.018350604921579361 0 -0.99983161687850952
vn -0.018350604921579361 0 -0.99983161687850952
vn -0.018350604921579361 0 -0.99983161687850952
vn -0.99906742572784424 0 -0.043176852166652679
vn -0.99906742572784424 0 -0.043176852166652679
vn -0.99906742572784424 0 -0.043176852166652679
vn -0.99906742572784424 0 -0.043176852166652679
vn -0.012606055475771427 0 -0.9999205470085144
vn -0.012606055475771427 0 -0.9999205470085144
vn -0.012606055475771427 0 -0.9999205470085144
vn -0.012606055475771427 0 -0.9999205470085144
vn -0.99920594692230225 0 -0.039842899888753891
vn -0.99920594692230225 0 -0.039842899888753891
vn -0.99920594692230225 0 -0.039842899888753891
vn -0.99920594692230225 0 -0.039842899888753891
vn -0.0037843715399503708 0 0.99999284744262695
vn -0.0037843715399503708 0 0.99999284744262695
vn -0.0037843715399503708 0 0.99999284744262695
vn -0.0037843715399503708 0 0.99999284744262695
vn 0 -1 0
vn 0 -1 0
vn 0 -1 0
vn 0 -1 0
vn 0 -1 0
vn 0 -1 0
vn 0 -1 0
vn 0 1 0
vn 0 1 0
vn 0 1 0
vn 0 1 0
vn 0 1 0
vn 0 1 0
vn 0 1 0
f 3253/3253/3253 3255/3255/3255 3256/3256/3256 3254/3254/3254
f 3257/3257/3257 3259/3259/3259 3260/3260/3260 3258/3258/3258
f 3259/3259/3259 3261/3261/3261 3262/3262/3262 3260/3260/3260
f 3263/3263/3263 3265/3265/3265 3266/3266/3266 3264/3264/3264
f 3267/3267/3267 3269/3269/3269 3270/3270/3270 3268/3268/3268
f 3271/3271/3271 3273/3273/3273 3274/3274/3274 3272/3272/3272
f 3275/3275/3275 3277/3277/3277 3278/3278/3278 3276/3276/3276
f 3284/3284/3284 3283/3283/3283 3285/3285/3285
f 3281/3281/3281 3285/3285/3285 3283/3283/3283
f 3281/3281/3281 3280/3280/3280 3279/3279/3279
f 3281/3281/3281 3283/3283/3283 3282/3282/3282
f 3279/3279/3279 3285/3285/3285 3281/3281/3281
f 3291/3291/3291 3292/3292/3292 3290/3290/3290
f 3288/3288/3288 3290/3290/3290 3292/3292/3292
f 3288/3288/3288 3286/3286/3286 3287/3287/3287
f 3288/3288/3288 3289/3289/3289 3290/3290/3290
f 3286/3286/3286 3288/3288/3288 3292/3292/3292
usemtl Default
v 118.75540161132812 0 -5.9314165115356445
v 118.75540161132812 7.9000000953674316 -5.9314165115356445
v 119.08950805664062 0 -14.665205001831055
v 119.08950805664062 7.9000000953674316 -14.665205001831055
v 119.08950805664062 0 -14.665205001831055
v 119.08950805664062 7.9000000953674316 -14.665205001831055
v 120.04032897949219 0 -14.625449180603027
v 120.04032897949219 7.9000000953674316 -14.625449180603027
v 120.04032897949219 0 -14.625449180603027
v 120.04032897949219 7.9000000953674316 -14.625449180603027
v 120.20279693603516 0 -18.769845962524414
v 120.20279693603516 7.9000000953674316 -18.769845962524414
v 120.20279693603516 0 -18.769845962524414
v 120.20279693603516 7.9000000953674316 -18.769845962524414
v 119.16283416748047 0 -18.813329696655273
v 119.16283416748047 7.9000000953674316 -18.813329696655273
v 119.16283416748047 0 -18.813329696655273
v 119.16283416748047 7.9000000953674316 -18.813329696655273
v 119.20904541015625 0 -19.965984344482422
v 119.20904541015625 7.9000000953674316 -19.965984344482422
v 119.20904541015625 0 -19.965984344482422
v 119.20904541015625 7.9000000953674316 -19.965984344482422
v 120.51715850830078 0 -19.923393249511719
v 120.51715850830078 7.9000000953674316 -19.923393249511719
v 120.51715850830078 0 -19.923393249511719
v 120.51715850830078 7.9000000953674316 -19.923393249511719
v 120.57949829101562 0 -21.537693023681641
v 120.57949829101562 7.9000000953674316 -21.537693023681641
v 120.57949829101562 0 -21.537693023681641
v 120.57949829101562 7.9000000953674316 -21.537693023681641
v 119.23617553710938 0 -21.589019775390625
v 119.23617553710938 7.9000000953674316 -21.589019775390625
v 119.23617553710938 0 -21.589019775390625
v 119.23617553710938 7.9000000953674316 -21.589019775390625
v 119.67223358154297 0 -31.216552734375
v 119.67223358154297 7.9000000953674316 -31.216552734375
v 119.67223358154297 0 -31.216552734375
v 119.67223358154297 7.9000000953674316 -31.216552734375
v 96.423385620117188 0 -30.990518569946289
v 96.423385620117188 7.9000000953674316 -30.990518569946289
v 96.423385620117188 0 -30.990518569946289
v 96.423385620117188 7.9000000953674316 -30.990518569946289
v 90.303268432617188 0 -26.160928726196289
v 90.303268432617188 7.9000000953674316 -26.160928726196289
v 90.303268432617188 0 -26.160928726196289
v 90.303268432617188 7.9000000953674316 -26.160928726196289
v 89.267509460449219 0 -5.3902044296264648
v 89.267509460449219 7.9000000953674316 -5.3902044296264648
v 89.267509460449219 0 -5.3902044296264648
v 89.267509460449219 7.9000000953674316 -5.3902044296264648
v 118.75540161132812 0 -5.9314165115356445
v 118.75540161132812 7.9000000953674316 -5.9314165115356445
v 118.75540161132812 0 -5.9314165115356445
v 119.08950805664062 0 -14.665205001831055
v 120.04032897949219 0 -14.625449180603027
v 120.20279693603516 0 -18.769845962524414
v 119.16283416748047 0 -18.813329696655273
v 119.20904541015625 0 -19.965984344482422
v 120.51715850830078 0 -19.923393249511719
v 120.57949829101562 0 -21.537693023681641
v 119.23617553710938 0 -21.589019775390625
v 119.67223358154297 0 -31.216552734375
v 96.423385620117188 0 -30.990518569946289
v 90.303268432617188 0 -26.160928726196289
v 89.267509460449219 0 -5.3902044296264648
v 118.75540161132812 7.9000000953674316 -5.9314165115356445
v 119.08950805664062 7.9000000953674316 -14.665205001831055
v 120.04032897949219 7.9000000953674316 -14.625449180603027
v 120.20279693603516 7.9000000953674316 -18.769845962524414
v 119.16283416748047 7.9000000953674316 -18.813329696655273
v 119.20904541015625 7.9000000953674316 -19.965984344482422
v 120.51715850830078 7.9000000953674316 -19.923393249511719
v 120.57949829101562 7.9000000953674316 -21.537693023681641
v 119.23617553710938 7.9000000953674316 -21.589019775390625
v 119.67223358154297 7.9000000953674316 -31.216552734375
v 96.423385620117188 7.9000000953674316 -30.990518569946289
v 90.303268432617188 7.9000000953674316 -26.160928726196289
v 89.267509460449219 7.9000000953674316 -5.3902044296264648
vt 0 0
vt 0 0.552803635597229
vt 0.076923079788684845 0
vt 0.076923079788684845 0.552803635597229
vt 0.076923079788684845 0
vt 0.076923079788684845 0.552803635597229
vt 0.15384615957736969 0
vt 0.15384615957736969 0.552803635597229
vt 0.15384615957736969 0
vt 0.15384615957736969 0.552803635597229
vt 0.23076923191547394 0
vt 0.23076923191547394 0.552803635597229
vt 0.23076923191547394 0
vt 0.23076923191547394 0.552803635597229
vt 0.30769231915473938 0
vt 0.30769231915473938 0.552803635597229
vt 0.30769231915473938 0
vt 0.30769231915473938 0.552803635597229
vt 0.38461539149284363 0
vt 0.38461539149284363 0.552803635597229
vt 0.38461539149284363 0
vt 0.38461539149284363 0.552803635597229
vt 0.46153846383094788 0
vt 0.46153846383094788 0.552803635597229
vt 0.46153846383094788 0
vt 0.46153846383094788 0.552803635597229
vt 0.53846156597137451 0
vt 0.53846156597137451 0.552803635597229
vt 0.53846156597137451 0
vt 0.53846156597137451 0.552803635597229
vt 0.61538463830947876 0
vt 0.61538463830947876 0.552803635597229
vt 0.61538463830947876 0
vt 0.61538463830947876 0.552803635597229
vt 0.69230771064758301 0
vt 0.69230771064758301 0.552803635597229
vt 0.69230771064758301 0
vt 0.69230771064758301 0.552803635597229
vt 0.76923078298568726 0
vt 0.76923078298568726 0.552803635597229
vt 0.76923078298568726 0
vt 0.76923078298568726 0.552803635597229
vt 0.8461538553237915 0
vt 0.8461538553237915 0.552803635597229
vt 0.8461538553237915 0
vt 0.8461538553237915 0.552803635597229
vt 0.92307692766189575 0
vt 0.92307692766189575 0.552803635597229
vt 0.92307692766189575 0
vt 0.92307692766189575 0.552803635597229
vt 1 0
vt 1 0.552803635597229
vt 0.21458202600479126 1
vt 0.26420846581459045 0.9094359278678894
vt 0.27081820368766785 0.91750872135162354
vt 0.29439535737037659 0.87456542253494263
vt 0.28716596961021423 0.86573576927185059
vt 0.29373067617416382 0.85380047559738159
vt 0.30288958549499512 0.86477756500244141
vt 0.3120664656162262 0.84804302453994751
vt 0.30270200967788696 0.83668935298919678
vt 0.35789322853088379 0.73740279674530029
vt 0.18979761004447937 0.55280417203903198
vt 0.11975300312042236 0.55514043569564819
vt 0 0.76858007907867432
vt 0.21458202600479126 0.55280417203903198
vt 0.26420846581459045 0.64336824417114258
vt 0.27081820368766785 0.63529545068740845
vt 0.29439535737037659 0.67823874950408936
vt 0.28716596961021423 0.6870684027671814
vt 0.29373067617416382 0.69900369644165039
vt 0.30288958549499512 0.68802660703659058
vt 0.3120664656162262 0.70476114749908447
vt 0.30270200967788696 0.71611475944519043
vt 0.35789322853088379 0.81540137529373169
vt 0.18979761004447937 1
vt 0.11975300312042236 0.99766373634338379
vt 0 0.78422409296035767
vn 0.99926912784576416 0 0.038226243108510971
vn 0.99926912784576416 0 0.038226243108510971
vn 0.99926912784576416 0 0.038226243108510971
vn 0.99926912784576416 0 0.038226243108510971
vn -0.041776236146688461 0 0.99912697076797485
vn -0.041776236146688461 0 0.99912697076797485
vn -0.041776236146688461 0 0.99912697076797485
vn -0.041776236146688461 0 0.99912697076797485
vn 0.99923253059387207 0 0.039171181619167328
vn 0.99923253059387207 0 0.039171181619167328
vn 0.99923253059387207 0 0.039171181619167328
vn 0.99923253059387207 0 0.039171181619167328
vn 0.041776150465011597 0 -0.99912697076797485
vn 0.041776150465011597 0 -0.99912697076797485
vn 0.041776150465011597 0 -0.99912697076797485
vn 0.041776150465011597 0 -0.99912697076797485
vn 0.99919736385345459 0 0.040057145059108734
vn 0.99919736385345459 0 0.040057145059108734
vn 0.99919736385345459 0 0.040057145059108734
vn 0.99919736385345459 0 0.040057145059108734
vn -0.032543405890464783 0 0.9994702935218811
vn -0.032543405890464783 0 0.9994702935218811
vn -0.032543405890464783 0 0.9994702935218811
vn -0.032543405890464783 0 0.9994702935218811
vn 0.99925506114959717 0 0.038591556251049042
vn 0.99925506114959717 0 0.038591556251049042
vn 0.99925506114959717 0 0.038591556251049042
vn 0.99925506114959717 0 0.038591556251049042
vn 0.038180947303771973 0 -0.99927085638046265
vn 0.038180947303771973 0 -0.99927085638046265
vn 0.038180947303771973 0 -0.99927085638046265
vn 0.038180947303771973 0 -0.99927085638046265
vn 0.99897587299346924 0 0.045246444642543793
vn 0.99897587299346924 0 0.045246444642543793
vn 0.99897587299346924 0 0.045246444642543793
vn 0.99897587299346924 0 0.045246444642543793
vn -0.0097218966111540794 0 -0.99995273351669312
vn -0.0097218966111540794 0 -0.99995273351669312
vn -0.0097218966111540794 0 -0.99995273351669312
vn -0.0097218966111540794 0 -0.99995273351669312
vn -0.61947983503341675 0 -0.78501260280609131
vn -0.61947983503341675 0 -0.78501260280609131
vn -0.61947983503341675 0 -0.78501260280609131
vn -0.61947983503341675 0 -0.78501260280609131
vn -0.99875897169113159 0 -0.049804601818323135
vn -0.99875897169113159 0 -0.049804601818323135
vn -0.99875897169113159 0 -0.049804601818323135
vn -0.99875897169113159 0 -0.049804601818323135
vn 0.018350604921579361 0 0.99983161687850952
vn 0.018350604921579361 0 0.99983161687850952
vn 0.018350604921579361 0 0.99983161687850952
vn 0.018350604921579361 0 0.99983161687850952
vn 0 -1 0
vn 0 -1 0
vn 0 -1 0
vn 0 -1 0
vn 0 -1 0
vn 0 -1 0
vn 0 -1 0
vn 0 -1 0
vn 0 -1 0
vn 0 -1 0
vn 0 -1 0
vn 0 -1 0
vn 0 -1 0
vn 0 1 0
vn 0 1 0
vn 0 1 0
vn 0 1 0
vn 0 1 0
vn 0 1 0
vn 0 1 0
vn 0 1 0
vn 0 1 0
vn 0 1 0
vn 0 1 0
vn 0 1 0
vn 0 1 0
f 3293/3293/3293 3295/3295/3295 3296/3296/3296 3294/3294/3294
f 3297/3297/3297 3299/3299/3299 3300/3300/3300 3298/3298/3298
f 3301/3301/3301 3303/3303/3303 3304/3304/3304 3302/3302/3302
f 3305/3305/3305 3307/3307/3307 3308/3308/3308 3306/3306/3306
f 3309/3309/3309 3311/3311/3311 3312/3312/3312 3310/3310/3310
f 3313/3313/3313 3315/3315/3315 3316/3316/3316 3314/3314/3314
f 3317/3317/3317 3319/3319/3319 3320/3320/3320 3318/3318/3318
f 3321/3321/3321 3323/3323/3323 3324/3324/3324 3322/3322/3322
f 3325/3325/3325 3327/3327/3327 3328/3328/3328 3326/3326/3326
f 3329/3329/3329 3331/3331/3331 3332/3332/3332 3330/3330/3330
f 3333/3333/3333 3335/3335/3335 3336/3336/3336 3334/3334/3334
f 3337/3337/3337 3339/3339/3339 3340/3340/3340 3338/3338/3338
f 3341/3341/3341 3343/3343/3343 3344/3344/3344 3342/3342/3342
f 3349/3349/3349 3346/3346/3346 3355/3355/3355
f 3357/3357/3357 3346/3346/3346 3345/3345/3345
f 3357/3357/3357 3356/3356/3356 3346/3346/3346
f 3355/3355/3355 3346/3346/3346 3356/3356/3356
f 3348/3348/3348 3347/3347/3347 3346/3346/3346
f 3346/3346/3346 3349/3349/3349 3348/3348/3348
f 3350/3350/3350 3355/3355/3355 3353/3353/3353
f 3352/3352/3352 3350/3350/3350 3353/3353/3353
f 3352/3352/3352 3351/3351/3351 3350/3350/3350
f 3355/3355/3355 3354/3354/3354 3353/3353/3353
f 3349/3349/3349 3355/3355/3355 3350/3350/3350
f 3362/3362/3362 3368/3368/3368 3359/3359/3359
f 3370/3370/3370 3358/3358/3358 3359/3359/3359
f 3370/3370/3370 3359/3359/3359 3369/3369/3369
f 3368/3368/3368 3369/3369/3369 3359/3359/3359
f 3361/3361/3361 3359/3359/3359 3360/3360/3360
f 3359/3359/3359 3361/3361/3361 3362/3362/3362
f 3363/3363/3363 3366/3366/3366 3368/3368/3368
f 3365/3365/3365 3366/3366/3366 3363/3363/3363
f 3365/3365/3365 3363/3363/3363 3364/3364/3364
f 3368/3368/3368 3366/3366/3366 3367/3367/3367
f 3362/3362/3362 3363/3363/3363 3368/3368/3368
usemtl Default
v 60.780441284179688 0 66.324607849121094
v 60.780441284179688 15.100000381469727 66.324607849121094
v 60.978530883789062 0 65.613998413085938
v 60.978530883789062 15.100000381469727 65.613998413085938
v 60.978530883789062 0 65.613998413085938
v 60.978530883789062 15.100000381469727 65.613998413085938
v 61.2584228515625 0 65.616020202636719
v 61.2584228515625 15.100000381469727 65.616020202636719
v 61.2584228515625 0 65.616020202636719
v 61.2584228515625 15.100000381469727 65.616020202636719
v 61.822975158691406 0 65.639625549316406
v 61.822975158691406 15.100000381469727 65.639625549316406
v 62.167793273925781 0 65.651626586914062
v 62.167793273925781 15.100000381469727 65.651626586914062
v 62.167793273925781 0 65.651626586914062
v 62.167793273925781 15.100000381469727 65.651626586914062
v 62.698249816894531 0 52.4141845703125
v 62.698249816894531 15.100000381469727 52.4141845703125
v 62.698249816894531 0 52.4141845703125
v 62.698249816894531 15.100000381469727 52.4141845703125
v 62.288497924804688 0 52.392208099365234
v 62.288497924804688 15.100000381469727 52.392208099365234
v 61.652782440185547 0 52.363201141357422
v 61.652782440185547 15.100000381469727 52.363201141357422
v 61.652782440185547 0 52.363201141357422
v 61.652782440185547 15.100000381469727 52.363201141357422
v 61.686901092529297 0 51.507762908935547
v 61.686901092529297 15.100000381469727 51.507762908935547
v 61.686901092529297 0 51.507762908935547
v 61.686901092529297 15.100000381469727 51.507762908935547
v 25.564878463745117 0 45.434352874755859
v 25.564878463745117 15.100000381469727 45.434352874755859
v 25.564878463745117 0 45.434352874755859
v 25.564878463745117 15.100000381469727 45.434352874755859
v 24.833047866821289 0 48.751323699951172
v 24.833047866821289 15.100000381469727 48.751323699951172
v 24.833047866821289 0 48.751323699951172
v 24.833047866821289 15.100000381469727 48.751323699951172
v 23.060897827148438 0 48.207622528076172
v 23.060897827148438 15.100000381469727 48.207622528076172
v 23.060897827148438 0 48.207622528076172
v 23.060897827148438 15.100000381469727 48.207622528076172
v 21.472513198852539 0 53.560737609863281
v 21.472513198852539 15.100000381469727 53.560737609863281
v 21.472513198852539 0 53.560737609863281
v 21.472513198852539 15.100000381469727 53.560737609863281
v 24.035177230834961 0 54.527206420898438
v 24.035177230834961 15.100000381469727 54.527206420898438
v 24.035177230834961 0 54.527206420898438
v 24.035177230834961 15.100000381469727 54.527206420898438
v 23.04655647277832 0 59.716602325439453
v 23.04655647277832 15.100000381469727 59.716602325439453
v 23.04655647277832 0 59.716602325439453
v 23.04655647277832 15.100000381469727 59.716602325439453
v 60.780441284179688 0 66.324607849121094
v 60.780441284179688 15.100000381469727 66.324607849121094
v 60.780441284179688 0 66.324607849121094
v 60.978530883789062 0 65.613998413085938
v 61.2584228515625 0 65.616020202636719
v 61.822975158691406 0 65.639625549316406
v 62.167793273925781 0 65.651626586914062
v 62.698249816894531 0 52.4141845703125
v 62.288497924804688 0 52.392208099365234
v 61.652782440185547 0 52.363201141357422
v 61.686901092529297 0 51.507762908935547
v 25.564878463745117 0 45.434352874755859
v 24.833047866821289 0 48.751323699951172
v 23.060897827148438 0 48.207622528076172
v 21.472513198852539 0 53.560737609863281
v 24.035177230834961 0 54.527206420898438
v 23.04655647277832 0 59.716602325439453
v 60.780441284179688 15.100000381469727 66.324607849121094
v 60.978530883789062 15.100000381469727 65.613998413085938
v 61.2584228515625 15.100000381469727 65.616020202636719
v 61.822975158691406 15.100000381469727 65.639625549316406
v 62.167793273925781 15.100000381469727 65.651626586914062
v 62.698249816894531 15.100000381469727 52.4141845703125
v 62.288497924804688 15.100000381469727 52.392208099365234
v 61.652782440185547 15.100000381469727 52.363201141357422
v 61.686901092529297 15.100000381469727 51.507762908935547
v 25.564878463745117 15.100000381469727 45.434352874755859
v 24.833047866821289 15.100000381469727 48.751323699951172
v 23.060897827148438 15.100000381469727 48.207622528076172
v 21.472513198852539 15.100000381469727 53.560737609863281
v 24.035177230834961 15.100000381469727 54.527206420898438
v 23.04655647277832 15.100000381469727 59.716602325439453
vt 0 0
vt 0 0.58655452728271484
vt 0.066666670143604279 0
vt 0.066666670143604279 0.58655452728271484
vt 0.066666670143604279 0
vt 0.066666670143604279 0.58655452728271484
vt 0.13333334028720856 0
vt 0.13333334028720856 0.58655452728271484
vt 0.13333334028720856 0
vt 0.13333334028720856 0.58655452728271484
vt 0.20000000298023224 0
vt 0.20000000298023224 0.58655452728271484
vt 0.26666668057441711 0
vt 0.26666668057441711 0.58655452728271484
vt 0.26666668057441711 0
vt 0.26666668057441711 0.58655452728271484
vt 0.3333333432674408 0
vt 0.3333333432674408 0.58655452728271484
vt 0.3333333432674408 0
vt 0.3333333432674408 0.58655452728271484
vt 0.40000000596046448 0
vt 0.40000000596046448 0.58655452728271484
vt 0.46666666865348816 0
vt 0.46666666865348816 0.58655452728271484
vt 0.46666666865348816 0
vt 0.46666666865348816 0.58655452728271484
vt 0.53333336114883423 0
vt 0.53333336114883423 0.58655452728271484
vt 0.53333336114883423 0
vt 0.53333336114883423 0.58655452728271484
vt 0.60000002384185791 0
vt 0.60000002384185791 0.58655452728271484
vt 0.60000002384185791 0
vt 0.60000002384185791 0.58655452728271484
vt 0.66666668653488159 0
vt 0.66666668653488159 0.58655452728271484
vt 0.66666668653488159 0
vt 0.66666668653488159 0.58655452728271484
vt 0.73333334922790527 0
vt 0.73333334922790527 0.58655452728271484
vt 0.73333334922790527 0
vt 0.73333334922790527 0.58655452728271484
vt 0.80000001192092896 0
vt 0.80000001192092896 0.58655452728271484
vt 0.80000001192092896 0
vt 0.80000001192092896 0.58655452728271484
vt 0.86666667461395264 0
vt 0.86666667461395264 0.58655452728271484
vt 0.86666667461395264 0
vt 0.86666667461395264 0.58655452728271484
vt 0.93333333730697632 0
vt 0.93333333730697632 0.58655452728271484
vt 0.93333333730697632 0
vt 0.93333333730697632 0.58655452728271484
vt 1 0
vt 1 0.58655452728271484
vt 0.34161368012428284 0.70007413625717163
vt 0.33756962418556213 0.69335830211639404
vt 0.33910325169563293 0.69080942869186401
vt 0.34233728051185608 0.68580299615859985
vt 0.34429514408111572 0.68272840976715088
vt 0.25181347131729126 0.5865551233291626
vt 0.24943135678768158 0.59015536308288574
vt 0.24577221274375916 0.59577620029449463
vt 0.23979492485523224 0.58956271409988403
vt 0 0.87841737270355225
vt 0.019923143088817596 0.90799993276596069
vt 0.0063885166309773922 0.92047595977783203
vt 0.036330990493297577 0.97194755077362061
vt 0.057201489806175232 0.95514953136444092
vt 0.089219644665718079 1
vt 0.34161368012428284 0.88648098707199097
vt 0.33756962418556213 0.89319682121276855
vt 0.33910325169563293 0.89574569463729858
vt 0.34233728051185608 0.90075212717056274
vt 0.34429514408111572 0.90382671356201172
vt 0.25181347131729126 1
vt 0.24943135678768158 0.99639976024627686
vt 0.24577221274375916 0.99077892303466797
vt 0.23979492485523224 0.99699240922927856
vt 0 0.70813775062561035
vt 0.019923143088817596 0.6785551905632019
vt 0.0063885166309773922 0.66607916355133057
vt 0.036330990493297577 0.61460757255554199
vt 0.057201489806175232 0.63140559196472168
vt 0.089219644665718079 0.5865551233291626
vn 0.96327364444732666 0 0.26852166652679443
vn 0.96327364444732666 0 0.26852166652679443
vn 0.96327364444732666 0 0.26852166652679443
vn 0.96327364444732666 0 0.26852166652679443
vn -0.0072285579517483711 0 0.99997389316558838
vn -0.0072285579517483711 0 0.99997389316558838
vn -0.0072285579517483711 0 0.99997389316558838
vn -0.0072285579517483711 0 0.99997389316558838
vn -0.041784539818763733 0 0.99912667274475098
vn -0.041784539818763733 0 0.99912667274475098
vn -0.034780275076627731 0 0.99939501285552979
vn -0.034780275076627731 0 0.99939501285552979
vn -0.034780275076627731 0 0.99939501285552979
vn -0.034780275076627731 0 0.99939501285552979
vn 0.99919807910919189 0 0.040040146559476852
vn 0.99919807910919189 0 0.040040146559476852
vn 0.99919807910919189 0 0.040040146559476852
vn 0.99919807910919189 0 0.040040146559476852
vn 0.053558405488729477 0 -0.99856472015380859
vn 0.053558405488729477 0 -0.99856472015380859
vn 0.045580904930830002 0 -0.99896067380905151
vn 0.045580904930830002 0 -0.99896067380905151
vn 0.045580904930830002 0 -0.99896067380905151
vn 0.045580904930830002 0 -0.99896067380905151
vn 0.99920570850372314 0 0.039849378168582916
vn 0.99920570850372314 0 0.039849378168582916
vn 0.99920570850372314 0 0.039849378168582916
vn 0.99920570850372314 0 0.039849378168582916
vn 0.16580858826637268 0 -0.98615795373916626
vn 0.16580858826637268 0 -0.98615795373916626
vn 0.16580858826637268 0 -0.98615795373916626
vn 0.16580858826637268 0 -0.98615795373916626
vn -0.97651469707489014 0 -0.21545074880123138
vn -0.97651469707489014 0 -0.21545074880123138
vn -0.97651469707489014 0 -0.21545074880123138
vn -0.97651469707489014 0 -0.21545074880123138
vn 0.29330956935882568 0 -0.95601749420166016
vn 0.29330956935882568 0 -0.95601749420166016
vn 0.29330956935882568 0 -0.95601749420166016
vn 0.29330956935882568 0 -0.95601749420166016
vn -0.9586869478225708 0 -0.28446322679519653
vn -0.9586869478225708 0 -0.28446322679519653
vn -0.9586869478225708 0 -0.28446322679519653
vn -0.9586869478225708 0 -0.28446322679519653
vn -0.35287398099899292 0 0.93567085266113281
vn -0.35287398099899292 0 0.93567085266113281
vn -0.35287398099899292 0 0.93567085266113281
vn -0.35287398099899292 0 0.93567085266113281
vn -0.98233282566070557 0 -0.18714231252670288
vn -0.98233282566070557 0 -0.18714231252670288
vn -0.98233282566070557 0 -0.18714231252670288
vn -0.98233282566070557 0 -0.18714231252670288
vn -0.17249616980552673 0 0.98501020669937134
vn -0.17249616980552673 0 0.98501020669937134
vn -0.17249616980552673 0 0.98501020669937134
vn -0.17249616980552673 0 0.98501020669937134
vn 0 -1 0
vn 0 -1 0
vn 0 -1 0
vn 0 -1 0
vn 0 -1 0
vn 0 -1 0
vn 0 -1 0
vn 0 -1 0
vn 0 -1 0
vn 0 -1 0
vn 0 -1 0
vn 0 -1 0
vn 0 -1 0
vn 0 -1 0
vn 0 -1 0
vn 0 1 0
vn 0 1 0
vn 0 1 0
vn 0 1 0
vn 0 1 0
vn 0 1 0
vn 0 1 0
vn 0 1 0
vn 0 1 0
vn 0 1 0
vn 0 1 0
vn 0 1 0
vn 0 1 0
vn 0 1 0
vn 0 1 0
f 3371/3371/3371 3373/3373/3373 3374/3374/3374 3372/3372/3372
f 3375/3375/3375 3377/3377/3377 3378/3378/3378 3376/3376/3376
f 3379/3379/3379 3381/3381/3381 3382/3382/3382 3380/3380/3380
f 3381/3381/3381 3383/3383/3383 3384/3384/3384 3382/3382/3382
f 3385/3385/3385 3387/3387/3387 3388/3388/3388 3386/3386/3386
f 3389/3389/3389 3391/3391/3391 3392/3392/3392 3390/3390/3390
f 3391/3391/3391 3393/3393/3393 3394/3394/3394 3392/3392/3392
f 3395/3395/3395 3397/3397/3397 3398/3398/3398 3396/3396/3396
f 3399/3399/3399 3401/3401/3401 3402/3402/3402 3400/3400/3400
f 3403/3403/3403 3405/3405/3405 3406/3406/3406 3404/3404/3404
f 3407/3407/3407 3409/3409/3409 3410/3410/3410 3408/3408/3408
f 3411/3411/3411 3413/3413/3413 3414/3414/3414 3412/3412/3412
f 3415/3415/3415 3417/3417/3417 3418/3418/3418 3416/3416/3416
f 3419/3419/3419 3421/3421/3421 3422/3422/3422 3420/3420/3420
f 3423/3423/3423 3425/3425/3425 3426/3426/3426 3424/3424/3424
f 3428/3428/3428 3441/3441/3441 3440/3440/3440
f 3434/3434/3434 3440/3440/3440 3437/3437/3437
f 3437/3437/3437 3439/3439/3439 3438/3438/3438
f 3437/3437/3437 3436/3436/3436 3435/3435/3435
f 3437/3437/3437 3440/3440/3440 3439/3439/3439
f 3441/3441/3441 3428/3428/3428 3427/3427/3427
f 3434/3434/3434 3429/3429/3429 3428/3428/3428
f 3433/3433/3433 3430/3430/3430 3429/3429/3429
f 3431/3431/3431 3430/3430/3430 3432/3432/3432
f 3433/3433/3433 3429/3429/3429 3434/3434/3434
f 3433/3433/3433 3432/3432/3432 3430/3430/3430
f 3434/3434/3434 3437/3437/3437 3435/3435/3435
f 3428/3428/3428 3440/3440/3440 3434/3434/3434
f 3443/3443/3443 3455/3455/3455 3456/3456/3456
f 3449/3449/3449 3452/3452/3452 3455/3455/3455
f 3452/3452/3452 3453/3453/3453 3454/3454/3454
f 3452/3452/3452 3450/3450/3450 3451/3451/3451
f 3452/3452/3452 3454/3454/3454 3455/3455/3455
f 3456/3456/3456 3442/3442/3442 3443/3443/3443
f 3449/3449/3449 3443/3443/3443 3444/3444/3444
f 3448/3448/3448 3444/3444/3444 3445/3445/3445
f 3446/3446/3446 3447/3447/3447 3445/3445/3445
f 3448/3448/3448 3449/3449/3449 3444/3444/3444
f 3448/3448/3448 3445/3445/3445 3447/3447/3447
f 3449/3449/3449 3450/3450/3450 3452/3452/3452
f 3443/3443/3443 3449/3449/3449 3455/3455/3455
usemtl Default
v 56.455459594726562 0 -53.187843322753906
v 56.455459594726562 8.1000003814697266 -53.187843322753906
v 56.449558258056641 0 -56.620376586914062
v 56.449558258056641 8.1000003814697266 -56.620376586914062
v 56.449558258056641 0 -56.620376586914062
v 56.449558258056641 8.1000003814697266 -56.620376586914062
v 60.257591247558594 0 -56.637825012207031
v 60.257591247558594 8.1000003814697266 -56.637825012207031
v 60.257591247558594 0 -56.637825012207031
v 60.257591247558594 8.1000003814697266 -56.637825012207031
v 64.864891052246094 0 -61.421798706054688
v 64.864891052246094 8.1000003814697266 -61.421798706054688
v 64.864891052246094 0 -61.421798706054688
v 64.864891052246094 8.1000003814697266 -61.421798706054688
v 65.954452514648438 0 -75.610122680664062
v 65.954452514648438 8.1000003814697266 -75.610122680664062
v 65.954452514648438 0 -75.610122680664062
v 65.954452514648438 8.1000003814697266 -75.610122680664062
v 28.635105133056641 0 -74.596481323242188
v 28.635105133056641 8.1000003814697266 -74.596481323242188
v 26.820783615112305 0 -74.544075012207031
v 26.820783615112305 8.1000003814697266 -74.544075012207031
v 26.820783615112305 0 -74.544075012207031
v 26.820783615112305 8.1000003814697266 -74.544075012207031
v 26.899562835693359 0 -52.841648101806641
v 26.899562835693359 8.1000003814697266 -52.841648101806641
v 26.899562835693359 0 -52.841648101806641
v 26.899562835693359 8.1000003814697266 -52.841648101806641
v 56.455459594726562 0 -53.187843322753906
v 56.455459594726562 8.1000003814697266 -53.187843322753906
v 56.455459594726562 0 -53.187843322753906
v 56.449558258056641 0 -56.620376586914062
v 60.257591247558594 0 -56.637825012207031
v 64.864891052246094 0 -61.421798706054688
v 65.954452514648438 0 -75.610122680664062
v 28.635105133056641 0 -74.596481323242188
v 26.820783615112305 0 -74.544075012207031
v 26.899562835693359 0 -52.841648101806641
v 56.455459594726562 8.1000003814697266 -53.187843322753906
v 56.449558258056641 8.1000003814697266 -56.620376586914062
v 60.257591247558594 8.1000003814697266 -56.637825012207031
v 64.864891052246094 8.1000003814697266 -61.421798706054688
v 65.954452514648438 8.1000003814697266 -75.610122680664062
v 28.635105133056641 8.1000003814697266 -74.596481323242188
v 26.820783615112305 8.1000003814697266 -74.544075012207031
v 26.899562835693359 8.1000003814697266 -52.841648101806641
vt 0 0
vt 0 0.55200380086898804
vt 0.125 0
vt 0.125 0.55200380086898804
vt 0.125 0
vt 0.125 0.55200380086898804
vt 0.25 0
vt 0.25 0.55200380086898804
vt 0.25 0
vt 0.25 0.55200380086898804
vt 0.375 0
vt 0.375 0.55200380086898804
vt 0.375 0
vt 0.375 0.55200380086898804
vt 0.5 0
vt 0.5 0.55200380086898804
vt 0.5 0
vt 0.5 0.55200380086898804
vt 0.625 0
vt 0.625 0.55200380086898804
vt 0.75 0
vt 0.75 0.55200380086898804
vt 0.75 0
vt 0.75 0.55200380086898804
vt 0.875 0
vt 0.875 0.55200380086898804
vt 0.875 0
vt 0.875 0.55200380086898804
vt 1 0
vt 1 0.55200380086898804
vt 0.20093172788619995 1
vt 0.21831877529621124 0.96475118398666382
vt 0.24406929314136505 0.99399495124816895
vt 0.29940542578697205 0.98052996397018433
vt 0.37878134846687317 0.843436598777771
vt 0.1221439316868782 0.56548517942428589
vt 0.10965133458375931 0.55200433731079102
vt 0 0.77518749237060547
vt 0.20093172788619995 0.55200433731079102
vt 0.21831877529621124 0.5872531533241272
vt 0.24406929314136505 0.55800938606262207
vt 0.29940542578697205 0.57147443294525146
vt 0.37878134846687317 0.70856773853302002
vt 0.1221439316868782 0.98651915788650513
vt 0.10965133458375931 1
vt 0 0.77681684494018555
vn 0.99999850988388062 0 -0.0017196947010233998
vn 0.99999850988388062 0 -0.0017196947010233998
vn 0.99999850988388062 0 -0.0017196947010233998
vn 0.99999850988388062 0 -0.0017196947010233998
vn 0.0045819939114153385 0 0.99998950958251953
vn 0.0045819939114153385 0 0.99998950958251953
vn 0.0045819939114153385 0 0.99998950958251953
vn 0.0045819939114153385 0 0.99998950958251953
vn 0.72028177976608276 0 0.69368159770965576
vn 0.72028177976608276 0 0.69368159770965576
vn 0.72028177976608276 0 0.69368159770965576
vn 0.72028177976608276 0 0.69368159770965576
vn 0.99706441164016724 0 0.076567396521568298
vn 0.99706441164016724 0 0.076567396521568298
vn 0.99706441164016724 0 0.076567396521568298
vn 0.99706441164016724 0 0.076567396521568298
vn -0.027151374146342278 0 -0.99963134527206421
vn -0.027151374146342278 0 -0.99963134527206421
vn -0.028873421251773834 0 -0.99958306550979614
vn -0.028873421251773834 0 -0.99958306550979614
vn -0.028873421251773834 0 -0.99958306550979614
vn -0.028873421251773834 0 -0.99958306550979614
vn -0.99999338388442993 0 0.0036299694329500198
vn -0.99999338388442993 0 0.0036299694329500198
vn -0.99999338388442993 0 0.0036299694329500198
vn -0.99999338388442993 0 0.0036299694329500198
vn 0.011712417937815189 0 0.99993139505386353
vn 0.011712417937815189 0 0.99993139505386353
vn 0.011712417937815189 0 0.99993139505386353
vn 0.011712417937815189 0 0.99993139505386353
vn 0 -1 0
vn 0 -1 0
vn 0 -1 0
vn 0 -1 0
vn 0 -1 0
vn 0 -1 0
vn 0 -1 0
vn 0 -1 0
vn 0 1 0
vn 0 1 0
vn 0 1 0
vn 0 1 0
vn 0 1 0
vn 0 1 0
vn 0 1 0
vn 0 1 0
f 3457/3457/3457 3459/3459/3459 3460/3460/3460 3458/3458/3458
f 3461/3461/3461 3463/3463/3463 3464/3464/3464 3462/3462/3462
f 3465/3465/3465 3467/3467/3467 3468/3468/3468 3466/3466/3466
f 3469/3469/3469 3471/3471/3471 3472/3472/3472 3470/3470/3470
f 3473/3473/3473 3475/3475/3475 3476/3476/3476 3474/3474/3474
f 3475/3475/3475 3477/3477/3477 3478/3478/3478 3476/3476/3476
f 3479/3479/3479 3481/3481/3481 3482/3482/3482 3480/3480/3480
f 3483/3483/3483 3485/3485/3485 3486/3486/3486 3484/3484/3484
f 3488/3488/3488 3494/3494/3494 3492/3492/3492
f 3494/3494/3494 3493/3493/3493 3492/3492/3492
f 3488/3488/3488 3487/3487/3487 3494/3494/3494
f 3488/3488/3488 3490/3490/3490 3489/3489/3489
f 3492/3492/3492 3491/3491/3491 3488/3488/3488
f 3490/3490/3490 3488/3488/3488 3491/3491/3491
f 3496/3496/3496 3500/3500/3500 3502/3502/3502
f 3502/3502/3502 3500/3500/3500 3501/3501/3501
f 3496/3496/3496 3502/3502/3502 3495/3495/3495
f 3496/3496/3496 3497/3497/3497 3498/3498/3498
f 3500/3500/3500 3496/3496/3496 3499/3499/3499
f 3498/3498/3498 3499/3499/3499 3496/3496/3496
usemtl Default
v -3.1208722591400146 0 -52.806354522705078
v -3.1208722591400146 25.799999237060547 -52.806354522705078
v -2.9272279739379883 0 -58.934253692626953
v -2.9272279739379883 25.799999237060547 -58.934253692626953
v -2.9272279739379883 0 -58.934253692626953
v -2.9272279739379883 25.799999237060547 -58.934253692626953
v -1.7805362939834595 0 -59.96099853515625
v -1.7805362939834595 25.799999237060547 -59.96099853515625
v -1.7805362939834595 0 -59.96099853515625
v -1.7805362939834595 25.799999237060547 -59.96099853515625
v -1.7596415281295776 0 -61.971565246582031
v -1.7596415281295776 25.799999237060547 -61.971565246582031
v -1.7596415281295776 0 -61.971565246582031
v -1.7596415281295776 25.799999237060547 -61.971565246582031
v -2.8421535491943359 0 -63.079448699951172
v -2.8421535491943359 25.799999237060547 -63.079448699951172
v -2.8421535491943359 0 -63.079448699951172
v -2.8421535491943359 25.799999237060547 -63.079448699951172
v -2.7838478088378906 0 -65.705680847167969
v -2.7838478088378906 25.799999237060547 -65.705680847167969
v -2.7838478088378906 0 -65.705680847167969
v -2.7838478088378906 25.799999237060547 -65.705680847167969
v -2.5696227550506592 0 -65.897628784179688
v -2.5696227550506592 25.799999237060547 -65.897628784179688
v -2.5696227550506592 0 -65.897628784179688
v -2.5696227550506592 25.799999237060547 -65.897628784179688
v -1.6672362089157104 0 -66.629608154296875
v -1.6672362089157104 25.799999237060547 -66.629608154296875
v -1.6672362089157104 0 -66.629608154296875
v -1.6672362089157104 25.799999237060547 -66.629608154296875
v -1.6162638664245605 0 -68.742996215820312
v -1.6162638664245605 25.799999237060547 -68.742996215820312
v -1.6162638664245605 0 -68.742996215820312
v -1.6162638664245605 25.799999237060547 -68.742996215820312
v -2.7002434730529785 0 -69.826736450195312
v -2.7002434730529785 25.799999237060547 -69.826736450195312
v -2.7002434730529785 0 -69.826736450195312
v -2.7002434730529785 25.799999237060547 -69.826736450195312
v -2.6529443264007568 0 -72.46795654296875
v -2.6529443264007568 25.799999237060547 -72.46795654296875
v -2.6529443264007568 0 -72.46795654296875
v -2.6529443264007568 25.799999237060547 -72.46795654296875
v -1.5260623693466187 0 -73.364822387695312
v -1.5260623693466187 25.799999237060547 -73.364822387695312
v -1.5260623693466187 0 -73.364822387695312
v -1.5260623693466187 25.799999237060547 -73.364822387695312
v -1.4578523635864258 0 -75.663871765136719
v -1.4578523635864258 25.799999237060547 -75.663871765136719
v -1.4578523635864258 0 -75.663871765136719
v -1.4578523635864258 25.799999237060547 -75.663871765136719
v -2.5671422481536865 0 -76.625221252441406
v -2.5671422481536865 25.799999237060547 -76.625221252441406
v -2.5671422481536865 0 -76.625221252441406
v -2.5671422481536865 25.799999237060547 -76.625221252441406
v -2.5103070735931396 0 -79.227310180664062
v -2.5103070735931396 25.799999237060547 -79.227310180664062
v -2.5103070735931396 0 -79.227310180664062
v -2.5103070735931396 25.799999237060547 -79.227310180664062
v -1.3669207096099854 0 -80.297767639160156
v -1.3669207096099854 25.799999237060547 -80.297767639160156
v -1.3669207096099854 0 -80.297767639160156
v -1.3669207096099854 25.799999237060547 -80.297767639160156
v -1.3243880271911621 0 -82.370361328125
v -1.3243880271911621 25.799999237060547 -82.370361328125
v -1.3243880271911621 0 -82.370361328125
v -1.3243880271911621 25.799999237060547 -82.370361328125
v -2.4248757362365723 0 -83.476570129394531
v -2.4248757362365723 25.799999237060547 -83.476570129394531
v -2.4248757362365723 0 -83.476570129394531
v -2.4248757362365723 25.799999237060547 -83.476570129394531
v -2.3706088066101074 0 -85.938377380371094
v -2.3706088066101074 25.799999237060547 -85.938377380371094
v -2.3706088066101074 0 -85.938377380371094
v -2.3706088066101074 25.799999237060547 -85.938377380371094
v -1.2176856994628906 0 -86.969703674316406
v -1.2176856994628906 25.799999237060547 -86.969703674316406
v -1.2176856994628906 0 -86.969703674316406
v -1.2176856994628906 25.799999237060547 -86.969703674316406
v -1.180656909942627 0 -89.049797058105469
v -1.180656909942627 25.799999237060547 -89.049797058105469
v -1.180656909942627 0 -89.049797058105469
v -1.180656909942627 25.799999237060547 -89.049797058105469
v -2.2077782154083252 0 -89.990760803222656
v -2.2077782154083252 25.799999237060547 -89.990760803222656
v -2.2077782154083252 0 -89.990760803222656
v -2.2077782154083252 25.799999237060547 -89.990760803222656
v -13.645033836364746 0 -90.30938720703125
v -13.645033836364746 25.799999237060547 -90.30938720703125
v -13.645033836364746 0 -90.30938720703125
v -13.645033836364746 25.799999237060547 -90.30938720703125
v -15.504824638366699 0 -88.724288940429688
v -15.504824638366699 25.799999237060547 -88.724288940429688
v -15.504824638366699 0 -88.724288940429688
v -15.504824638366699 25.799999237060547 -88.724288940429688
v -16.399614334106445 0 -52.625934600830078
v -16.399614334106445 25.799999237060547 -52.625934600830078
v -16.399614334106445 0 -52.625934600830078
v -16.399614334106445 25.799999237060547 -52.625934600830078
v -3.1208722591400146 0 -52.806354522705078
v -3.1208722591400146 25.799999237060547 -52.806354522705078
v -3.1208722591400146 0 -52.806354522705078
v -2.9272279739379883 0 -58.934253692626953
v -1.7805362939834595 0 -59.96099853515625
v -1.7596415281295776 0 -61.971565246582031
v -2.8421535491943359 0 -63.079448699951172
v -2.7838478088378906 0 -65.705680847167969
v -2.5696227550506592 0 -65.897628784179688
v -1.6672362089157104 0 -66.629608154296875
v -1.6162638664245605 0 -68.742996215820312
v -2.7002434730529785 0 -69.826736450195312
v -2.6529443264007568 0 -72.46795654296875
v -1.5260623693466187 0 -73.364822387695312
v -1.4578523635864258 0 -75.663871765136719
v -2.5671422481536865 0 -76.625221252441406
v -2.5103070735931396 0 -79.227310180664062
v -1.3669207096099854 0 -80.297767639160156
v -1.3243880271911621 0 -82.370361328125
v -2.4248757362365723 0 -83.476570129394531
v -2.3706088066101074 0 -85.938377380371094
v -1.2176856994628906 0 -86.969703674316406
v -1.180656909942627 0 -89.049797058105469
v -2.2077782154083252 0 -89.990760803222656
v -13.645033836364746 0 -90.30938720703125
v -15.504824638366699 0 -88.724288940429688
v -16.399614334106445 0 -52.625934600830078
v -3.1208722591400146 25.799999237060547 -52.806354522705078
v -2.9272279739379883 25.799999237060547 -58.934253692626953
v -1.7805362939834595 25.799999237060547 -59.96099853515625
v -1.7596415281295776 25.799999237060547 -61.971565246582031
v -2.8421535491943359 25.799999237060547 -63.079448699951172
v -2.7838478088378906 25.799999237060547 -65.705680847167969
v -2.5696227550506592 25.799999237060547 -65.897628784179688
v -1.6672362089157104 25.799999237060547 -66.629608154296875
v -1.6162638664245605 25.799999237060547 -68.742996215820312
v -2.7002434730529785 25.799999237060547 -69.826736450195312
v -2.6529443264007568 25.799999237060547 -72.46795654296875
v -1.5260623693466187 25.799999237060547 -73.364822387695312
v -1.4578523635864258 25.799999237060547 -75.663871765136719
v -2.5671422481536865 25.799999237060547 -76.625221252441406
v -2.5103070735931396 25.799999237060547 -79.227310180664062
v -1.3669207096099854 25.799999237060547 -80.297767639160156
v -1.3243880271911621 25.799999237060547 -82.370361328125
v -2.4248757362365723 25.799999237060547 -83.476570129394531
v -2.3706088066101074 25.799999237060547 -85.938377380371094
v -1.2176856994628906 25.799999237060547 -86.969703674316406
v -1.180656909942627 25.799999237060547 -89.049797058105469
v -2.2077782154083252 25.799999237060547 -89.990760803222656
v -13.645033836364746 25.799999237060547 -90.30938720703125
v -15.504824638366699 25.799999237060547 -88.724288940429688
v -16.399614334106445 25.799999237060547 -52.625934600830078
vt 0 0
vt 0 0.6373136043548584
vt 0.039999999105930328 0
vt 0.039999999105930328 0.6373136043548584
vt 0.039999999105930328 0
vt 0.039999999105930328 0.6373136043548584
vt 0.079999998211860657 0
vt 0.079999998211860657 0.6373136043548584
vt 0.079999998211860657 0
vt 0.079999998211860657 0.6373136043548584
vt 0.11999999731779099 0
vt 0.11999999731779099 0.6373136043548584
vt 0.11999999731779099 0
vt 0.11999999731779099 0.6373136043548584
vt 0.15999999642372131 0
vt 0.15999999642372131 0.6373136043548584
vt 0.15999999642372131 0
vt 0.15999999642372131 0.6373136043548584
vt 0.20000000298023224 0
vt 0.20000000298023224 0.6373136043548584
vt 0.20000000298023224 0
vt 0.20000000298023224 0.6373136043548584
vt 0.23999999463558197 0
vt 0.23999999463558197 0.6373136043548584
vt 0.23999999463558197 0
vt 0.23999999463558197 0.6373136043548584
vt 0.2800000011920929 0
vt 0.2800000011920929 0.6373136043548584
vt 0.2800000011920929 0
vt 0.2800000011920929 0.6373136043548584
vt 0.31999999284744263 0
vt 0.31999999284744263 0.6373136043548584
vt 0.31999999284744263 0
vt 0.31999999284744263 0.6373136043548584
vt 0.36000001430511475 0
vt 0.36000001430511475 0.6373136043548584
vt 0.36000001430511475 0
vt 0.36000001430511475 0.6373136043548584
vt 0.40000000596046448 0
vt 0.40000000596046448 0.6373136043548584
vt 0.40000000596046448 0
vt 0.40000000596046448 0.6373136043548584
vt 0.43999999761581421 0
vt 0.43999999761581421 0.6373136043548584
vt 0.43999999761581421 0
vt 0.43999999761581421 0.6373136043548584
vt 0.47999998927116394 0
vt 0.47999998927116394 0.6373136043548584
vt 0.47999998927116394 0
vt 0.47999998927116394 0.6373136043548584
vt 0.51999998092651367 0
vt 0.51999998092651367 0.6373136043548584
vt 0.51999998092651367 0
vt 0.51999998092651367 0.6373136043548584
vt 0.56000000238418579 0
vt 0.56000000238418579 0.6373136043548584
vt 0.56000000238418579 0
vt 0.56000000238418579 0.6373136043548584
vt 0.60000002384185791 0
vt 0.60000002384185791 0.6373136043548584
vt 0.60000002384185791 0
vt 0.60000002384185791 0.6373136043548584
vt 0.63999998569488525 0
vt 0.63999998569488525 0.6373136043548584
vt 0.63999998569488525 0
vt 0.63999998569488525 0.6373136043548584
vt 0.68000000715255737 0
vt 0.68000000715255737 0.6373136043548584
vt 0.68000000715255737 0
vt 0.68000000715255737 0.6373136043548584
vt 0.72000002861022949 0
vt 0.72000002861022949 0.6373136043548584
vt 0.72000002861022949 0
vt 0.72000002861022949 0.6373136043548584
vt 0.75999999046325684 0
vt 0.75999999046325684 0.6373136043548584
vt 0.75999999046325684 0
vt 0.75999999046325684 0.6373136043548584
vt 0.80000001192092896 0
vt 0.80000001192092896 0.6373136043548584
vt 0.80000001192092896 0
vt 0.80000001192092896 0.6373136043548584
vt 0.8399999737739563 0
vt 0.8399999737739563 0.6373136043548584
vt 0.8399999737739563 0
vt 0.8399999737739563 0.6373136043548584
vt 0.87999999523162842 0
vt 0.87999999523162842 0.6373136043548584
vt 0.87999999523162842 0
vt 0.87999999523162842 0.6373136043548584
vt 0.92000001668930054 0
vt 0.92000001668930054 0.6373136043548584
vt 0.92000001668930054 0
vt 0.92000001668930054 0.6373136043548584
vt 0.95999997854232788 0
vt 0.95999997854232788 0.6373136043548584
vt 0.95999997854232788 0
vt 0.95999997854232788 0.6373136043548584
vt 1 0
vt 1 0.6373136043548584
vt 0.34439533948898315 0.8859514594078064
vt 0.29904872179031372 0.84505552053451538
vt 0.29781424999237061 0.82873022556304932
vt 0.28269243240356445 0.81567472219467163
vt 0.26811191439628601 0.81778192520141602
vt 0.24853670597076416 0.80046498775482178
vt 0.24830512702465057 0.79741430282592773
vt 0.24790990352630615 0.78505402803421021
vt 0.23218041658401489 0.7710842490196228
vt 0.21777452528476715 0.77335858345031738
vt 0.19802290201187134 0.75603926181793213
vt 0.19765983521938324 0.74071425199508667
vt 0.18062141537666321 0.72540873289108276
vt 0.16699874401092529 0.72868216037750244
vt 0.14759817719459534 0.7115323543548584
vt 0.14601349830627441 0.69495522975921631
vt 0.13054507970809937 0.68131852149963379
vt 0.11587454378604889 0.68358922004699707
vt 0.097522720694541931 0.66735982894897461
vt 0.096289113163948059 0.65095221996307373
vt 0.080732472240924835 0.63731426000595093
vt 0.067733563482761383 0.64001965522766113
vt 0 0.73521578311920166
vt 0.0013945752289146185 0.76117998361587524
vt 0.26992806792259216 1
vt 0.34439533948898315 0.75136280059814453
vt 0.29904872179031372 0.79225873947143555
vt 0.29781424999237061 0.80858403444290161
vt 0.28269243240356445 0.8216395378112793
vt 0.26811191439628601 0.81953233480453491
vt 0.24853670597076416 0.83684927225112915
vt 0.24830512702465057 0.83989995718002319
vt 0.24790990352630615 0.85226023197174072
vt 0.23218041658401489 0.86623001098632812
vt 0.21777452528476715 0.86395567655563354
vt 0.19802290201187134 0.8812749981880188
vt 0.19765983521938324 0.89660000801086426
vt 0.18062141537666321 0.91190552711486816
vt 0.16699874401092529 0.90863209962844849
vt 0.14759817719459534 0.92578184604644775
vt 0.14601349830627441 0.94235903024673462
vt 0.13054507970809937 0.95599573850631714
vt 0.11587454378604889 0.95372503995895386
vt 0.097522720694541931 0.96995443105697632
vt 0.096289113163948059 0.9863620400428772
vt 0.080732472240924835 1
vt 0.067733563482761383 0.99729460477828979
vt 0 0.90209841728210449
vt 0.0013945752289146185 0.87613427639007568
vt 0.26992806792259216 0.63731426000595093
vn 0.99950110912322998 0 0.03158467635512352
vn 0.99950110912322998 0 0.03158467635512352
vn 0.99950110912322998 0 0.03158467635512352
vn 0.99950110912322998 0 0.03158467635512352
vn 0.66706818342208862 0 0.74499666690826416
vn 0.66706818342208862 0 0.74499666690826416
vn 0.66706818342208862 0 0.74499666690826416
vn 0.66706818342208862 0 0.74499666690826416
vn 0.9999459981918335 0 0.010391893796622753
vn 0.9999459981918335 0 0.010391893796622753
vn 0.9999459981918335 0 0.010391893796622753
vn 0.9999459981918335 0 0.010391893796622753
vn 0.71524864435195923 0 -0.69887006282806396
vn 0.71524864435195923 0 -0.69887006282806396
vn 0.71524864435195923 0 -0.69887006282806396
vn 0.71524864435195923 0 -0.69887006282806396
vn 0.99975365400314331 0 0.022195842117071152
vn 0.99975365400314331 0 0.022195842117071152
vn 0.99975365400314331 0 0.022195842117071152
vn 0.99975365400314331 0 0.022195842117071152
vn 0.66731047630310059 0 0.74477964639663696
vn 0.66731047630310059 0 0.74477964639663696
vn 0.66731047630310059 0 0.74477964639663696
vn 0.66731047630310059 0 0.74477964639663696
vn 0.62996500730514526 0 0.77662354707717896
vn 0.62996500730514526 0 0.77662354707717896
vn 0.62996500730514526 0 0.77662354707717896
vn 0.62996500730514526 0 0.77662354707717896
vn 0.99970924854278564 0 0.024111682549118996
vn 0.99970924854278564 0 0.024111682549118996
vn 0.99970924854278564 0 0.024111682549118996
vn 0.99970924854278564 0 0.024111682549118996
vn 0.70702779293060303 0 -0.70718574523925781
vn 0.70702779293060303 0 -0.70718574523925781
vn 0.70702779293060303 0 -0.70718574523925781
vn 0.70702779293060303 0 -0.70718574523925781
vn 0.9998396635055542 0 0.017905201762914658
vn 0.9998396635055542 0 0.017905201762914658
vn 0.9998396635055542 0 0.017905201762914658
vn 0.9998396635055542 0 0.017905201762914658
vn 0.62272870540618896 0 0.78243786096572876
vn 0.62272870540618896 0 0.78243786096572876
vn 0.62272870540618896 0 0.78243786096572876
vn 0.62272870540618896 0 0.78243786096572876
vn 0.99956017732620239 0 0.029655719175934792
vn 0.99956017732620239 0 0.029655719175934792
vn 0.99956017732620239 0 0.029655719175934792
vn 0.99956017732620239 0 0.029655719175934792
vn 0.65491700172424316 0 -0.75570082664489746
vn 0.65491700172424316 0 -0.75570082664489746
vn 0.65491700172424316 0 -0.75570082664489746
vn 0.65491700172424316 0 -0.75570082664489746
vn 0.99976152181625366 0 0.02183687686920166
vn 0.99976152181625366 0 0.02183687686920166
vn 0.99976152181625366 0 0.02183687686920166
vn 0.99976152181625366 0 0.02183687686920166
vn 0.68344050645828247 0 0.73000621795654297
vn 0.68344050645828247 0 0.73000621795654297
vn 0.68344050645828247 0 0.73000621795654297
vn 0.68344050645828247 0 0.73000621795654297
vn 0.99978947639465332 0 0.020517120137810707
vn 0.99978947639465332 0 0.020517120137810707
vn 0.99978947639465332 0 0.020517120137810707
vn 0.99978947639465332 0 0.020517120137810707
vn 0.7089385986328125 0 -0.70527023077011108
vn 0.7089385986328125 0 -0.70527023077011108
vn 0.7089385986328125 0 -0.70527023077011108
vn 0.7089385986328125 0 -0.70527023077011108
vn 0.99975711107254028 0 0.02203812263906002
vn 0.99975711107254028 0 0.02203812263906002
vn 0.99975711107254028 0 0.02203812263906002
vn 0.99975711107254028 0 0.02203812263906002
vn 0.66670942306518555 0 0.74531775712966919
vn 0.66670942306518555 0 0.74531775712966919
vn 0.66670942306518555 0 0.74531775712966919
vn 0.66670942306518555 0 0.74531775712966919
vn 0.99984157085418701 0 0.017798719927668571
vn 0.99984157085418701 0 0.017798719927668571
vn 0.99984157085418701 0 0.017798719927668571
vn 0.99984157085418701 0 0.017798719927668571
vn 0.67550647258758545 0 -0.73735404014587402
vn 0.67550647258758545 0 -0.73735404014587402
vn 0.67550647258758545 0 -0.73735404014587402
vn 0.67550647258758545 0 -0.73735404014587402
vn 0.027847815304994583 0 -0.99961215257644653
vn 0.027847815304994583 0 -0.99961215257644653
vn 0.027847815304994583 0 -0.99961215257644653
vn 0.027847815304994583 0 -0.99961215257644653
vn -0.64866399765014648 0 -0.76107490062713623
vn -0.64866399765014648 0 -0.76107490062713623
vn -0.64866399765014648 0 -0.76107490062713623
vn -0.64866399765014648 0 -0.76107490062713623
vn -0.99969291687011719 0 -0.024779973551630974
vn -0.99969291687011719 0 -0.024779973551630974
vn -0.99969291687011719 0 -0.024779973551630974
vn -0.99969291687011719 0 -0.024779973551630974
vn 0.013585940934717655 0 0.9999077320098877
vn 0.013585940934717655 0 0.9999077320098877
vn 0.013585940934717655 0 0.9999077320098877
vn 0.013585940934717655 0 0.9999077320098877
vn 0 -1 0
vn 0 -1 0
vn 0 -1 0
vn 0 -1 0
vn 0 -1 0
vn 0 -1 0
vn 0 -1 0
vn 0 -1 0
vn 0 -1 0
vn 0 -1 0
vn 0 -1 0
vn 0 -1 0
vn 0 -1 0
vn 0 -1 0
vn 0 -1 0
vn 0 -1 0
vn 0 -1 0
vn 0 -1 0
vn 0 -1 0
vn 0 -1 0
vn 0 -1 0
vn 0 -1 0
vn 0 -1 0
vn 0 -1 0
vn 0 -1 0
vn 0 1 0
vn 0 1 0
vn 0 1 0
vn 0 1 0
vn 0 1 0
vn 0 1 0
vn 0 1 0
vn 0 1 0
vn 0 1 0
vn 0 1 0
vn 0 1 0
vn 0 1 0
vn 0 1 0
vn 0 1 0
vn 0 1 0
vn 0 1 0
vn 0 1 0
vn 0 1 0
vn 0 1 0
vn 0 1 0
vn 0 1 0
vn 0 1 0
vn 0 1 0
vn 0 1 0
vn 0 1 0
f 3503/3503/3503 3505/3505/3505 3506/3506/3506 3504/3504/3504
f 3507/3507/3507 3509/3509/3509 3510/3510/3510 3508/3508/3508
f 3511/3511/3511 3513/3513/3513 3514/3514/3514 3512/3512/3512
f 3515/3515/3515 3517/3517/3517 3518/3518/3518 3516/3516/3516
f 3519/3519/3519 3521/3521/3521 3522/3522/3522 3520/3520/3520
f 3523/3523/3523 3525/3525/3525 3526/3526/3526 3524/3524/3524
f 3527/3527/3527 3529/3529/3529 3530/3530/3530 3528/3528/3528
f 3531/3531/3531 3533/3533/3533 3534/3534/3534 3532/3532/3532
f 3535/3535/3535 3537/3537/3537 3538/3538/3538 3536/3536/3536
f 3539/3539/3539 3541/3541/3541 3542/3542/3542 3540/3540/3540
f 3543/3543/3543 3545/3545/3545 3546/3546/3546 3544/3544/3544
f 3547/3547/3547 3549/3549/3549 3550/3550/3550 3548/3548/3548
f 3551/3551/3551 3553/3553/3553 3554/3554/3554 3552/3552/3552
f 3555/3555/3555 3557/3557/3557 3558/3558/3558 3556/3556/3556
f 3559/3559/3559 3561/3561/3561 3562/3562/3562 3560/3560/3560
f 3563/3563/3563 3565/3565/3565 3566/3566/3566 3564/3564/3564
f 3567/3567/3567 3569/3569/3569 3570/3570/3570 3568/3568/3568
f 3571/3571/3571 3573/3573/3573 3574/3574/3574 3572/3572/3572
f 3575/3575/3575 3577/3577/3577 3578/3578/3578 3576/3576/3576
f 3579/3579/3579 3581/3581/3581 3582/3582/3582 3580/3580/3580
f 3583/3583/3583 3585/3585/3585 3586/3586/3586 3584/3584/3584
f 3587/3587/3587 3589/3589/3589 3590/3590/3590 3588/3588/3588
f 3591/3591/3591 3593/3593/3593 3594/3594/3594 3592/3592/3592
f 3595/3595/3595 3597/3597/3597 3598/3598/3598 3596/3596/3596
f 3599/3599/3599 3601/3601/3601 3602/3602/3602 3600/3600/3600
f 3604/3604/3604 3603/3603/3603 3627/3627/3627
f 3607/3607/3607 3604/3604/3604 3627/3627/3627
f 3604/3604/3604 3607/3607/3607 3606/3606/3606
f 3605/3605/3605 3604/3604/3604 3606/3606/3606
f 3608/3608/3608 3607/3607/3607 3627/3627/3627
f 3611/3611/3611 3610/3610/3610 3609/3609/3609
f 3612/3612/3612 3609/3609/3609 3608/3608/3608
f 3613/3613/3613 3612/3612/3612 3626/3626/3626
f 3609/3609/3609 3612/3612/3612 3611/3611/3611
f 3612/3612/3612 3627/3627/3627 3626/3626/3626
f 3608/3608/3608 3627/3627/3627 3612/3612/3612
f 3616/3616/3616 3614/3614/3614 3613/3613/3613
f 3615/3615/3615 3614/3614/3614 3616/3616/3616
f 3616/3616/3616 3626/3626/3626 3617/3617/3617
f 3620/3620/3620 3618/3618/3618 3617/3617/3617
f 3617/3617/3617 3626/3626/3626 3620/3620/3620
f 3626/3626/3626 3625/3625/3625 3620/3620/3620
f 3619/3619/3619 3618/3618/3618 3620/3620/3620
f 3621/3621/3621 3620/3620/3620 3625/3625/3625
f 3624/3624/3624 3622/3622/3622 3621/3621/3621
f 3622/3622/3622 3624/3624/3624 3623/3623/3623
f 3625/3625/3625 3624/3624/3624 3621/3621/3621
f 3613/3613/3613 3626/3626/3626 3616/3616/3616
f 3629/3629/3629 3652/3652/3652 3628/3628/3628
f 3632/3632/3632 3652/3652/3652 3629/3629/3629
f 3629/3629/3629 3631/3631/3631 3632/3632/3632
f 3630/3630/3630 3631/3631/3631 3629/3629/3629
f 3633/3633/3633 3652/3652/3652 3632/3632/3632
f 3636/3636/3636 3634/3634/3634 3635/3635/3635
f 3637/3637/3637 3633/3633/3633 3634/3634/3634
f 3638/3638/3638 3651/3651/3651 3637/3637/3637
f 3634/3634/3634 3636/3636/3636 3637/3637/3637
f 3637/3637/3637 3651/3651/3651 3652/3652/3652
f 3633/3633/3633 3637/3637/3637 3652/3652/3652
f 3641/3641/3641 3638/3638/3638 3639/3639/3639
f 3640/3640/3640 3641/3641/3641 3639/3639/3639
f 3641/3641/3641 3642/3642/3642 3651/3651/3651
f 3645/3645/3645 3642/3642/3642 3643/3643/3643
f 3642/3642/3642 3645/3645/3645 3651/3651/3651
f 3651/3651/3651 3645/3645/3645 3650/3650/3650
f 3644/3644/3644 3645/3645/3645 3643/3643/3643
f 3646/3646/3646 3650/3650/3650 3645/3645/3645
f 3649/3649/3649 3646/3646/3646 3647/3647/3647
f 3647/3647/3647 3648/3648/3648 3649/3649/3649
f 3650/3650/3650 3646/3646/3646 3649/3649/3649
f 3638/3638/3638 3641/3641/3641 3651/3651/3651
usemtl Default
v -50.083152770996094 0 -76.371368408203125
v -50.083152770996094 8.6999998092651367 -76.371368408203125
v -19.392328262329102 0 -75.14324951171875
v -19.392328262329102 8.6999998092651367 -75.14324951171875
v -19.392328262329102 0 -75.14324951171875
v -19.392328262329102 8.6999998092651367 -75.14324951171875
v -19.060426712036133 0 -84.625022888183594
v -19.060426712036133 8.6999998092651367 -84.625022888183594
v -19.060426712036133 0 -84.625022888183594
v -19.060426712036133 8.6999998092651367 -84.625022888183594
v -62.728771209716797 0 -86.216896057128906
v -62.728771209716797 8.6999998092651367 -86.216896057128906
v -62.728771209716797 0 -86.216896057128906
v -62.728771209716797 8.6999998092651367 -86.216896057128906
v -62.815338134765625 0 -85.184539794921875
v -62.815338134765625 8.6999998092651367 -85.184539794921875
v -62.815338134765625 0 -85.184539794921875
v -62.815338134765625 8.6999998092651367 -85.184539794921875
v -50.083152770996094 0 -76.371368408203125
v -50.083152770996094 8.6999998092651367 -76.371368408203125
v -50.083152770996094 0 -76.371368408203125
v -19.392328262329102 0 -75.14324951171875
v -19.060426712036133 0 -84.625022888183594
v -62.728771209716797 0 -86.216896057128906
v -62.815338134765625 0 -85.184539794921875
v -50.083152770996094 8.6999998092651367 -76.371368408203125
v -19.392328262329102 8.6999998092651367 -75.14324951171875
v -19.060426712036133 8.6999998092651367 -84.625022888183594
v -62.728771209716797 8.6999998092651367 -86.216896057128906
v -62.815338134765625 8.6999998092651367 -85.184539794921875
vt 0 0
vt 0 0.55582553148269653
vt 0.20000000298023224 0
vt 0.20000000298023224 0.55582553148269653
vt 0.20000000298023224 0
vt 0.20000000298023224 0.55582553148269653
vt 0.40000000596046448 0
vt 0.40000000596046448 0.55582553148269653
vt 0.40000000596046448 0
vt 0.40000000596046448 0.55582553148269653
vt 0.60000002384185791 0
vt 0.60000002384185791 0.55582553148269653
vt 0.60000002384185791 0
vt 0.60000002384185791 0.55582553148269653
vt 0.80000001192092896 0
vt 0.80000001192092896 0.55582553148269653
vt 0.80000001192092896 0
vt 0.80000001192092896 0.55582553148269653
vt 1 0
vt 1 0.55582553148269653
vt 0.15407958626747131 0.93755084276199341
vt 0.34774792194366455 0.63244891166687012
vt 0.27432316541671753 0.55582606792449951
vt 0 0.99114060401916504
vt 0.0076921675354242325 1
vt 0.15407958626747131 0.61827528476715088
vt 0.34774792194366455 0.92337715625762939
vt 0.27432316541671753 1
vt 0 0.56468552350997925
vt 0.0076921675354242325 0.55582606792449951
vn -0.039983920753002167 0 0.99920034408569336
vn -0.039983920753002167 0 0.99920034408569336
vn -0.039983920753002167 0 0.99920034408569336
vn -0.039983920753002167 0 0.99920034408569336
vn 0.99938791990280151 0 0.034982658922672272
vn 0.99938791990280151 0 0.034982658922672272
vn 0.99938791990280151 0 0.034982658922672272
vn 0.99938791990280151 0 0.034982658922672272
vn 0.036429580301046371 0 -0.99933624267578125
vn 0.036429580301046371 0 -0.99933624267578125
vn 0.036429580301046371 0 -0.99933624267578125
vn 0.036429580301046371 0 -0.99933624267578125
vn -0.99650293588638306 0 -0.083558008074760437
vn -0.99650293588638306 0 -0.083558008074760437
vn -0.99650293588638306 0 -0.083558008074760437
vn -0.99650293588638306 0 -0.083558008074760437
vn -0.56914806365966797 0 0.82223504781723022
vn -0.56914806365966797 0 0.82223504781723022
vn -0.56914806365966797 0 0.82223504781723022
vn -0.56914806365966797 0 0.82223504781723022
vn 0 -1 0
vn 0 -1 0
vn 0 -1 0
vn 0 -1 0
vn 0 -1 0
vn 0 1 0
vn 0 1 0
vn 0 1 0
vn 0 1 0
vn 0 1 0
f 3653/3653/3653 3655/3655/3655 3656/3656/3656 3654/3654/3654
f 3657/3657/3657 3659/3659/3659 3660/3660/3660 3658/3658/3658
f 3661/3661/3661 3663/3663/3663 3664/3664/3664 3662/3662/3662
f 3665/3665/3665 3667/3667/3667 3668/3668/3668 3666/3666/3666
f 3669/3669/3669 3671/3671/3671 3672/3672/3672 3670/3670/3670
f 3673/3673/3673 3677/3677/3677 3676/3676/3676
f 3675/3675/3675 3674/3674/3674 3673/3673/3673
f 3676/3676/3676 3675/3675/3675 3673/3673/3673
f 3678/3678/3678 3681/3681/3681 3682/3682/3682
f 3680/3680/3680 3678/3678/3678 3679/3679/3679
f 3681/3681/3681 3678/3678/3678 3680/3680/3680
usemtl Default
v -26.568778991699219 0 125.4739990234375
v -26.568778991699219 26.299999237060547 125.4739990234375
v -26.252176284790039 0 123.30392456054688
v -26.252176284790039 26.299999237060547 123.30392456054688
v -26.252176284790039 0 123.30392456054688
v -26.252176284790039 26.299999237060547 123.30392456054688
v -23.046823501586914 0 123.69458770751953
v -23.046823501586914 26.299999237060547 123.69458770751953
v -23.046823501586914 0 123.69458770751953
v -23.046823501586914 26.299999237060547 123.69458770751953
v -20.726823806762695 0 109.63883209228516
v -20.726823806762695 26.299999237060547 109.63883209228516
v -20.726823806762695 0 109.63883209228516
v -20.726823806762695 26.299999237060547 109.63883209228516
v -16.238737106323242 0 110.43746948242188
v -16.238737106323242 26.299999237060547 110.43746948242188
v -8.1207494735717773 0 111.90167236328125
v -8.1207494735717773 26.299999237060547 111.90167236328125
v -8.1207494735717773 0 111.90167236328125
v -8.1207494735717773 26.299999237060547 111.90167236328125
v -10.78447151184082 0 126.61354064941406
v -10.78447151184082 26.299999237060547 126.61354064941406
v -10.78447151184082 0 126.61354064941406
v -10.78447151184082 26.299999237060547 126.61354064941406
v 34.742015838623047 0 135.283203125
v 34.742015838623047 26.299999237060547 135.283203125
v 34.742015838623047 0 135.283203125
v 34.742015838623047 26.299999237060547 135.283203125
v 34.9793701171875 0 133.63264465332031
v 34.9793701171875 26.299999237060547 133.63264465332031
v 34.9793701171875 0 133.63264465332031
v 34.9793701171875 26.299999237060547 133.63264465332031
v 40.026218414306641 0 134.50454711914062
v 40.026218414306641 26.299999237060547 134.50454711914062
v 40.026218414306641 0 134.50454711914062
v 40.026218414306641 26.299999237060547 134.50454711914062
v 44.180728912353516 0 118.3978271484375
v 44.180728912353516 26.299999237060547 118.3978271484375
v 44.719623565673828 0 116.29514312744141
v 44.719623565673828 26.299999237060547 116.29514312744141
v 44.719623565673828 0 116.29514312744141
v 44.719623565673828 26.299999237060547 116.29514312744141
v 45.884307861328125 0 116.63916015625
v 45.884307861328125 26.299999237060547 116.63916015625
v 45.884307861328125 0 116.63916015625
v 45.884307861328125 26.299999237060547 116.63916015625
v 56.749317169189453 0 77.658348083496094
v 56.749317169189453 26.299999237060547 77.658348083496094
v 56.749317169189453 0 77.658348083496094
v 56.749317169189453 26.299999237060547 77.658348083496094
v 12.466055870056152 0 70.1978759765625
v 12.466055870056152 26.299999237060547 70.1978759765625
v -0.75518274307250977 0 67.960182189941406
v -0.75518274307250977 26.299999237060547 67.960182189941406
v -0.75518274307250977 0 67.960182189941406
v -0.75518274307250977 26.299999237060547 67.960182189941406
v -0.96461021900177002 0 71.741706848144531
v -0.96461021900177002 26.299999237060547 71.741706848144531
v -1.0307023525238037 0 72.98333740234375
v -1.0307023525238037 26.299999237060547 72.98333740234375
v -1.0307023525238037 0 72.98333740234375
v -1.0307023525238037 26.299999237060547 72.98333740234375
v -0.63122552633285522 0 72.978263854980469
v -0.63122552633285522 26.299999237060547 72.978263854980469
v -0.63122552633285522 0 72.978263854980469
v -0.63122552633285522 26.299999237060547 72.978263854980469
v -6.2322239875793457 0 103.57176208496094
v -6.2322239875793457 26.299999237060547 103.57176208496094
v -6.2322239875793457 0 103.57176208496094
v -6.2322239875793457 26.299999237060547 103.57176208496094
v -6.5506315231323242 0 103.51729583740234
v -6.5506315231323242 26.299999237060547 103.51729583740234
v -6.5506315231323242 0 103.51729583740234
v -6.5506315231323242 26.299999237060547 103.51729583740234
v -7.5873498916625977 0 109.20330810546875
v -7.5873498916625977 26.299999237060547 109.20330810546875
v -7.5873498916625977 0 109.20330810546875
v -7.5873498916625977 26.299999237060547 109.20330810546875
v -16.948125839233398 0 107.49111938476562
v -16.948125839233398 26.299999237060547 107.49111938476562
v -22.960779190063477 0 106.401123046875
v -22.960779190063477 26.299999237060547 106.401123046875
v -22.960779190063477 0 106.401123046875
v -22.960779190063477 26.299999237060547 106.401123046875
v -23.103116989135742 0 107.17457580566406
v -23.103116989135742 26.299999237060547 107.17457580566406
v -23.103116989135742 0 107.17457580566406
v -23.103116989135742 26.299999237060547 107.17457580566406
v -48.454261779785156 0 102.68174743652344
v -48.454261779785156 26.299999237060547 102.68174743652344
v -48.454261779785156 0 102.68174743652344
v -48.454261779785156 26.299999237060547 102.68174743652344
v -48.272808074951172 0 94.984733581542969
v -48.272808074951172 26.299999237060547 94.984733581542969
v -47.647251129150391 0 68.528068542480469
v -47.647251129150391 26.299999237060547 68.528068542480469
v -47.647251129150391 0 68.528068542480469
v -47.647251129150391 26.299999237060547 68.528068542480469
v -57.036216735839844 0 68.227264404296875
v -57.036216735839844 26.299999237060547 68.227264404296875
v -57.036216735839844 0 68.227264404296875
v -57.036216735839844 26.299999237060547 68.227264404296875
v -57.094917297363281 0 69.193016052246094
v -57.094917297363281 26.299999237060547 69.193016052246094
v -57.094917297363281 0 69.193016052246094
v -57.094917297363281 26.299999237060547 69.193016052246094
v -59.325965881347656 0 69.04400634765625
v -59.325965881347656 26.299999237060547 69.04400634765625
v -59.325965881347656 0 69.04400634765625
v -59.325965881347656 26.299999237060547 69.04400634765625
v -59.313114166259766 0 67.754409790039062
v -59.313114166259766 26.299999237060547 67.754409790039062
v -59.313114166259766 0 67.754409790039062
v -59.313114166259766 26.299999237060547 67.754409790039062
v -65.931419372558594 0 67.448478698730469
v -65.931419372558594 26.299999237060547 67.448478698730469
v -65.931419372558594 0 67.448478698730469
v -65.931419372558594 26.299999237060547 67.448478698730469
v -67.113838195800781 0 109.44345855712891
v -67.113838195800781 26.299999237060547 109.44345855712891
v -67.113838195800781 0 109.44345855712891
v -67.113838195800781 26.299999237060547 109.44345855712891
v -64.734954833984375 0 109.61075592041016
v -64.734954833984375 26.299999237060547 109.61075592041016
v -64.734954833984375 0 109.61075592041016
v -64.734954833984375 26.299999237060547 109.61075592041016
v -66.300338745117188 0 118.21073913574219
v -66.300338745117188 26.299999237060547 118.21073913574219
v -66.300338745117188 0 118.21073913574219
v -66.300338745117188 26.299999237060547 118.21073913574219
v -26.568778991699219 0 125.4739990234375
v -26.568778991699219 26.299999237060547 125.4739990234375
v -26.568778991699219 0 125.4739990234375
v -26.252176284790039 0 123.30392456054688
v -23.046823501586914 0 123.69458770751953
v -20.726823806762695 0 109.63883209228516
v -16.238737106323242 0 110.43746948242188
v -8.1207494735717773 0 111.90167236328125
v -10.78447151184082 0 126.61354064941406
v 34.742015838623047 0 135.283203125
v 34.9793701171875 0 133.63264465332031
v 40.026218414306641 0 134.50454711914062
v 44.180728912353516 0 118.3978271484375
v 44.719623565673828 0 116.29514312744141
v 45.884307861328125 0 116.63916015625
v 56.749317169189453 0 77.658348083496094
v 12.466055870056152 0 70.1978759765625
v -0.75518274307250977 0 67.960182189941406
v -0.96461021900177002 0 71.741706848144531
v -1.0307023525238037 0 72.98333740234375
v -0.63122552633285522 0 72.978263854980469
v -6.2322239875793457 0 103.57176208496094
v -6.5506315231323242 0 103.51729583740234
v -7.5873498916625977 0 109.20330810546875
v -16.948125839233398 0 107.49111938476562
v -22.960779190063477 0 106.401123046875
v -23.103116989135742 0 107.17457580566406
v -48.454261779785156 0 102.68174743652344
v -48.272808074951172 0 94.984733581542969
v -47.647251129150391 0 68.528068542480469
v -57.036216735839844 0 68.227264404296875
v -57.094917297363281 0 69.193016052246094
v -59.325965881347656 0 69.04400634765625
v -59.313114166259766 0 67.754409790039062
v -65.931419372558594 0 67.448478698730469
v -67.113838195800781 0 109.44345855712891
v -64.734954833984375 0 109.61075592041016
v -66.300338745117188 0 118.21073913574219
v -26.568778991699219 26.299999237060547 125.4739990234375
v -26.252176284790039 26.299999237060547 123.30392456054688
v -23.046823501586914 26.299999237060547 123.69458770751953
v -20.726823806762695 26.299999237060547 109.63883209228516
v -16.238737106323242 26.299999237060547 110.43746948242188
v -8.1207494735717773 26.299999237060547 111.90167236328125
v -10.78447151184082 26.299999237060547 126.61354064941406
v 34.742015838623047 26.299999237060547 135.283203125
v 34.9793701171875 26.299999237060547 133.63264465332031
v 40.026218414306641 26.299999237060547 134.50454711914062
v 44.180728912353516 26.299999237060547 118.3978271484375
v 44.719623565673828 26.299999237060547 116.29514312744141
v 45.884307861328125 26.299999237060547 116.63916015625
v 56.749317169189453 26.299999237060547 77.658348083496094
v 12.466055870056152 26.299999237060547 70.1978759765625
v -0.75518274307250977 26.299999237060547 67.960182189941406
v -0.96461021900177002 26.299999237060547 71.741706848144531
v -1.0307023525238037 26.299999237060547 72.98333740234375
v -0.63122552633285522 26.299999237060547 72.978263854980469
v -6.2322239875793457 26.299999237060547 103.57176208496094
v -6.5506315231323242 26.299999237060547 103.51729583740234
v -7.5873498916625977 26.299999237060547 109.20330810546875
v -16.948125839233398 26.299999237060547 107.49111938476562
v -22.960779190063477 26.299999237060547 106.401123046875
v -23.103116989135742 26.299999237060547 107.17457580566406
v -48.454261779785156 26.299999237060547 102.68174743652344
v -48.272808074951172 26.299999237060547 94.984733581542969
v -47.647251129150391 26.299999237060547 68.528068542480469
v -57.036216735839844 26.299999237060547 68.227264404296875
v -57.094917297363281 26.299999237060547 69.193016052246094
v -59.325965881347656 26.299999237060547 69.04400634765625
v -59.313114166259766 26.299999237060547 67.754409790039062
v -65.931419372558594 26.299999237060547 67.448478698730469
v -67.113838195800781 26.299999237060547 109.44345855712891
v -64.734954833984375 26.299999237060547 109.61075592041016
v -66.300338745117188 26.299999237060547 118.21073913574219
vt 0 0
vt 0 0.55039620399475098
vt 0.02777777798473835 0
vt 0.02777777798473835 0.55039620399475098
vt 0.02777777798473835 0
vt 0.02777777798473835 0.55039620399475098
vt 0.0555555559694767 0
vt 0.0555555559694767 0.55039620399475098
vt 0.0555555559694767 0
vt 0.0555555559694767 0.55039620399475098
vt 0.083333335816860199 0
vt 0.083333335816860199 0.55039620399475098
vt 0.083333335816860199 0
vt 0.083333335816860199 0.55039620399475098
vt 0.1111111119389534 0
vt 0.1111111119389534 0.55039620399475098
vt 0.1388888955116272 0
vt 0.1388888955116272 0.55039620399475098
vt 0.1388888955116272 0
vt 0.1388888955116272 0.55039620399475098
vt 0.1666666716337204 0
vt 0.1666666716337204 0.55039620399475098
vt 0.1666666716337204 0
vt 0.1666666716337204 0.55039620399475098
vt 0.1944444477558136 0
vt 0.1944444477558136 0.55039620399475098
vt 0.1944444477558136 0
vt 0.1944444477558136 0.55039620399475098
vt 0.2222222238779068 0
vt 0.2222222238779068 0.55039620399475098
vt 0.2222222238779068 0
vt 0.2222222238779068 0.55039620399475098
vt 0.25 0
vt 0.25 0.55039620399475098
vt 0.25 0
vt 0.25 0.55039620399475098
vt 0.27777779102325439 0
vt 0.27777779102325439 0.55039620399475098
vt 0.3055555522441864 0
vt 0.3055555522441864 0.55039620399475098
vt 0.3055555522441864 0
vt 0.3055555522441864 0.55039620399475098
vt 0.3333333432674408 0
vt 0.3333333432674408 0.55039620399475098
vt 0.3333333432674408 0
vt 0.3333333432674408 0.55039620399475098
vt 0.3611111044883728 0
vt 0.3611111044883728 0.55039620399475098
vt 0.3611111044883728 0
vt 0.3611111044883728 0.55039620399475098
vt 0.3888888955116272 0
vt 0.3888888955116272 0.55039620399475098
vt 0.4166666567325592 0
vt 0.4166666567325592 0.55039620399475098
vt 0.4166666567325592 0
vt 0.4166666567325592 0.55039620399475098
vt 0.4444444477558136 0
vt 0.4444444477558136 0.55039620399475098
vt 0.47222220897674561 0
vt 0.47222220897674561 0.55039620399475098
vt 0.47222220897674561 0
vt 0.47222220897674561 0.55039620399475098
vt 0.5 0
vt 0.5 0.55039620399475098
vt 0.5 0
vt 0.5 0.55039620399475098
vt 0.52777779102325439 0
vt 0.52777779102325439 0.55039620399475098
vt 0.52777779102325439 0
vt 0.52777779102325439 0.55039620399475098
vt 0.55555558204650879 0
vt 0.55555558204650879 0.55039620399475098
vt 0.55555558204650879 0
vt 0.55555558204650879 0.55039620399475098
vt 0.58333331346511841 0
vt 0.58333331346511841 0.55039620399475098
vt 0.58333331346511841 0
vt 0.58333331346511841 0.55039620399475098
vt 0.6111111044883728 0
vt 0.6111111044883728 0.55039620399475098
vt 0.6388888955116272 0
vt 0.6388888955116272 0.55039620399475098
vt 0.6388888955116272 0
vt 0.6388888955116272 0.55039620399475098
vt 0.66666668653488159 0
vt 0.66666668653488159 0.55039620399475098
vt 0.66666668653488159 0
vt 0.66666668653488159 0.55039620399475098
vt 0.69444441795349121 0
vt 0.69444441795349121 0.55039620399475098
vt 0.69444441795349121 0
vt 0.69444441795349121 0.55039620399475098
vt 0.72222220897674561 0
vt 0.72222220897674561 0.55039620399475098
vt 0.75 0
vt 0.75 0.55039620399475098
vt 0.75 0
vt 0.75 0.55039620399475098
vt 0.77777779102325439 0
vt 0.77777779102325439 0.55039620399475098
vt 0.77777779102325439 0
vt 0.77777779102325439 0.55039620399475098
vt 0.80555558204650879 0
vt 0.80555558204650879 0.55039620399475098
vt 0.80555558204650879 0
vt 0.80555558204650879 0.55039620399475098
vt 0.83333331346511841 0
vt 0.83333331346511841 0.55039620399475098
vt 0.83333331346511841 0
vt 0.83333331346511841 0.55039620399475098
vt 0.8611111044883728 0
vt 0.8611111044883728 0.55039620399475098
vt 0.8611111044883728 0
vt 0.8611111044883728 0.55039620399475098
vt 0.8888888955116272 0
vt 0.8888888955116272 0.55039620399475098
vt 0.8888888955116272 0
vt 0.8888888955116272 0.55039620399475098
vt 0.91666668653488159 0
vt 0.91666668653488159 0.55039620399475098
vt 0.91666668653488159 0
vt 0.91666668653488159 0.55039620399475098
vt 0.94444441795349121 0
vt 0.94444441795349121 0.55039620399475098
vt 0.94444441795349121 0
vt 0.94444441795349121 0.55039620399475098
vt 0.97222220897674561 0
vt 0.97222220897674561 0.55039620399475098
vt 0.97222220897674561 0
vt 0.97222220897674561 0.55039620399475098
vt 1 0
vt 1 0.55039620399475098
vt 0.060489792376756668 0.81878453493118286
vt 0.063935406506061554 0.81287211179733276
vt 0.069075226783752441 0.82145971059799194
vt 0.091868378221988678 0.78378552198410034
vt 0.09873034805059433 0.79658001661300659
vt 0.11111605912446976 0.81978261470794678
vt 0.086843259632587433 0.85867249965667725
vt 0.15569397807121277 0.99019765853881836
vt 0.15830862522125244 0.98569273948669434
vt 0.16605973243713379 1
vt 0.1948201060295105 0.96027845144271851
vt 0.19856858253479004 0.95508491992950439
vt 0.20016737282276154 0.95882374048233032
vt 0.27120301127433777 0.86456018686294556
vt 0.20293891429901123 0.73960322141647339
vt 0.18257163465023041 0.70226448774337769
vt 0.17717170715332031 0.71335667371749878
vt 0.17540338635444641 0.71700489521026611
vt 0.17611546814441681 0.71791058778762817
vt 0.12553088366985321 0.79864007234573364
vt 0.12504115700721741 0.79773908853530884
vt 0.11564718931913376 0.81275308132171631
vt 0.10139704495668411 0.78592544794082642
vt 0.092230819165706635 0.76872330904006958
vt 0.090950652956962585 0.77076262235641479
vt 0.052166171371936798 0.69854849576950073
vt 0.062725074589252472 0.67540657520294189
vt 0.099022068083286285 0.59586608409881592
vt 0.082844726741313934 0.57329362630844116
vt 0.081456445157527924 0.57611441612243652
vt 0.077715449035167694 0.57051330804824829
vt 0.079453557729721069 0.56659555435180664
vt 0.068174995481967926 0.55039674043655396
vt 0.010225837118923664 0.67621546983718872
vt 0.014203529804944992 0.68221348524093628
vt 0 0.70492786169052124
vt 0.060489792376756668 0.73161220550537109
vt 0.063935406506061554 0.73752462863922119
vt 0.069075226783752441 0.72893702983856201
vt 0.091868378221988678 0.76661121845245361
vt 0.09873034805059433 0.75381672382354736
vt 0.11111605912446976 0.73061412572860718
vt 0.086843259632587433 0.69172430038452148
vt 0.15569397807121277 0.5601990818977356
vt 0.15830862522125244 0.56470400094985962
vt 0.16605973243713379 0.55039674043655396
vt 0.1948201060295105 0.59011834859848022
vt 0.19856858253479004 0.59531188011169434
vt 0.20016737282276154 0.59157299995422363
vt 0.27120301127433777 0.68583661317825317
vt 0.20293891429901123 0.81079351902008057
vt 0.18257163465023041 0.84813225269317627
vt 0.17717170715332031 0.83704006671905518
vt 0.17540338635444641 0.83339184522628784
vt 0.17611546814441681 0.83248621225357056
vt 0.12553088366985321 0.75175666809082031
vt 0.12504115700721741 0.75265765190124512
vt 0.11564718931913376 0.73764371871948242
vt 0.10139704495668411 0.76447135210037231
vt 0.092230819165706635 0.78167343139648438
vt 0.090950652956962585 0.77963417768478394
vt 0.052166171371936798 0.85184824466705322
vt 0.062725074589252472 0.87499016523361206
vt 0.099022068083286285 0.95453071594238281
vt 0.082844726741313934 0.97710311412811279
vt 0.081456445157527924 0.97428238391876221
vt 0.077715449035167694 0.97988343238830566
vt 0.079453557729721069 0.98380124568939209
vt 0.068174995481967926 1
vt 0.010225837118923664 0.87418127059936523
vt 0.014203529804944992 0.86818331480026245
vt 0 0.84546887874603271
vn 0.989524245262146 0 0.14436674118041992
vn 0.989524245262146 0 0.14436674118041992
vn 0.989524245262146 0 0.14436674118041992
vn 0.989524245262146 0 0.14436674118041992
vn -0.1209830567240715 0 0.99265456199645996
vn -0.1209830567240715 0 0.99265456199645996
vn -0.1209830567240715 0 0.99265456199645996
vn -0.1209830567240715 0 0.99265456199645996
vn 0.98665028810501099 0 0.16285344958305359
vn 0.98665028810501099 0 0.16285344958305359
vn 0.98665028810501099 0 0.16285344958305359
vn 0.98665028810501099 0 0.16285344958305359
vn -0.17519444227218628 0 0.98453384637832642
vn -0.17519444227218628 0 0.98453384637832642
vn -0.17750075459480286 0 0.98412066698074341
vn -0.17750075459480286 0 0.98412066698074341
vn -0.17750075459480286 0 0.98412066698074341
vn -0.17750075459480286 0 0.98412066698074341
vn -0.9840010404586792 0 -0.17816261947154999
vn -0.9840010404586792 0 -0.17816261947154999
vn -0.9840010404586792 0 -0.17816261947154999
vn -0.9840010404586792 0 -0.17816261947154999
vn -0.18706941604614258 0 0.98234671354293823
vn -0.18706941604614258 0 0.98234671354293823
vn -0.18706941604614258 0 0.98234671354293823
vn -0.18706941604614258 0 0.98234671354293823
vn 0.98981779813766479 0 0.14234016835689545
vn 0.98981779813766479 0 0.14234016835689545
vn 0.98981779813766479 0 0.14234016835689545
vn 0.98981779813766479 0 0.14234016835689545
vn -0.17023743689060211 0 0.98540306091308594
vn -0.17023743689060211 0 0.98540306091308594
vn -0.17023743689060211 0 0.98540306091308594
vn -0.17023743689060211 0 0.98540306091308594
vn 0.96830731630325317 0 0.24976183474063873
vn 0.96830731630325317 0 0.24976183474063873
vn 0.96869248151779175 0 0.24826374650001526
vn 0.96869248151779175 0 0.24826374650001526
vn 0.96869248151779175 0 0.24826374650001526
vn 0.96869248151779175 0 0.24826374650001526
vn -0.28327402472496033 0 0.95903903245925903
vn -0.28327402472496033 0 0.95903903245925903
vn -0.28327402472496033 0 0.95903903245925903
vn -0.28327402472496033 0 0.95903903245925903
vn 0.96328169107437134 0 0.26849275827407837
vn 0.96328169107437134 0 0.26849275827407837
vn 0.96328169107437134 0 0.26849275827407837
vn 0.96328169107437134 0 0.26849275827407837
vn 0.16613052785396576 0 -0.98610377311706543
vn 0.16613052785396576 0 -0.98610377311706543
vn 0.16687694191932678 0 -0.98597770929336548
vn 0.16687694191932678 0 -0.98597770929336548
vn 0.16687694191932678 0 -0.98597770929336548
vn 0.16687694191932678 0 -0.98597770929336548
vn -0.99846994876861572 0 -0.055296991020441055
vn -0.99846994876861572 0 -0.055296991020441055
vn -0.99858629703521729 0 -0.053154706954956055
vn -0.99858629703521729 0 -0.053154706954956055
vn -0.99858629703521729 0 -0.053154706954956055
vn -0.99858629703521729 0 -0.053154706954956055
vn 0.012703473679721355 0 0.99991929531097412
vn 0.012703473679721355 0 0.99991929531097412
vn 0.012703473679721355 0 0.99991929531097412
vn 0.012703473679721355 0 0.99991929531097412
vn -0.98365104198455811 0 -0.1800849437713623
vn -0.98365104198455811 0 -0.1800849437713623
vn -0.98365104198455811 0 -0.1800849437713623
vn -0.98365104198455811 0 -0.1800849437713623
vn 0.16861401498317719 0 -0.98568212985992432
vn 0.16861401498317719 0 -0.98568212985992432
vn 0.16861401498317719 0 -0.98568212985992432
vn 0.16861401498317719 0 -0.98568212985992432
vn -0.98378157615661621 0 -0.17937067151069641
vn -0.98378157615661621 0 -0.17937067151069641
vn -0.98378157615661621 0 -0.17937067151069641
vn -0.98378157615661621 0 -0.17937067151069641
vn 0.17992626130580902 0 -0.9836801290512085
vn 0.17992626130580902 0 -0.9836801290512085
vn 0.17837700247764587 0 -0.98396223783493042
vn 0.17837700247764587 0 -0.98396223783493042
vn 0.17837700247764587 0 -0.98396223783493042
vn 0.17837700247764587 0 -0.98396223783493042
vn -0.98348492383956909 0 -0.18099021911621094
vn -0.98348492383956909 0 -0.18099021911621094
vn -0.98348492383956909 0 -0.18099021911621094
vn -0.98348492383956909 0 -0.18099021911621094
vn 0.17450444400310516 0 -0.98465639352798462
vn 0.17450444400310516 0 -0.98465639352798462
vn 0.17450444400310516 0 -0.98465639352798462
vn 0.17450444400310516 0 -0.98465639352798462
vn 0.99972224235534668 0 0.023567879572510719
vn 0.99972224235534668 0 0.023567879572510719
vn 0.99972057342529297 0 0.023638041689991951
vn 0.99972057342529297 0 0.023638041689991951
vn 0.99972057342529297 0 0.023638041689991951
vn 0.99972057342529297 0 0.023638041689991951
vn 0.032021570950746536 0 -0.99948716163635254
vn 0.032021570950746536 0 -0.99948716163635254
vn 0.032021570950746536 0 -0.99948716163635254
vn 0.032021570950746536 0 -0.99948716163635254
vn -0.998157799243927 0 -0.060671105980873108
vn -0.998157799243927 0 -0.060671105980873108
vn -0.998157799243927 0 -0.060671105980873108
vn -0.998157799243927 0 -0.060671105980873108
vn 0.066640101373195648 0 -0.99777710437774658
vn 0.066640101373195648 0 -0.99777710437774658
vn 0.066640101373195648 0 -0.99777710437774658
vn 0.066640101373195648 0 -0.99777710437774658
vn 0.9999503493309021 0 0.0099645871669054031
vn 0.9999503493309021 0 0.0099645871669054031
vn 0.9999503493309021 0 0.0099645871669054031
vn 0.9999503493309021 0 0.0099645871669054031
vn 0.046175245195627213 0 -0.99893337488174438
vn 0.046175245195627213 0 -0.99893337488174438
vn 0.046175245195627213 0 -0.99893337488174438
vn 0.046175245195627213 0 -0.99893337488174438
vn -0.99960386753082275 0 -0.028144927695393562
vn -0.99960386753082275 0 -0.028144927695393562
vn -0.99960386753082275 0 -0.028144927695393562
vn -0.99960386753082275 0 -0.028144927695393562
vn -0.070153772830963135 0 0.99753618240356445
vn -0.070153772830963135 0 0.99753618240356445
vn -0.070153772830963135 0 0.99753618240356445
vn -0.070153772830963135 0 0.99753618240356445
vn -0.98383468389511108 0 -0.17907911539077759
vn -0.98383468389511108 0 -0.17907911539077759
vn -0.98383468389511108 0 -0.17907911539077759
vn -0.98383468389511108 0 -0.17907911539077759
vn -0.17982813715934753 0 0.98369807004928589
vn -0.17982813715934753 0 0.98369807004928589
vn -0.17982813715934753 0 0.98369807004928589
vn -0.17982813715934753 0 0.98369807004928589
vn 0 -1 0
vn 0 -1 0
vn 0 -1 0
vn 0 -1 0
vn 0 -1 0
vn 0 -1 0
vn 0 -1 0
vn 0 -1 0
vn 0 -1 0
vn 0 -1 0
vn 0 -1 0
vn 0 -1 0
vn 0 -1 0
vn 0 -1 0
vn 0 -1 0
vn 0 -1 0
vn 0 -1 0
vn 0 -1 0
vn 0 -1 0
vn 0 -1 0
vn 0 -1 0
vn 0 -1 0
vn 0 -1 0
vn 0 -1 0
vn 0 -1 0
vn 0 -1 0
vn 0 -1 0
vn 0 -1 0
vn 0 -1 0
vn 0 -1 0
vn 0 -1 0
vn 0 -1 0
vn 0 -1 0
vn 0 -1 0
vn 0 -1 0
vn 0 -1 0
vn 0 1 0
vn 0 1 0
vn 0 1 0
vn 0 1 0
vn 0 1 0
vn 0 1 0
vn 0 1 0
vn 0 1 0
vn 0 1 0
vn 0 1 0
vn 0 1 0
vn 0 1 0
vn 0 1 0
vn 0 1 0
vn 0 1 0
vn 0 1 0
vn 0 1 0
vn 0 1 0
vn 0 1 0
vn 0 1 0
vn 0 1 0
vn 0 1 0
vn 0 1 0
vn 0 1 0
vn 0 1 0
vn 0 1 0
vn 0 1 0
vn 0 1 0
vn 0 1 0
vn 0 1 0
vn 0 1 0
vn 0 1 0
vn 0 1 0
vn 0 1 0
vn 0 1 0
vn 0 1 0
f 3683/3683/3683 3685/3685/3685 3686/3686/3686 3684/3684/3684
f 3687/3687/3687 3689/3689/3689 3690/3690/3690 3688/3688/3688
f 3691/3691/3691 3693/3693/3693 3694/3694/3694 3692/3692/3692
f 3695/3695/3695 3697/3697/3697 3698/3698/3698 3696/3696/3696
f 3697/3697/3697 3699/3699/3699 3700/3700/3700 3698/3698/3698
f 3701/3701/3701 3703/3703/3703 3704/3704/3704 3702/3702/3702
f 3705/3705/3705 3707/3707/3707 3708/3708/3708 3706/3706/3706
f 3709/3709/3709 3711/3711/3711 3712/3712/3712 3710/3710/3710
f 3713/3713/3713 3715/3715/3715 3716/3716/3716 3714/3714/3714
f 3717/3717/3717 3719/3719/3719 3720/3720/3720 3718/3718/3718
f 3719/3719/3719 3721/3721/3721 3722/3722/3722 3720/3720/3720
f 3723/3723/3723 3725/3725/3725 3726/3726/3726 3724/3724/3724
f 3727/3727/3727 3729/3729/3729 3730/3730/3730 3728/3728/3728
f 3731/3731/3731 3733/3733/3733 3734/3734/3734 3732/3732/3732
f 3733/3733/3733 3735/3735/3735 3736/3736/3736 3734/3734/3734
f 3737/3737/3737 3739/3739/3739 3740/3740/3740 3738/3738/3738
f 3739/3739/3739 3741/3741/3741 3742/3742/3742 3740/3740/3740
f 3743/3743/3743 3745/3745/3745 3746/3746/3746 3744/3744/3744
f 3747/3747/3747 3749/3749/3749 3750/3750/3750 3748/3748/3748
f 3751/3751/3751 3753/3753/3753 3754/3754/3754 3752/3752/3752
f 3755/3755/3755 3757/3757/3757 3758/3758/3758 3756/3756/3756
f 3759/3759/3759 3761/3761/3761 3762/3762/3762 3760/3760/3760
f 3761/3761/3761 3763/3763/3763 3764/3764/3764 3762/3762/3762
f 3765/3765/3765 3767/3767/3767 3768/3768/3768 3766/3766/3766
f 3769/3769/3769 3771/3771/3771 3772/3772/3772 3770/3770/3770
f 3773/3773/3773 3775/3775/3775 3776/3776/3776 3774/3774/3774
f 3775/3775/3775 3777/3777/3777 3778/3778/3778 3776/3776/3776
f 3779/3779/3779 3781/3781/3781 3782/3782/3782 3780/3780/3780
f 3783/3783/3783 3785/3785/3785 3786/3786/3786 3784/3784/3784
f 3787/3787/3787 3789/3789/3789 3790/3790/3790 3788/3788/3788
f 3791/3791/3791 3793/3793/3793 3794/3794/3794 3792/3792/3792
f 3795/3795/3795 3797/3797/3797 3798/3798/3798 3796/3796/3796
f 3799/3799/3799 3801/3801/3801 3802/3802/3802 3800/3800/3800
f 3803/3803/3803 3805/3805/3805 3806/3806/3806 3804/3804/3804
f 3807/3807/3807 3809/3809/3809 3810/3810/3810 3808/3808/3808
f 3811/3811/3811 3813/3813/3813 3814/3814/3814 3812/3812/3812
f 3840/3840/3840 3816/3816/3816 3815/3815/3815
f 3850/3850/3850 3840/3840/3840 3815/3815/3815
f 3818/3818/3818 3817/3817/3817 3816/3816/3816
f 3838/3838/3838 3818/3818/3818 3839/3839/3839
f 3818/3818/3818 3816/3816/3816 3839/3839/3839
f 3818/3818/3818 3838/3838/3838 3837/3837/3837
f 3839/3839/3839 3816/3816/3816 3840/3840/3840
f 3841/3841/3841 3840/3840/3840 3849/3849/3849
f 3850/3850/3850 3849/3849/3849 3840/3840/3840
f 3847/3847/3847 3841/3841/3841 3848/3848/3848
f 3849/3849/3849 3848/3848/3848 3841/3841/3841
f 3841/3841/3841 3844/3844/3844 3842/3842/3842
f 3846/3846/3846 3845/3845/3845 3847/3847/3847
f 3841/3841/3841 3847/3847/3847 3845/3845/3845
f 3841/3841/3841 3845/3845/3845 3844/3844/3844
f 3843/3843/3843 3842/3842/3842 3844/3844/3844
f 3819/3819/3819 3818/3818/3818 3837/3837/3837
f 3821/3821/3821 3820/3820/3820 3823/3823/3823
f 3819/3819/3819 3837/3837/3837 3836/3836/3836
f 3823/3823/3823 3820/3820/3820 3836/3836/3836
f 3836/3836/3836 3825/3825/3825 3823/3823/3823
f 3820/3820/3820 3819/3819/3819 3836/3836/3836
f 3834/3834/3834 3825/3825/3825 3836/3836/3836
f 3828/3828/3828 3827/3827/3827 3826/3826/3826
f 3826/3826/3826 3825/3825/3825 3834/3834/3834
f 3824/3824/3824 3823/3823/3823 3825/3825/3825
f 3828/3828/3828 3826/3826/3826 3829/3829/3829
f 3834/3834/3834 3836/3836/3836 3835/3835/3835
f 3831/3831/3831 3829/3829/3829 3833/3833/3833
f 3834/3834/3834 3833/3833/3833 3829/3829/3829
f 3832/3832/3832 3831/3831/3831 3833/3833/3833
f 3830/3830/3830 3829/3829/3829 3831/3831/3831
f 3829/3829/3829 3826/3826/3826 3834/3834/3834
f 3823/3823/3823 3822/3822/3822 3821/3821/3821
f 3876/3876/3876 3851/3851/3851 3852/3852/3852
f 3886/3886/3886 3851/3851/3851 3876/3876/3876
f 3854/3854/3854 3852/3852/3852 3853/3853/3853
f 3874/3874/3874 3875/3875/3875 3854/3854/3854
f 3854/3854/3854 3875/3875/3875 3852/3852/3852
f 3854/3854/3854 3873/3873/3873 3874/3874/3874
f 3875/3875/3875 3876/3876/3876 3852/3852/3852
f 3877/3877/3877 3885/3885/3885 3876/3876/3876
f 3886/3886/3886 3876/3876/3876 3885/3885/3885
f 3883/3883/3883 3884/3884/3884 3877/3877/3877
f 3885/3885/3885 3877/3877/3877 3884/3884/3884
f 3877/3877/3877 3878/3878/3878 3880/3880/3880
f 3882/3882/3882 3883/3883/3883 3881/3881/3881
f 3877/3877/3877 3881/3881/3881 3883/3883/3883
f 3877/3877/3877 3880/3880/3880 3881/3881/3881
f 3879/3879/3879 3880/3880/3880 3878/3878/3878
f 3855/3855/3855 3873/3873/3873 3854/3854/3854
f 3857/3857/3857 3859/3859/3859 3856/3856/3856
f 3855/3855/3855 3872/3872/3872 3873/3873/3873
f 3859/3859/3859 3872/3872/3872 3856/3856/3856
f 3872/3872/3872 3859/3859/3859 3861/3861/3861
f 3856/3856/3856 3872/3872/3872 3855/3855/3855
f 3870/3870/3870 3872/3872/3872 3861/3861/3861
f 3864/3864/3864 3862/3862/3862 3863/3863/3863
f 3862/3862/3862 3870/3870/3870 3861/3861/3861
f 3860/3860/3860 3861/3861/3861 3859/3859/3859
f 3864/3864/3864 3865/3865/3865 3862/3862/3862
f 3870/3870/3870 3871/3871/3871 3872/3872/3872
f 3867/3867/3867 3869/3869/3869 3865/3865/3865
f 3870/3870/3870 3865/3865/3865 3869/3869/3869
f 3868/3868/3868 3869/3869/3869 3867/3867/3867
f 3866/3866/3866 3867/3867/3867 3865/3865/3865
f 3865/3865/3865 3870/3870/3870 3862/3862/3862
f 3859/3859/3859 3857/3857/3857 3858/3858/3858
usemtl Default
v 26.899562835693359 0 -52.841648101806641
v 26.899562835693359 8.3999996185302734 -52.841648101806641
v 26.820783615112305 0 -74.544075012207031
v 26.820783615112305 8.3999996185302734 -74.544075012207031
v 26.820783615112305 0 -74.544075012207031
v 26.820783615112305 8.3999996185302734 -74.544075012207031
v 26.504213333129883 0 -74.530685424804688
v 26.504213333129883 8.3999996185302734 -74.530685424804688
v 26.504213333129883 0 -74.530685424804688
v 26.504213333129883 8.3999996185302734 -74.530685424804688
v 26.511137008666992 0 -78.860687255859375
v 26.511137008666992 8.3999996185302734 -78.860687255859375
v 26.511137008666992 0 -78.860687255859375
v 26.511137008666992 8.3999996185302734 -78.860687255859375
v 24.065505981445312 0 -78.909721374511719
v 24.065505981445312 8.3999996185302734 -78.909721374511719
v 24.065505981445312 0 -78.909721374511719
v 24.065505981445312 8.3999996185302734 -78.909721374511719
v 24.1025390625 0 -80.597686767578125
v 24.1025390625 8.3999996185302734 -80.597686767578125
v 24.1025390625 0 -80.597686767578125
v 24.1025390625 8.3999996185302734 -80.597686767578125
v 20.359809875488281 0 -80.674346923828125
v 20.359809875488281 8.3999996185302734 -80.674346923828125
v 20.359809875488281 0 -80.674346923828125
v 20.359809875488281 8.3999996185302734 -80.674346923828125
v 20.328281402587891 0 -78.9788818359375
v 20.328281402587891 8.3999996185302734 -78.9788818359375
v 20.328281402587891 0 -78.9788818359375
v 20.328281402587891 8.3999996185302734 -78.9788818359375
v 17.341581344604492 0 -79.045707702636719
v 17.341581344604492 8.3999996185302734 -79.045707702636719
v 17.341581344604492 0 -79.045707702636719
v 17.341581344604492 8.3999996185302734 -79.045707702636719
v 16.808078765869141 0 -52.715915679931641
v 16.808078765869141 8.3999996185302734 -52.715915679931641
v 16.808078765869141 0 -52.715915679931641
v 16.808078765869141 8.3999996185302734 -52.715915679931641
v 26.899562835693359 0 -52.841648101806641
v 26.899562835693359 8.3999996185302734 -52.841648101806641
v 26.899562835693359 0 -52.841648101806641
v 26.820783615112305 0 -74.544075012207031
v 26.504213333129883 0 -74.530685424804688
v 26.511137008666992 0 -78.860687255859375
v 24.065505981445312 0 -78.909721374511719
v 24.1025390625 0 -80.597686767578125
v 20.359809875488281 0 -80.674346923828125
v 20.328281402587891 0 -78.9788818359375
v 17.341581344604492 0 -79.045707702636719
v 16.808078765869141 0 -52.715915679931641
v 26.899562835693359 8.3999996185302734 -52.841648101806641
v 26.820783615112305 8.3999996185302734 -74.544075012207031
v 26.504213333129883 8.3999996185302734 -74.530685424804688
v 26.511137008666992 8.3999996185302734 -78.860687255859375
v 24.065505981445312 8.3999996185302734 -78.909721374511719
v 24.1025390625 8.3999996185302734 -80.597686767578125
v 20.359809875488281 8.3999996185302734 -80.674346923828125
v 20.328281402587891 8.3999996185302734 -78.9788818359375
v 17.341581344604492 8.3999996185302734 -79.045707702636719
v 16.808078765869141 8.3999996185302734 -52.715915679931641
vt 0 0
vt 0 0.57586163282394409
vt 0.10000000149011612 0
vt 0.10000000149011612 0.57586163282394409
vt 0.10000000149011612 0
vt 0.10000000149011612 0.57586163282394409
vt 0.20000000298023224 0
vt 0.20000000298023224 0.57586163282394409
vt 0.20000000298023224 0
vt 0.20000000298023224 0.57586163282394409
vt 0.30000001192092896 0
vt 0.30000001192092896 0.57586163282394409
vt 0.30000001192092896 0
vt 0.30000001192092896 0.57586163282394409
vt 0.40000000596046448 0
vt 0.40000000596046448 0.57586163282394409
vt 0.40000000596046448 0
vt 0.40000000596046448 0.57586163282394409
vt 0.5 0
vt 0.5 0.57586163282394409
vt 0.5 0
vt 0.5 0.57586163282394409
vt 0.60000002384185791 0
vt 0.60000002384185791 0.57586163282394409
vt 0.60000002384185791 0
vt 0.60000002384185791 0.57586163282394409
vt 0.69999998807907104 0
vt 0.69999998807907104 0.57586163282394409
vt 0.69999998807907104 0
vt 0.69999998807907104 0.57586163282394409
vt 0.80000001192092896 0
vt 0.80000001192092896 0.57586163282394409
vt 0.80000001192092896 0
vt 0.80000001192092896 0.57586163282394409
vt 0.89999997615814209 0
vt 0.89999997615814209 0.57586163282394409
vt 0.89999997615814209 0
vt 0.89999997615814209 0.57586163282394409
vt 1 0
vt 1 0.57586163282394409
vt 0.35414391756057739 0.85304927825927734
vt 0.12343494594097137 0.61831068992614746
vt 0.12104839831590652 0.62302321195602417
vt 0.075198881328105927 0.57586216926574707
vt 0.055145770311355591 0.61061102151870728
vt 0.037546440958976746 0.59173095226287842
vt 0.0068405396305024624 0.64489209651947021
vt 0.02456323429942131 0.66377419233322144
vt 0 0.70613539218902588
vt 0.27487596869468689 1
vt 0.35414391756057739 0.7228129506111145
vt 0.12343494594097137 0.95755147933959961
vt 0.12104839831590652 0.95283901691436768
vt 0.075198881328105927 1
vt 0.055145770311355591 0.96525114774703979
vt 0.037546440958976746 0.98413121700286865
vt 0.0068405396305024624 0.93097013235092163
vt 0.02456323429942131 0.91208797693252563
vt 0 0.86972683668136597
vt 0.27487596869468689 0.57586216926574707
vn 0.99999338388442993 0 -0.0036299694329500198
vn 0.99999338388442993 0 -0.0036299694329500198
vn 0.99999338388442993 0 -0.0036299694329500198
vn 0.99999338388442993 0 -0.0036299694329500198
vn -0.042245924472808838 0 -0.9991072416305542
vn -0.042245924472808838 0 -0.9991072416305542
vn -0.042245924472808838 0 -0.9991072416305542
vn -0.042245924472808838 0 -0.9991072416305542
vn 0.99999874830245972 0 0.0015992957632988691
vn 0.99999874830245972 0 0.0015992957632988691
vn 0.99999874830245972 0 0.0015992957632988691
vn 0.99999874830245972 0 0.0015992957632988691
vn 0.020044665783643723 0 -0.99979907274246216
vn 0.020044665783643723 0 -0.99979907274246216
vn 0.020044665783643723 0 -0.99979907274246216
vn 0.020044665783643723 0 -0.99979907274246216
vn 0.99975943565368652 0 0.021933367475867271
vn 0.99975943565368652 0 0.021933367475867271
vn 0.99975943565368652 0 0.021933367475867271
vn 0.99975943565368652 0 0.021933367475867271
vn 0.020476877689361572 0 -0.99979031085968018
vn 0.020476877689361572 0 -0.99979031085968018
vn 0.020476877689361572 0 -0.99979031085968018
vn 0.020476877689361572 0 -0.99979031085968018
vn -0.99982714653015137 0 -0.018593275919556618
vn -0.99982714653015137 0 -0.018593275919556618
vn -0.99982714653015137 0 -0.018593275919556618
vn -0.99982714653015137 0 -0.018593275919556618
vn 0.022367564961314201 0 -0.99974983930587769
vn 0.022367564961314201 0 -0.99974983930587769
vn 0.022367564961314201 0 -0.99974983930587769
vn 0.022367564961314201 0 -0.99974983930587769
vn -0.99979478120803833 0 -0.020258191972970963
vn -0.99979478120803833 0 -0.020258191972970963
vn -0.99979478120803833 0 -0.020258191972970963
vn -0.99979478120803833 0 -0.020258191972970963
vn 0.012458024546504021 0 0.99992239475250244
vn 0.012458024546504021 0 0.99992239475250244
vn 0.012458024546504021 0 0.99992239475250244
vn 0.012458024546504021 0 0.99992239475250244
vn 0 -1 0
vn 0 -1 0
vn 0 -1 0
vn 0 -1 0
vn 0 -1 0
vn 0 -1 0
vn 0 -1 0
vn 0 -1 0
vn 0 -1 0
vn 0 -1 0
vn 0 1 0
vn 0 1 0
vn 0 1 0
vn 0 1 0
vn 0 1 0
vn 0 1 0
vn 0 1 0
vn 0 1 0
vn 0 1 0
vn 0 1 0
f 3887/3887/3887 3889/3889/3889 3890/3890/3890 3888/3888/3888
f 3891/3891/3891 3893/3893/3893 3894/3894/3894 3892/3892/3892
f 3895/3895/3895 3897/3897/3897 3898/3898/3898 3896/3896/3896
f 3899/3899/3899 3901/3901/3901 3902/3902/3902 3900/3900/3900
f 3903/3903/3903 3905/3905/3905 3906/3906/3906 3904/3904/3904
f 3907/3907/3907 3909/3909/3909 3910/3910/3910 3908/3908/3908
f 3911/3911/3911 3913/3913/3913 3914/3914/3914 3912/3912/3912
f 3915/3915/3915 3917/3917/3917 3918/3918/3918 3916/3916/3916
f 3919/3919/3919 3921/3921/3921 3922/3922/3922 3920/3920/3920
f 3923/3923/3923 3925/3925/3925 3926/3926/3926 3924/3924/3924
f 3936/3936/3936 3935/3935/3935 3929/3929/3929
f 3935/3935/3935 3934/3934/3934 3929/3929/3929
f 3934/3934/3934 3933/3933/3933 3931/3931/3931
f 3927/3927/3927 3936/3936/3936 3929/3929/3929
f 3927/3927/3927 3929/3929/3929 3928/3928/3928
f 3929/3929/3929 3931/3931/3931 3930/3930/3930
f 3933/3933/3933 3932/3932/3932 3931/3931/3931
f 3934/3934/3934 3931/3931/3931 3929/3929/3929
f 3946/3946/3946 3939/3939/3939 3945/3945/3945
f 3945/3945/3945 3939/3939/3939 3944/3944/3944
f 3944/3944/3944 3941/3941/3941 3943/3943/3943
f 3937/3937/3937 3939/3939/3939 3946/3946/3946
f 3937/3937/3937 3938/3938/3938 3939/3939/3939
f 3939/3939/3939 3940/3940/3940 3941/3941/3941
f 3943/3943/3943 3941/3941/3941 3942/3942/3942
f 3944/3944/3944 3939/3939/3939 3941/3941/3941
usemtl Default
v 44.178123474121094 0 118.39073944091797
v 44.178123474121094 14 118.39073944091797
v 44.719623565673828 0 116.29514312744141
v 44.719623565673828 14 116.29514312744141
v 44.719623565673828 0 116.29514312744141
v 44.719623565673828 14 116.29514312744141
v 45.884307861328125 0 116.63916015625
v 45.884307861328125 14 116.63916015625
v 45.884307861328125 0 116.63916015625
v 45.884307861328125 14 116.63916015625
v 56.749317169189453 0 77.658348083496094
v 56.749317169189453 14 77.658348083496094
v 56.749317169189453 0 77.658348083496094
v 56.749317169189453 14 77.658348083496094
v 12.464071273803711 0 70.189529418945312
v 12.464071273803711 14 70.189529418945312
v 12.464071273803711 0 70.189529418945312
v 12.464071273803711 14 70.189529418945312
v 7.2485036849975586 0 93.668632507324219
v 7.2485036849975586 14 93.668632507324219
v 7.2485036849975586 0 93.668632507324219
v 7.2485036849975586 14 93.668632507324219
v 3.5800795555114746 0 103.50408935546875
v 3.5800795555114746 14 103.50408935546875
v 3.5800795555114746 0 103.50408935546875
v 3.5800795555114746 14 103.50408935546875
v 1.5970398187637329 0 110.75325775146484
v 1.5970398187637329 14 110.75325775146484
v 1.5970398187637329 0 110.75325775146484
v 1.5970398187637329 14 110.75325775146484
v 44.178123474121094 0 118.39073944091797
v 44.178123474121094 14 118.39073944091797
v 44.178123474121094 0 118.39073944091797
v 44.719623565673828 0 116.29514312744141
v 45.884307861328125 0 116.63916015625
v 56.749317169189453 0 77.658348083496094
v 12.464071273803711 0 70.189529418945312
v 7.2485036849975586 0 93.668632507324219
v 3.5800795555114746 0 103.50408935546875
v 1.5970398187637329 0 110.75325775146484
v 44.178123474121094 14 118.39073944091797
v 44.719623565673828 14 116.29514312744141
v 45.884307861328125 14 116.63916015625
v 56.749317169189453 14 77.658348083496094
v 12.464071273803711 14 70.189529418945312
v 7.2485036849975586 14 93.668632507324219
v 3.5800795555114746 14 103.50408935546875
v 1.5970398187637329 14 110.75325775146484
vt 0 0
vt 0 0.55419468879699707
vt 0.125 0
vt 0.125 0.55419468879699707
vt 0.125 0
vt 0.125 0.55419468879699707
vt 0.25 0
vt 0.25 0.55419468879699707
vt 0.25 0
vt 0.25 0.55419468879699707
vt 0.375 0
vt 0.375 0.55419468879699707
vt 0.375 0
vt 0.375 0.55419468879699707
vt 0.5 0
vt 0.5 0.55419468879699707
vt 0.5 0
vt 0.5 0.55419468879699707
vt 0.625 0
vt 0.625 0.55419468879699707
vt 0.625 0
vt 0.625 0.55419468879699707
vt 0.75 0
vt 0.75 0.55419468879699707
vt 0.75 0
vt 0.75 0.55419468879699707
vt 0.875 0
vt 0.875 0.55419468879699707
vt 0.875 0
vt 0.875 0.55419468879699707
vt 1 0
vt 1 0.55419468879699707
vt 0.1689668595790863 1
vt 0.17869493365287781 0.98956418037414551
vt 0.18284951150417328 0.99711734056472778
vt 0.36743998527526855 0.80668950080871582
vt 0.19007126986980438 0.55419522523880005
vt 0.084984056651592255 0.67508459091186523
vt 0.034155815839767456 0.71881377696990967
vt 0 0.75440192222595215
vt 0.1689668595790863 0.55419522523880005
vt 0.17869493365287781 0.56463104486465454
vt 0.18284951150417328 0.55707794427871704
vt 0.36743998527526855 0.747505784034729
vt 0.19007126986980438 1
vt 0.084984056651592255 0.87911063432693481
vt 0.034155815839767456 0.83538144826889038
vt 0 0.7997933030128479
vn 0.96819907426834106 0 0.25018104910850525
vn 0.96819907426834106 0 0.25018104910850525
vn 0.96819907426834106 0 0.25018104910850525
vn 0.96819907426834106 0 0.25018104910850525
vn -0.28327402472496033 0 0.95903903245925903
vn -0.28327402472496033 0 0.95903903245925903
vn -0.28327402472496033 0 0.95903903245925903
vn -0.28327402472496033 0 0.95903903245925903
vn 0.96328169107437134 0 0.26849275827407837
vn 0.96328169107437134 0 0.26849275827407837
vn 0.96328169107437134 0 0.26849275827407837
vn 0.96328169107437134 0 0.26849275827407837
vn 0.16630399227142334 0 -0.98607450723648071
vn 0.16630399227142334 0 -0.98607450723648071
vn 0.16630399227142334 0 -0.98607450723648071
vn 0.16630399227142334 0 -0.98607450723648071
vn -0.97620475292205811 0 -0.21685074269771576
vn -0.97620475292205811 0 -0.21685074269771576
vn -0.97620475292205811 0 -0.21685074269771576
vn -0.97620475292205811 0 -0.21685074269771576
vn -0.93695002794265747 0 -0.34946343302726746
vn -0.93695002794265747 0 -0.34946343302726746
vn -0.93695002794265747 0 -0.34946343302726746
vn -0.93695002794265747 0 -0.34946343302726746
vn -0.9645611047744751 0 -0.26385948061943054
vn -0.9645611047744751 0 -0.26385948061943054
vn -0.9645611047744751 0 -0.26385948061943054
vn -0.9645611047744751 0 -0.26385948061943054
vn -0.17654581367969513 0 0.98429244756698608
vn -0.17654581367969513 0 0.98429244756698608
vn -0.17654581367969513 0 0.98429244756698608
vn -0.17654581367969513 0 0.98429244756698608
vn 0 -1 0
vn 0 -1 0
vn 0 -1 0
vn 0 -1 0
vn 0 -1 0
vn 0 -1 0
vn 0 -1 0
vn 0 -1 0
vn 0 1 0
vn 0 1 0
vn 0 1 0
vn 0 1 0
vn 0 1 0
vn 0 1 0
vn 0 1 0
vn 0 1 0
f 3947/3947/3947 3949/3949/3949 3950/3950/3950 3948/3948/3948
f 3951/3951/3951 3953/3953/3953 3954/3954/3954 3952/3952/3952
f 3955/3955/3955 3957/3957/3957 3958/3958/3958 3956/3956/3956
f 3959/3959/3959 3961/3961/3961 3962/3962/3962 3960/3960/3960
f 3963/3963/3963 3965/3965/3965 3966/3966/3966 3964/3964/3964
f 3967/3967/3967 3969/3969/3969 3970/3970/3970 3968/3968/3968
f 3971/3971/3971 3973/3973/3973 3974/3974/3974 3972/3972/3972
f 3975/3975/3975 3977/3977/3977 3978/3978/3978 3976/3976/3976
f 3985/3985/3985 3979/3979/3979 3986/3986/3986
f 3985/3985/3985 3984/3984/3984 3980/3980/3980
f 3980/3980/3980 3979/3979/3979 3985/3985/3985
f 3982/3982/3982 3981/3981/3981 3980/3980/3980
f 3982/3982/3982 3984/3984/3984 3983/3983/3983
f 3980/3980/3980 3984/3984/3984 3982/3982/3982
f 3993/3993/3993 3994/3994/3994 3987/3987/3987
f 3993/3993/3993 3988/3988/3988 3992/3992/3992
f 3988/3988/3988 3993/3993/3993 3987/3987/3987
f 3990/3990/3990 3988/3988/3988 3989/3989/3989
f 3990/3990/3990 3991/3991/3991 3992/3992/3992
f 3988/3988/3988 3990/3990/3990 3992/3992/3992
usemtl Default
v -54.764053344726562 -1.4795622825622559 208.5068359375
v -54.764053344726562 3.444873275526561E-10 208.5068359375
v 186.18040466308594 -1.4795622825622559 26.983913421630859
v 186.18040466308594 3.444873275526561E-10 26.983913421630859
v 186.18040466308594 -1.4795622825622559 26.983913421630859
v 186.18040466308594 3.444873275526561E-10 26.983913421630859
v 28.011463165283203 -1.4795622825622559 -182.96163940429688
v 28.011463165283203 3.444873275526561E-10 -182.96163940429688
v 28.011463165283203 -1.4795622825622559 -182.96163940429688
v 28.011463165283203 3.444873275526561E-10 -182.96163940429688
v -212.93299865722656 -1.4795622825622559 -1.4387223720550537
v -212.93299865722656 3.444873275526561E-10 -1.4387223720550537
v -212.93299865722656 -1.4795622825622559 -1.4387223720550537
v -212.93299865722656 3.444873275526561E-10 -1.4387223720550537
v -54.764053344726562 -1.4795622825622559 208.5068359375
v -54.764053344726562 3.444873275526561E-10 208.5068359375
v -54.764053344726562 -1.4795622825622559 208.5068359375
v 186.18040466308594 -1.4795622825622559 26.983913421630859
v 28.011463165283203 -1.4795622825622559 -182.96163940429688
v -212.93299865722656 -1.4795622825622559 -1.4387223720550537
v -54.764053344726562 3.444873275526561E-10 208.5068359375
v 186.18040466308594 3.444873275526561E-10 26.983913421630859
v 28.011463165283203 3.444873275526561E-10 -182.96163940429688
v -212.93299865722656 3.444873275526561E-10 -1.4387223720550537
vt 0 0
vt 0 0.50140297412872314
vt 0.26718762516975403 0
vt 0.26718762516975403 0.50140297412872314
vt 0.26718762516975403 0
vt 0.26718762516975403 0.50140297412872314
vt 0.5 0
vt 0.5 0.50140297412872314
vt 0.5 0
vt 0.5 0.50140297412872314
vt 0.76718759536743164 0
vt 0.76718759536743164 0.50140297412872314
vt 0.76718759536743164 0
vt 0.76718759536743164 0.50140297412872314
vt 1 0
vt 1 0.50140297412872314
vt 0 1
vt 0.26718762516975403 1
vt 0.26718762516975403 0.50140351057052612
vt 0 0.50140351057052612
vt 0.73281240463256836 0.50140351057052612
vt 1 0.50140351057052612
vt 1 1
vt 0.73281240463256836 1
vn 0.60172677040100098 0 0.79870200157165527
vn 0.60172677040100098 0 0.79870200157165527
vn 0.60172677040100098 0 0.79870200157165527
vn 0.60172677040100098 0 0.79870200157165527
vn 0.79870200157165527 0 -0.60172677040100098
vn 0.79870200157165527 0 -0.60172677040100098
vn 0.79870200157165527 0 -0.60172677040100098
vn 0.79870200157165527 0 -0.60172677040100098
vn -0.60172677040100098 0 -0.79870200157165527
vn -0.60172677040100098 0 -0.79870200157165527
vn -0.60172677040100098 0 -0.79870200157165527
vn -0.60172677040100098 0 -0.79870200157165527
vn -0.79870200157165527 0 0.60172677040100098
vn -0.79870200157165527 0 0.60172677040100098
vn -0.79870200157165527 0 0.60172677040100098
vn -0.79870200157165527 0 0.60172677040100098
vn 0 -1 0
vn 0 -1 0
vn 0 -1 0
vn 0 -1 0
vn 0 1 0
vn 0 1 0
vn 0 1 0
vn 0 1 0
f 3995/3995/3995 3997/3997/3997 3998/3998/3998 3996/3996/3996
f 3999/3999/3999 4001/4001/4001 4002/4002/4002 4000/4000/4000
f 4003/4003/4003 4005/4005/4005 4006/4006/4006 4004/4004/4004
f 4007/4007/4007 4009/4009/4009 4010/4010/4010 4008/4008/4008
f 4012/4012/4012 4011/4011/4011 4014/4014/4014
f 4014/4014/4014 4013/4013/4013 4012/4012/4012
f 4016/4016/4016 4018/4018/4018 4015/4015/4015
f 4018/4018/4018 4016/4016/4016 4017/4017/4017
usemtl Default
v 65.954452514648438 0 -75.610122680664062
v 65.954452514648438 19.5 -75.610122680664062
v 63.964511871337891 0 -106.02948760986328
v 63.964511871337891 19.5 -106.02948760986328
v 63.964511871337891 0 -106.02948760986328
v 63.964511871337891 19.5 -106.02948760986328
v 27.826629638671875 0 -105.11902618408203
v 27.826629638671875 19.5 -105.11902618408203
v 27.826629638671875 0 -105.11902618408203
v 27.826629638671875 19.5 -105.11902618408203
v 28.469964981079102 0 -81.095191955566406
v 28.469964981079102 19.5 -81.095191955566406
v 28.635105133056641 0 -74.596481323242188
v 28.635105133056641 19.5 -74.596481323242188
v 28.635105133056641 0 -74.596481323242188
v 28.635105133056641 19.5 -74.596481323242188
v 65.954452514648438 0 -75.610122680664062
v 65.954452514648438 19.5 -75.610122680664062
v 65.954452514648438 0 -75.610122680664062
v 63.964511871337891 0 -106.02948760986328
v 27.826629638671875 0 -105.11902618408203
v 28.469964981079102 0 -81.095191955566406
v 28.635105133056641 0 -74.596481323242188
v 65.954452514648438 19.5 -75.610122680664062
v 63.964511871337891 19.5 -106.02948760986328
v 27.826629638671875 19.5 -105.11902618408203
v 28.469964981079102 19.5 -81.095191955566406
v 28.635105133056641 19.5 -74.596481323242188
vt 0 0
vt 0 0.58664882183074951
vt 0.20000000298023224 0
vt 0.20000000298023224 0.58664882183074951
vt 0.20000000298023224 0
vt 0.20000000298023224 0.58664882183074951
vt 0.40000000596046448 0
vt 0.40000000596046448 0.58664882183074951
vt 0.40000000596046448 0
vt 0.40000000596046448 0.58664882183074951
vt 0.60000002384185791 0
vt 0.60000002384185791 0.58664882183074951
vt 0.80000001192092896 0
vt 0.80000001192092896 0.58664882183074951
vt 0.80000001192092896 0
vt 0.80000001192092896 0.58664882183074951
vt 1 0
vt 1 0.58664882183074951
vt 0.22614835202693939 1
vt 0.35042166709899902 0.77343779802322388
vt 0.13175083696842194 0.58664941787719727
vt 0.028093308210372925 0.76061415672302246
vt 0 0.80762606859207153
vt 0.22614835202693939 0.58664941787719727
vt 0.35042166709899902 0.81321161985397339
vt 0.13175083696842194 1
vt 0.028093308210372925 0.8260352611541748
vt 0 0.77902334928512573
vn 0.9978671669960022 0 -0.065277382731437683
vn 0.9978671669960022 0 -0.065277382731437683
vn 0.9978671669960022 0 -0.065277382731437683
vn 0.9978671669960022 0 -0.065277382731437683
vn -0.025186073035001755 0 -0.99968278408050537
vn -0.025186073035001755 0 -0.99968278408050537
vn -0.025186073035001755 0 -0.99968278408050537
vn -0.025186073035001755 0 -0.99968278408050537
vn -0.99964165687561035 0 0.026769494637846947
vn -0.99964165687561035 0 0.026769494637846947
vn -0.99967730045318604 0 0.02540304884314537
vn -0.99967730045318604 0 0.02540304884314537
vn -0.99967730045318604 0 0.02540304884314537
vn -0.99967730045318604 0 0.02540304884314537
vn 0.027151374146342278 0 0.99963134527206421
vn 0.027151374146342278 0 0.99963134527206421
vn 0.027151374146342278 0 0.99963134527206421
vn 0.027151374146342278 0 0.99963134527206421
vn 0 -1 0
vn 0 -1 0
vn 0 -1 0
vn 0 -1 0
vn 0 -1 0
vn 0 1 0
vn 0 1 0
vn 0 1 0
vn 0 1 0
vn 0 1 0
f 4019/4019/4019 4021/4021/4021 4022/4022/4022 4020/4020/4020
f 4023/4023/4023 4025/4025/4025 4026/4026/4026 4024/4024/4024
f 4027/4027/4027 4029/4029/4029 4030/4030/4030 4028/4028/4028
f 4029/4029/4029 4031/4031/4031 4032/4032/4032 4030/4030/4030
f 4033/4033/4033 4035/4035/4035 4036/4036/4036 4034/4034/4034
f 4037/4037/4037 4041/4041/4041 4040/4040/4040
f 4039/4039/4039 4038/4038/4038 4040/4040/4040
f 4037/4037/4037 4040/4040/4040 4038/4038/4038
f 4042/4042/4042 4045/4045/4045 4046/4046/4046
f 4044/4044/4044 4045/4045/4045 4043/4043/4043
f 4042/4042/4042 4043/4043/4043 4045/4045/4045
usemtl Default
v 64.169013977050781 0 -20.413419723510742
v 64.169013977050781 10.5 -20.413419723510742
v 64.80902099609375 0 -34.965423583984375
v 64.80902099609375 10.5 -34.965423583984375
v 64.80902099609375 0 -34.965423583984375
v 64.80902099609375 10.5 -34.965423583984375
v 38.580852508544922 0 -34.731010437011719
v 38.580852508544922 10.5 -34.731010437011719
v 38.580852508544922 0 -34.731010437011719
v 38.580852508544922 10.5 -34.731010437011719
v 38.101863861083984 0 -20.181964874267578
v 38.101863861083984 10.5 -20.181964874267578
v 38.101863861083984 0 -20.181964874267578
v 38.101863861083984 10.5 -20.181964874267578
v 64.169013977050781 0 -20.413419723510742
v 64.169013977050781 10.5 -20.413419723510742
v 64.169013977050781 0 -20.413419723510742
v 64.80902099609375 0 -34.965423583984375
v 38.580852508544922 0 -34.731010437011719
v 38.101863861083984 0 -20.181964874267578
v 64.169013977050781 10.5 -20.413419723510742
v 64.80902099609375 10.5 -34.965423583984375
v 38.580852508544922 10.5 -34.731010437011719
v 38.101863861083984 10.5 -20.181964874267578
vt 0 0
vt 0 0.58181977272033691
vt 0.25 0
vt 0.25 0.58181977272033691
vt 0.25 0
vt 0.25 0.58181977272033691
vt 0.5 0
vt 0.5 0.58181977272033691
vt 0.5 0
vt 0.5 0.58181977272033691
vt 0.75 0
vt 0.75 0.58181977272033691
vt 0.75 0
vt 0.75 0.58181977272033691
vt 1 0
vt 1 0.58181977272033691
vt 0.25741901993751526 1
vt 0.37124189734458923 0.82486438751220703
vt 0.11222153156995773 0.58182036876678467
vt 0 0.75842916965484619
vt 0.88617712259292603 0.58182036876678467
vt 1 0.75695598125457764
vt 0.74097961187362671 1
vt 0.62875807285308838 0.82339119911193848
vn 0.99903422594070435 0 0.043938092887401581
vn 0.99903422594070435 0 0.043938092887401581
vn 0.99903422594070435 0 0.043938092887401581
vn 0.99903422594070435 0 0.043938092887401581
vn -0.0089370198547840118 0 -0.99996006488800049
vn -0.0089370198547840118 0 -0.99996006488800049
vn -0.0089370198547840118 0 -0.99996006488800049
vn -0.0089370198547840118 0 -0.99996006488800049
vn -0.99945849180221558 0 -0.03290456160902977
vn -0.99945849180221558 0 -0.03290456160902977
vn -0.99945849180221558 0 -0.03290456160902977
vn -0.99945849180221558 0 -0.03290456160902977
vn 0.0088788224384188652 0 0.99996060132980347
vn 0.0088788224384188652 0 0.99996060132980347
vn 0.0088788224384188652 0 0.99996060132980347
vn 0.0088788224384188652 0 0.99996060132980347
vn 0 -1 0
vn 0 -1 0
vn 0 -1 0
vn 0 -1 0
vn 0 1 0
vn 0 1 0
vn 0 1 0
vn 0 1 0
f 4047/4047/4047 4049/4049/4049 4050/4050/4050 4048/4048/4048
f 4051/4051/4051 4053/4053/4053 4054/4054/4054 4052/4052/4052
f 4055/4055/4055 4057/4057/4057 4058/4058/4058 4056/4056/4056
f 4059/4059/4059 4061/4061/4061 4062/4062/4062 4060/4060/4060
f 4063/4063/4063 4066/4066/4066 4065/4065/4065
f 4065/4065/4065 4064/4064/4064 4063/4063/4063
f 4067/4067/4067 4069/4069/4069 4070/4070/4070
f 4069/4069/4069 4067/4067/4067 4068/4068/4068
usemtl Default
v 122.38099670410156 0 25.486057281494141
v 122.38099670410156 13.699999809265137 25.486057281494141
v 123.02542114257812 0 10.273394584655762
v 123.02542114257812 13.699999809265137 10.273394584655762
v 123.02542114257812 0 10.273394584655762
v 123.02542114257812 13.699999809265137 10.273394584655762
v 87.001327514648438 0 10.137064933776855
v 87.001327514648438 13.699999809265137 10.137064933776855
v 87.001327514648438 0 10.137064933776855
v 87.001327514648438 13.699999809265137 10.137064933776855
v 86.385848999023438 0 25.363029479980469
v 86.385848999023438 13.699999809265137 25.363029479980469
v 86.385848999023438 0 25.363029479980469
v 86.385848999023438 13.699999809265137 25.363029479980469
v 122.38099670410156 0 25.486057281494141
v 122.38099670410156 13.699999809265137 25.486057281494141
v 122.38099670410156 0 25.486057281494141
v 123.02542114257812 0 10.273394584655762
v 87.001327514648438 0 10.137064933776855
v 86.385848999023438 0 25.363029479980469
v 122.38099670410156 13.699999809265137 25.486057281494141
v 123.02542114257812 13.699999809265137 10.273394584655762
v 87.001327514648438 13.699999809265137 10.137064933776855
v 86.385848999023438 13.699999809265137 25.363029479980469
vt 0 0
vt 0 0.58478075265884399
vt 0.25 0
vt 0.25 0.58478075265884399
vt 0.25 0
vt 0.25 0.58478075265884399
vt 0.5 0
vt 0.5 0.58478075265884399
vt 0.5 0
vt 0.5 0.58478075265884399
vt 0.75 0
vt 0.75 0.58478075265884399
vt 0.75 0
vt 0.75 0.58478075265884399
vt 1 0
vt 1 0.58478075265884399
vt 0.27980220317840576 1
vt 0.37414407730102539 0.85441654920578003
vt 0.09419434517621994 0.58478134870529175
vt 0 0.73071187734603882
vt 0.90565812587738037 0.58478134870529175
vt 1 0.73036479949951172
vt 0.72005027532577515 1
vt 0.62585592269897461 0.85406941175460815
vn 0.99910396337509155 0 0.042323179543018341
vn 0.99910396337509155 0 0.042323179543018341
vn 0.99910396337509155 0 0.042323179543018341
vn 0.99910396337509155 0 0.042323179543018341
vn 0.0037843715399503708 0 -0.99999284744262695
vn 0.0037843715399503708 0 -0.99999284744262695
vn 0.0037843715399503708 0 -0.99999284744262695
vn 0.0037843715399503708 0 -0.99999284744262695
vn -0.9991840124130249 0 -0.040389817208051682
vn -0.9991840124130249 0 -0.040389817208051682
vn -0.9991840124130249 0 -0.040389817208051682
vn -0.9991840124130249 0 -0.040389817208051682
vn -0.0034178949426859617 0 0.99999415874481201
vn -0.0034178949426859617 0 0.99999415874481201
vn -0.0034178949426859617 0 0.99999415874481201
vn -0.0034178949426859617 0 0.99999415874481201
vn 0 -1 0
vn 0 -1 0
vn 0 -1 0
vn 0 -1 0
vn 0 1 0
vn 0 1 0
vn 0 1 0
vn 0 1 0
f 4071/4071/4071 4073/4073/4073 4074/4074/4074 4072/4072/4072
f 4075/4075/4075 4077/4077/4077 4078/4078/4078 4076/4076/4076
f 4079/4079/4079 4081/4081/4081 4082/4082/4082 4080/4080/4080
f 4083/4083/4083 4085/4085/4085 4086/4086/4086 4084/4084/4084
f 4087/4087/4087 4090/4090/4090 4089/4089/4089
f 4089/4089/4089 4088/4088/4088 4087/4087/4087
f 4091/4091/4091 4093/4093/4093 4094/4094/4094
f 4093/4093/4093 4091/4091/4091 4092/4092/4092
usemtl Default
v 121.75196075439453 0 42.20977783203125
v 121.75196075439453 16.600000381469727 42.20977783203125
v 122.38099670410156 0 25.486057281494141
v 122.38099670410156 16.600000381469727 25.486057281494141
v 122.38099670410156 0 25.486057281494141
v 122.38099670410156 16.600000381469727 25.486057281494141
v 86.385848999023438 0 25.363029479980469
v 86.385848999023438 16.600000381469727 25.363029479980469
v 86.385848999023438 0 25.363029479980469
v 86.385848999023438 16.600000381469727 25.363029479980469
v 85.761550903320312 0 40.929927825927734
v 85.761550903320312 16.600000381469727 40.929927825927734
v 85.761550903320312 0 40.929927825927734
v 85.761550903320312 16.600000381469727 40.929927825927734
v 86.118843078613281 0 40.932765960693359
v 86.118843078613281 16.600000381469727 40.932765960693359
v 86.118843078613281 0 40.932765960693359
v 86.118843078613281 16.600000381469727 40.932765960693359
v 86.118110656738281 0 42.121212005615234
v 86.118110656738281 16.600000381469727 42.121212005615234
v 86.118110656738281 0 42.121212005615234
v 86.118110656738281 16.600000381469727 42.121212005615234
v 121.75196075439453 0 42.20977783203125
v 121.75196075439453 16.600000381469727 42.20977783203125
v 121.75196075439453 0 42.20977783203125
v 122.38099670410156 0 25.486057281494141
v 86.385848999023438 0 25.363029479980469
v 85.761550903320312 0 40.929927825927734
v 86.118843078613281 0 40.932765960693359
v 86.118110656738281 0 42.121212005615234
v 121.75196075439453 16.600000381469727 42.20977783203125
v 122.38099670410156 16.600000381469727 25.486057281494141
v 86.385848999023438 16.600000381469727 25.363029479980469
v 85.761550903320312 16.600000381469727 40.929927825927734
v 86.118843078613281 16.600000381469727 40.932765960693359
v 86.118110656738281 16.600000381469727 42.121212005615234
vt 0 0
vt 0 0.59642994403839111
vt 0.1666666716337204 0
vt 0.1666666716337204 0.59642994403839111
vt 0.1666666716337204 0
vt 0.1666666716337204 0.59642994403839111
vt 0.3333333432674408 0
vt 0.3333333432674408 0.59642994403839111
vt 0.3333333432674408 0
vt 0.3333333432674408 0.59642994403839111
vt 0.5 0
vt 0.5 0.59642994403839111
vt 0.5 0
vt 0.5 0.59642994403839111
vt 0.66666668653488159 0
vt 0.66666668653488159 0.59642994403839111
vt 0.66666668653488159 0
vt 0.66666668653488159 0.59642994403839111
vt 0.83333331346511841 0
vt 0.83333331346511841 0.59642994403839111
vt 0.83333331346511841 0
vt 0.83333331346511841 0.59642994403839111
vt 1 0
vt 1 0.59642994403839111
vt 0.26929119229316711 1
vt 0.36944782733917236 0.84921145439147949
vt 0.097617700695991516 0.59643054008483887
vt 0.0040955757722258568 0.73651754856109619
vt 0.0067845676094293594 0.73904168605804443
vt 0 0.7500646710395813
vt 0.26929119229316711 0.59643054008483887
vt 0.36944782733917236 0.74721908569335938
vt 0.097617700695991516 1
vt 0.0040955757722258568 0.85991299152374268
vt 0.0067845676094293594 0.85738885402679443
vt 0 0.84636586904525757
vn 0.99929338693618774 0 0.037586931139230728
vn 0.99929338693618774 0 0.037586931139230728
vn 0.99929338693618774 0 0.037586931139230728
vn 0.99929338693618774 0 0.037586931139230728
vn 0.0034178949426859617 0 -0.99999415874481201
vn 0.0034178949426859617 0 -0.99999415874481201
vn 0.0034178949426859617 0 -0.99999415874481201
vn 0.0034178949426859617 0 -0.99999415874481201
vn -0.99919676780700684 0 -0.040072381496429443
vn -0.99919676780700684 0 -0.040072381496429443
vn -0.99919676780700684 0 -0.040072381496429443
vn -0.99919676780700684 0 -0.040072381496429443
vn -0.0079443007707595825 0 0.99996846914291382
vn -0.0079443007707595825 0 0.99996846914291382
vn -0.0079443007707595825 0 0.99996846914291382
vn -0.0079443007707595825 0 0.99996846914291382
vn -0.99999982118606567 0 -0.00061563617782667279
vn -0.99999982118606567 0 -0.00061563617782667279
vn -0.99999982118606567 0 -0.00061563617782667279
vn -0.99999982118606567 0 -0.00061563617782667279
vn -0.002485508332028985 0 0.99999690055847168
vn -0.002485508332028985 0 0.99999690055847168
vn -0.002485508332028985 0 0.99999690055847168
vn -0.002485508332028985 0 0.99999690055847168
vn 0 -1 0
vn 0 -1 0
vn 0 -1 0
vn 0 -1 0
vn 0 -1 0
vn 0 -1 0
vn 0 1 0
vn 0 1 0
vn 0 1 0
vn 0 1 0
vn 0 1 0
vn 0 1 0
f 4095/4095/4095 4097/4097/4097 4098/4098/4098 4096/4096/4096
f 4099/4099/4099 4101/4101/4101 4102/4102/4102 4100/4100/4100
f 4103/4103/4103 4105/4105/4105 4106/4106/4106 4104/4104/4104
f 4107/4107/4107 4109/4109/4109 4110/4110/4110 4108/4108/4108
f 4111/4111/4111 4113/4113/4113 4114/4114/4114 4112/4112/4112
f 4115/4115/4115 4117/4117/4117 4118/4118/4118 4116/4116/4116
f 4119/4119/4119 4124/4124/4124 4123/4123/4123
f 4121/4121/4121 4123/4123/4123 4122/4122/4122
f 4120/4120/4120 4119/4119/4119 4121/4121/4121
f 4123/4123/4123 4121/4121/4121 4119/4119/4119
f 4125/4125/4125 4129/4129/4129 4130/4130/4130
f 4127/4127/4127 4128/4128/4128 4129/4129/4129
f 4126/4126/4126 4127/4127/4127 4125/4125/4125
f 4129/4129/4129 4125/4125/4125 4127/4127/4127
usemtl Default
v -69.938705444335938 0 169.04446411132812
v -69.938705444335938 37.400001525878906 169.04446411132812
v -61.699726104736328 0 170.32832336425781
v -61.699726104736328 37.400001525878906 170.32832336425781
v -26.699808120727539 0 176.33831787109375
v -26.699808120727539 37.400001525878906 176.33831787109375
v -26.699808120727539 0 176.33831787109375
v -26.699808120727539 37.400001525878906 176.33831787109375
v -24.454654693603516 0 145.38412475585938
v -24.454654693603516 37.400001525878906 145.38412475585938
v -24.454654693603516 0 145.38412475585938
v -24.454654693603516 37.400001525878906 145.38412475585938
v -24.070583343505859 0 145.43649291992188
v -24.070583343505859 37.400001525878906 145.43649291992188
v -24.070583343505859 0 145.43649291992188
v -24.070583343505859 37.400001525878906 145.43649291992188
v -23.868801116943359 0 143.68521118164062
v -23.868801116943359 37.400001525878906 143.68521118164062
v -23.868801116943359 0 143.68521118164062
v -23.868801116943359 37.400001525878906 143.68521118164062
v -70.510345458984375 0 135.91500854492188
v -70.510345458984375 37.400001525878906 135.91500854492188
v -70.510345458984375 0 135.91500854492188
v -70.510345458984375 37.400001525878906 135.91500854492188
v -71.29302978515625 0 168.58599853515625
v -71.29302978515625 37.400001525878906 168.58599853515625
v -71.29302978515625 0 168.58599853515625
v -71.29302978515625 37.400001525878906 168.58599853515625
v -69.938705444335938 0 169.04446411132812
v -69.938705444335938 37.400001525878906 169.04446411132812
v -69.938705444335938 0 169.04446411132812
v -61.699726104736328 0 170.32832336425781
v -26.699808120727539 0 176.33831787109375
v -24.454654693603516 0 145.38412475585938
v -24.070583343505859 0 145.43649291992188
v -23.868801116943359 0 143.68521118164062
v -70.510345458984375 0 135.91500854492188
v -71.29302978515625 0 168.58599853515625
v -69.938705444335938 37.400001525878906 169.04446411132812
v -61.699726104736328 37.400001525878906 170.32832336425781
v -26.699808120727539 37.400001525878906 176.33831787109375
v -24.454654693603516 37.400001525878906 145.38412475585938
v -24.070583343505859 37.400001525878906 145.43649291992188
v -23.868801116943359 37.400001525878906 143.68521118164062
v -70.510345458984375 37.400001525878906 135.91500854492188
v -71.29302978515625 37.400001525878906 168.58599853515625
vt 0 0
vt 0 0.63065683841705322
vt 0.125 0
vt 0.125 0.63065683841705322
vt 0.25 0
vt 0.25 0.63065683841705322
vt 0.25 0
vt 0.25 0.63065683841705322
vt 0.375 0
vt 0.375 0.63065683841705322
vt 0.375 0
vt 0.375 0.63065683841705322
vt 0.5 0
vt 0.5 0.63065683841705322
vt 0.5 0
vt 0.5 0.63065683841705322
vt 0.625 0
vt 0.625 0.63065683841705322
vt 0.625 0
vt 0.625 0.63065683841705322
vt 0.75 0
vt 0.75 0.63065683841705322
vt 0.75 0
vt 0.75 0.63065683841705322
vt 0.875 0
vt 0.875 0.63065683841705322
vt 0.875 0
vt 0.875 0.63065683841705322
vt 1 0
vt 1 0.63065683841705322
vt 0.16918729245662689 0.99436968564987183
vt 0.20695160329341888 0.95378941297531128
vt 0.37018075585365295 0.78373855352401733
vt 0.22265791893005371 0.64106953144073486
vt 0.22438067197799683 0.63914638757705688
vt 0.21631826460361481 0.63065743446350098
vt 0 0.85827451944351196
vt 0.16173221170902252 1
vt 0.16918729245662689 0.63628780841827393
vt 0.20695160329341888 0.6768680214881897
vt 0.37018075585365295 0.84691888093948364
vt 0.22265791893005371 0.98958796262741089
vt 0.22438067197799683 0.99151104688644409
vt 0.21631826460361481 1
vt 0 0.77238297462463379
vt 0.16173221170902252 0.63065743446350098
vn -0.15397027134895325 0 0.98807549476623535
vn -0.15397027134895325 0 0.98807549476623535
vn -0.16923756897449493 0 0.98557525873184204
vn -0.16923756897449493 0 0.98557525873184204
vn -0.16923756897449493 0 0.98557525873184204
vn -0.16923756897449493 0 0.98557525873184204
vn 0.99737989902496338 0 0.072341486811637878
vn 0.99737989902496338 0 0.072341486811637878
vn 0.99737989902496338 0 0.072341486811637878
vn 0.99737989902496338 0 0.072341486811637878
vn -0.13511663675308228 0 0.9908297061920166
vn -0.13511663675308228 0 0.9908297061920166
vn -0.13511663675308228 0 0.9908297061920166
vn -0.13511663675308228 0 0.9908297061920166
vn 0.99342751502990723 0 0.11446282267570496
vn 0.99342751502990723 0 0.11446282267570496
vn 0.99342751502990723 0 0.11446282267570496
vn 0.99342751502990723 0 0.11446282267570496
vn 0.16432933509349823 0 -0.98640555143356323
vn 0.16432933509349823 0 -0.98640555143356323
vn 0.16432933509349823 0 -0.98640555143356323
vn 0.16432933509349823 0 -0.98640555143356323
vn -0.99971318244934082 0 -0.023949690163135529
vn -0.99971318244934082 0 -0.023949690163135529
vn -0.99971318244934082 0 -0.023949690163135529
vn -0.99971318244934082 0 -0.023949690163135529
vn -0.32064825296401978 0 0.94719833135604858
vn -0.32064825296401978 0 0.94719833135604858
vn -0.32064825296401978 0 0.94719833135604858
vn -0.32064825296401978 0 0.94719833135604858
vn 0 -1 0
vn 0 -1 0
vn 0 -1 0
vn 0 -1 0
vn 0 -1 0
vn 0 -1 0
vn 0 -1 0
vn 0 -1 0
vn 0 1 0
vn 0 1 0
vn 0 1 0
vn 0 1 0
vn 0 1 0
vn 0 1 0
vn 0 1 0
vn 0 1 0
f 4131/4131/4131 4133/4133/4133 4134/4134/4134 4132/4132/4132
f 4133/4133/4133 4135/4135/4135 4136/4136/4136 4134/4134/4134
f 4137/4137/4137 4139/4139/4139 4140/4140/4140 4138/4138/4138
f 4141/4141/4141 4143/4143/4143 4144/4144/4144 4142/4142/4142
f 4145/4145/4145 4147/4147/4147 4148/4148/4148 4146/4146/4146
f 4149/4149/4149 4151/4151/4151 4152/4152/4152 4150/4150/4150
f 4153/4153/4153 4155/4155/4155 4156/4156/4156 4154/4154/4154
f 4157/4157/4157 4159/4159/4159 4160/4160/4160 4158/4158/4158
f 4167/4167/4167 4162/4162/4162 4161/4161/4161
f 4161/4161/4161 4168/4168/4168 4167/4167/4167
f 4167/4167/4167 4164/4164/4164 4162/4162/4162
f 4167/4167/4167 4166/4166/4166 4164/4164/4164
f 4165/4165/4165 4164/4164/4164 4166/4166/4166
f 4162/4162/4162 4164/4164/4164 4163/4163/4163
f 4175/4175/4175 4169/4169/4169 4170/4170/4170
f 4169/4169/4169 4175/4175/4175 4176/4176/4176
f 4175/4175/4175 4170/4170/4170 4172/4172/4172
f 4175/4175/4175 4172/4172/4172 4174/4174/4174
f 4173/4173/4173 4174/4174/4174 4172/4172/4172
f 4170/4170/4170 4171/4171/4171 4172/4172/4172
usemtl Default
v 57.472030639648438 0 49.298255920410156
v 57.472030639648438 7.3000001907348633 49.298255920410156
v 57.821987152099609 0 47.265129089355469
v 57.821987152099609 7.3000001907348633 47.265129089355469
v 57.821987152099609 0 47.265129089355469
v 57.821987152099609 7.3000001907348633 47.265129089355469
v 59.277935028076172 0 47.522079467773438
v 59.277935028076172 7.3000001907348633 47.522079467773438
v 59.277935028076172 0 47.522079467773438
v 59.277935028076172 7.3000001907348633 47.522079467773438
v 59.496929168701172 0 37.154460906982422
v 59.496929168701172 7.3000001907348633 37.154460906982422
v 59.496929168701172 0 37.154460906982422
v 59.496929168701172 7.3000001907348633 37.154460906982422
v 38.651142120361328 0 33.620075225830078
v 38.651142120361328 7.3000001907348633 33.620075225830078
v 38.651142120361328 0 33.620075225830078
v 38.651142120361328 7.3000001907348633 33.620075225830078
v 38.593181610107422 0 33.985572814941406
v 38.593181610107422 7.3000001907348633 33.985572814941406
v 38.593181610107422 0 33.985572814941406
v 38.593181610107422 7.3000001907348633 33.985572814941406
v 36.64752197265625 0 33.650043487548828
v 36.64752197265625 7.3000001907348633 33.650043487548828
v 36.64752197265625 0 33.650043487548828
v 36.64752197265625 7.3000001907348633 33.650043487548828
v 35.098396301269531 0 42.768707275390625
v 35.098396301269531 7.3000001907348633 42.768707275390625
v 35.098396301269531 0 42.768707275390625
v 35.098396301269531 7.3000001907348633 42.768707275390625
v 33.052593231201172 0 42.414466857910156
v 33.052593231201172 7.3000001907348633 42.414466857910156
v 33.052593231201172 0 42.414466857910156
v 33.052593231201172 7.3000001907348633 42.414466857910156
v 32.598823547363281 0 45.077426910400391
v 32.598823547363281 7.3000001907348633 45.077426910400391
v 32.598823547363281 0 45.077426910400391
v 32.598823547363281 7.3000001907348633 45.077426910400391
v 57.472030639648438 0 49.298255920410156
v 57.472030639648438 7.3000001907348633 49.298255920410156
v 57.472030639648438 0 49.298255920410156
v 57.821987152099609 0 47.265129089355469
v 59.277935028076172 0 47.522079467773438
v 59.496929168701172 0 37.154460906982422
v 38.651142120361328 0 33.620075225830078
v 38.593181610107422 0 33.985572814941406
v 36.64752197265625 0 33.650043487548828
v 35.098396301269531 0 42.768707275390625
v 33.052593231201172 0 42.414466857910156
v 32.598823547363281 0 45.077426910400391
v 57.472030639648438 7.3000001907348633 49.298255920410156
v 57.821987152099609 7.3000001907348633 47.265129089355469
v 59.277935028076172 7.3000001907348633 47.522079467773438
v 59.496929168701172 7.3000001907348633 37.154460906982422
v 38.651142120361328 7.3000001907348633 33.620075225830078
v 38.593181610107422 7.3000001907348633 33.985572814941406
v 36.64752197265625 7.3000001907348633 33.650043487548828
v 35.098396301269531 7.3000001907348633 42.768707275390625
v 33.052593231201172 7.3000001907348633 42.414466857910156
v 32.598823547363281 7.3000001907348633 45.077426910400391
vt 0 0
vt 0 0.56363528966903687
vt 0.10000000149011612 0
vt 0.10000000149011612 0.56363528966903687
vt 0.10000000149011612 0
vt 0.10000000149011612 0.56363528966903687
vt 0.20000000298023224 0
vt 0.20000000298023224 0.56363528966903687
vt 0.20000000298023224 0
vt 0.20000000298023224 0.56363528966903687
vt 0.30000001192092896 0
vt 0.30000001192092896 0.56363528966903687
vt 0.30000001192092896 0
vt 0.30000001192092896 0.56363528966903687
vt 0.40000000596046448 0
vt 0.40000000596046448 0.56363528966903687
vt 0.40000000596046448 0
vt 0.40000000596046448 0.56363528966903687
vt 0.5 0
vt 0.5 0.56363528966903687
vt 0.5 0
vt 0.5 0.56363528966903687
vt 0.60000002384185791 0
vt 0.60000002384185791 0.56363528966903687
vt 0.60000002384185791 0
vt 0.60000002384185791 0.56363528966903687
vt 0.69999998807907104 0
vt 0.69999998807907104 0.56363528966903687
vt 0.69999998807907104 0
vt 0.69999998807907104 0.56363528966903687
vt 0.80000001192092896 0
vt 0.80000001192092896 0.56363528966903687
vt 0.80000001192092896 0
vt 0.80000001192092896 0.56363528966903687
vt 0.89999997615814209 0
vt 0.89999997615814209 0.56363528966903687
vt 0.89999997615814209 0
vt 0.89999997615814209 0.56363528966903687
vt 1 0
vt 1 0.56363528966903687
vt 0.22603267431259155 1
vt 0.24563871324062347 0.97536027431488037
vt 0.25879186391830444 0.99421221017837524
vt 0.34245762228965759 0.85214173793792725
vt 0.15300004184246063 0.58423799276351929
vt 0.14952707290649414 0.58871942758560181
vt 0.13188819587230682 0.56363582611083984
vt 0.044167246669530869 0.67436075210571289
vt 0.025631804019212723 0.64796596765518188
vt 0 0.6802869439125061
vt 0.22603267431259155 0.56363582611083984
vt 0.24563871324062347 0.58827561140060425
vt 0.25879186391830444 0.5694236159324646
vt 0.34245762228965759 0.7114940881729126
vt 0.15300004184246063 0.97939783334732056
vt 0.14952707290649414 0.97491639852523804
vt 0.13188819587230682 1
vt 0.044167246669530869 0.88927507400512695
vt 0.025631804019212723 0.91566985845565796
vt 0 0.88334888219833374
vn 0.98550736904144287 0 0.16963265836238861
vn 0.98550736904144287 0 0.16963265836238861
vn 0.98550736904144287 0 0.16963265836238861
vn 0.98550736904144287 0 0.16963265836238861
vn -0.17379844188690186 0 0.98478126525878906
vn -0.17379844188690186 0 0.98478126525878906
vn -0.17379844188690186 0 0.98478126525878906
vn -0.17379844188690186 0 0.98478126525878906
vn 0.99977695941925049 0 0.021118372678756714
vn 0.99977695941925049 0 0.021118372678756714
vn 0.99977695941925049 0 0.021118372678756714
vn 0.99977695941925049 0 0.021118372678756714
vn 0.1671634316444397 0 -0.98592919111251831
vn 0.1671634316444397 0 -0.98592919111251831
vn 0.1671634316444397 0 -0.98592919111251831
vn 0.1671634316444397 0 -0.98592919111251831
vn -0.98765897750854492 0 -0.15661975741386414
vn -0.98765897750854492 0 -0.15661975741386414
vn -0.98765897750854492 0 -0.15661975741386414
vn -0.98765897750854492 0 -0.15661975741386414
vn 0.16994135081768036 0 -0.98545420169830322
vn 0.16994135081768036 0 -0.98545420169830322
vn 0.16994135081768036 0 -0.98545420169830322
vn 0.16994135081768036 0 -0.98545420169830322
vn -0.98587453365325928 0 -0.16748541593551636
vn -0.98587453365325928 0 -0.16748541593551636
vn -0.98587453365325928 0 -0.16748541593551636
vn -0.98587453365325928 0 -0.16748541593551636
vn 0.17061617970466614 0 -0.98533755540847778
vn 0.17061617970466614 0 -0.98533755540847778
vn 0.17061617970466614 0 -0.98533755540847778
vn 0.17061617970466614 0 -0.98533755540847778
vn -0.9857904314994812 0 -0.16797991096973419
vn -0.9857904314994812 0 -0.16797991096973419
vn -0.9857904314994812 0 -0.16797991096973419
vn -0.9857904314994812 0 -0.16797991096973419
vn -0.16730208694934845 0 0.98590570688247681
vn -0.16730208694934845 0 0.98590570688247681
vn -0.16730208694934845 0 0.98590570688247681
vn -0.16730208694934845 0 0.98590570688247681
vn 0 -1 0
vn 0 -1 0
vn 0 -1 0
vn 0 -1 0
vn 0 -1 0
vn 0 -1 0
vn 0 -1 0
vn 0 -1 0
vn 0 -1 0
vn 0 -1 0
vn 0 1 0
vn 0 1 0
vn 0 1 0
vn 0 1 0
vn 0 1 0
vn 0 1 0
vn 0 1 0
vn 0 1 0
vn 0 1 0
vn 0 1 0
f 4177/4177/4177 4179/4179/4179 4180/4180/4180 4178/4178/4178
f 4181/4181/4181 4183/4183/4183 4184/4184/4184 4182/4182/4182
f 4185/4185/4185 4187/4187/4187 4188/4188/4188 4186/4186/4186
f 4189/4189/4189 4191/4191/4191 4192/4192/4192 4190/4190/4190
f 4193/4193/4193 4195/4195/4195 4196/4196/4196 4194/4194/4194
f 4197/4197/4197 4199/4199/4199 4200/4200/4200 4198/4198/4198
f 4201/4201/4201 4203/4203/4203 4204/4204/4204 4202/4202/4202
f 4205/4205/4205 4207/4207/4207 4208/4208/4208 4206/4206/4206
f 4209/4209/4209 4211/4211/4211 4212/4212/4212 4210/4210/4210
f 4213/4213/4213 4215/4215/4215 4216/4216/4216 4214/4214/4214
f 4225/4225/4225 4224/4224/4224 4226/4226/4226
f 4217/4217/4217 4226/4226/4226 4224/4224/4224
f 4222/4222/4222 4224/4224/4224 4223/4223/4223
f 4222/4222/4222 4218/4218/4218 4224/4224/4224
f 4221/4221/4221 4220/4220/4220 4222/4222/4222
f 4220/4220/4220 4218/4218/4218 4222/4222/4222
f 4219/4219/4219 4218/4218/4218 4220/4220/4220
f 4217/4217/4217 4224/4224/4224 4218/4218/4218
f 4235/4235/4235 4236/4236/4236 4234/4234/4234
f 4227/4227/4227 4234/4234/4234 4236/4236/4236
f 4232/4232/4232 4233/4233/4233 4234/4234/4234
f 4232/4232/4232 4234/4234/4234 4228/4228/4228
f 4231/4231/4231 4232/4232/4232 4230/4230/4230
f 4230/4230/4230 4232/4232/4232 4228/4228/4228
f 4229/4229/4229 4230/4230/4230 4228/4228/4228
f 4227/4227/4227 4228/4228/4228 4234/4234/4234
usemtl Default
v 123.02542114257812 0 10.273394584655762
v 123.02542114257812 17.799999237060547 10.273394584655762
v 123.72337341308594 0 -6.0165753364562988
v 123.72337341308594 17.799999237060547 -6.0165753364562988
v 123.72337341308594 0 -6.0165753364562988
v 123.72337341308594 17.799999237060547 -6.0165753364562988
v 118.75540161132812 0 -5.9314165115356445
v 118.75540161132812 17.799999237060547 -5.9314165115356445
v 89.267509460449219 0 -5.3902044296264648
v 89.267509460449219 17.799999237060547 -5.3902044296264648
v 89.267509460449219 0 -5.3902044296264648
v 89.267509460449219 17.799999237060547 -5.3902044296264648
v 89.238166809082031 0 -4.7112655639648438
v 89.238166809082031 17.799999237060547 -4.7112655639648438
v 89.238166809082031 0 -4.7112655639648438
v 89.238166809082031 17.799999237060547 -4.7112655639648438
v 87.592567443847656 0 -4.6905198097229004
v 87.592567443847656 17.799999237060547 -4.6905198097229004
v 87.592567443847656 0 -4.6905198097229004
v 87.592567443847656 17.799999237060547 -4.6905198097229004
v 87.001327514648438 0 10.137064933776855
v 87.001327514648438 17.799999237060547 10.137064933776855
v 87.001327514648438 0 10.137064933776855
v 87.001327514648438 17.799999237060547 10.137064933776855
v 123.02542114257812 0 10.273394584655762
v 123.02542114257812 17.799999237060547 10.273394584655762
v 123.02542114257812 0 10.273394584655762
v 123.72337341308594 0 -6.0165753364562988
v 118.75540161132812 0 -5.9314165115356445
v 89.267509460449219 0 -5.3902044296264648
v 89.238166809082031 0 -4.7112655639648438
v 87.592567443847656 0 -4.6905198097229004
v 87.001327514648438 0 10.137064933776855
v 123.02542114257812 17.799999237060547 10.273394584655762
v 123.72337341308594 17.799999237060547 -6.0165753364562988
v 118.75540161132812 17.799999237060547 -5.9314165115356445
v 89.267509460449219 17.799999237060547 -5.3902044296264648
v 89.238166809082031 17.799999237060547 -4.7112655639648438
v 87.592567443847656 17.799999237060547 -4.6905198097229004
v 87.001327514648438 17.799999237060547 10.137064933776855
vt 0 0
vt 0 0.6055184006690979
vt 0.1428571492433548 0
vt 0.1428571492433548 0.6055184006690979
vt 0.1428571492433548 0
vt 0.1428571492433548 0.6055184006690979
vt 0.28571429848670959 0
vt 0.28571429848670959 0.6055184006690979
vt 0.4285714328289032 0
vt 0.4285714328289032 0.6055184006690979
vt 0.4285714328289032 0
vt 0.4285714328289032 0.6055184006690979
vt 0.57142859697341919 0
vt 0.57142859697341919 0.6055184006690979
vt 0.57142859697341919 0
vt 0.57142859697341919 0.6055184006690979
vt 0.71428573131561279 0
vt 0.71428573131561279 0.6055184006690979
vt 0.71428573131561279 0
vt 0.71428573131561279 0.6055184006690979
vt 0.8571428656578064 0
vt 0.8571428656578064 0.6055184006690979
vt 0.8571428656578064 0
vt 0.8571428656578064 0.6055184006690979
vt 1 0
vt 1 0.6055184006690979
vt 0.27598816156387329 1
vt 0.37564200162887573 0.85072237253189087
vt 0.33697959780693054 0.81608688831329346
vt 0.10728798061609268 0.61084252595901489
vt 0.10313263535499573 0.61706233024597168
vt 0.090369269251823425 0.60551899671554565
vt 0 0.74170988798141479
vt 0.27598816156387329 0.60551899671554565
vt 0.37564200162887573 0.75479656457901001
vt 0.33697959780693054 0.7894321084022522
vt 0.10728798061609268 0.99467647075653076
vt 0.10313263535499573 0.98845666646957397
vt 0.090369269251823425 1
vt 0 0.86380910873413086
vn 0.99908339977264404 0 0.042806044220924377
vn 0.99908339977264404 0 0.042806044220924377
vn 0.99908339977264404 0 0.042806044220924377
vn 0.99908339977264404 0 0.042806044220924377
vn -0.017139086499810219 0 -0.99985313415527344
vn -0.017139086499810219 0 -0.99985313415527344
vn -0.018350604921579361 0 -0.99983161687850952
vn -0.018350604921579361 0 -0.99983161687850952
vn -0.018350604921579361 0 -0.99983161687850952
vn -0.018350604921579361 0 -0.99983161687850952
vn -0.99906742572784424 0 -0.043176852166652679
vn -0.99906742572784424 0 -0.043176852166652679
vn -0.99906742572784424 0 -0.043176852166652679
vn -0.99906742572784424 0 -0.043176852166652679
vn -0.012606055475771427 0 -0.9999205470085144
vn -0.012606055475771427 0 -0.9999205470085144
vn -0.012606055475771427 0 -0.9999205470085144
vn -0.012606055475771427 0 -0.9999205470085144
vn -0.99920594692230225 0 -0.039842899888753891
vn -0.99920594692230225 0 -0.039842899888753891
vn -0.99920594692230225 0 -0.039842899888753891
vn -0.99920594692230225 0 -0.039842899888753891
vn -0.0037843715399503708 0 0.99999284744262695
vn -0.0037843715399503708 0 0.99999284744262695
vn -0.0037843715399503708 0 0.99999284744262695
vn -0.0037843715399503708 0 0.99999284744262695
vn 0 -1 0
vn 0 -1 0
vn 0 -1 0
vn 0 -1 0
vn 0 -1 0
vn 0 -1 0
vn 0 -1 0
vn 0 1 0
vn 0 1 0
vn 0 1 0
vn 0 1 0
vn 0 1 0
vn 0 1 0
vn 0 1 0
f 4237/4237/4237 4239/4239/4239 4240/4240/4240 4238/4238/4238
f 4241/4241/4241 4243/4243/4243 4244/4244/4244 4242/4242/4242
f 4243/4243/4243 4245/4245/4245 4246/4246/4246 4244/4244/4244
f 4247/4247/4247 4249/4249/4249 4250/4250/4250 4248/4248/4248
f 4251/4251/4251 4253/4253/4253 4254/4254/4254 4252/4252/4252
f 4255/4255/4255 4257/4257/4257 4258/4258/4258 4256/4256/4256
f 4259/4259/4259 4261/4261/4261 4262/4262/4262 4260/4260/4260
f 4268/4268/4268 4267/4267/4267 4269/4269/4269
f 4265/4265/4265 4269/4269/4269 4267/4267/4267
f 4265/4265/4265 4264/4264/4264 4263/4263/4263
f 4265/4265/4265 4267/4267/4267 4266/4266/4266
f 4263/4263/4263 4269/4269/4269 4265/4265/4265
f 4275/4275/4275 4276/4276/4276 4274/4274/4274
f 4272/4272/4272 4274/4274/4274 4276/4276/4276
f 4272/4272/4272 4270/4270/4270 4271/4271/4271
f 4272/4272/4272 4273/4273/4273 4274/4274/4274
f 4270/4270/4270 4272/4272/4272 4276/4276/4276
usemtl Default
v 118.75540161132812 0 -5.9314165115356445
v 118.75540161132812 7.9000000953674316 -5.9314165115356445
v 119.08950805664062 0 -14.665205001831055
v 119.08950805664062 7.9000000953674316 -14.665205001831055
v 119.08950805664062 0 -14.665205001831055
v 119.08950805664062 7.9000000953674316 -14.665205001831055
v 120.04032897949219 0 -14.625449180603027
v 120.04032897949219 7.9000000953674316 -14.625449180603027
v 120.04032897949219 0 -14.625449180603027
v 120.04032897949219 7.9000000953674316 -14.625449180603027
v 120.20279693603516 0 -18.769845962524414
v 120.20279693603516 7.9000000953674316 -18.769845962524414
v 120.20279693603516 0 -18.769845962524414
v 120.20279693603516 7.9000000953674316 -18.769845962524414
v 119.16283416748047 0 -18.813329696655273
v 119.16283416748047 7.9000000953674316 -18.813329696655273
v 119.16283416748047 0 -18.813329696655273
v 119.16283416748047 7.9000000953674316 -18.813329696655273
v 119.20904541015625 0 -19.965984344482422
v 119.20904541015625 7.9000000953674316 -19.965984344482422
v 119.20904541015625 0 -19.965984344482422
v 119.20904541015625 7.9000000953674316 -19.965984344482422
v 120.51715850830078 0 -19.923393249511719
v 120.51715850830078 7.9000000953674316 -19.923393249511719
v 120.51715850830078 0 -19.923393249511719
v 120.51715850830078 7.9000000953674316 -19.923393249511719
v 120.57949829101562 0 -21.537693023681641
v 120.57949829101562 7.9000000953674316 -21.537693023681641
v 120.57949829101562 0 -21.537693023681641
v 120.57949829101562 7.9000000953674316 -21.537693023681641
v 119.23617553710938 0 -21.589019775390625
v 119.23617553710938 7.9000000953674316 -21.589019775390625
v 119.23617553710938 0 -21.589019775390625
v 119.23617553710938 7.9000000953674316 -21.589019775390625
v 119.67223358154297 0 -31.216552734375
v 119.67223358154297 7.9000000953674316 -31.216552734375
v 119.67223358154297 0 -31.216552734375
v 119.67223358154297 7.9000000953674316 -31.216552734375
v 96.423385620117188 0 -30.990518569946289
v 96.423385620117188 7.9000000953674316 -30.990518569946289
v 96.423385620117188 0 -30.990518569946289
v 96.423385620117188 7.9000000953674316 -30.990518569946289
v 90.303268432617188 0 -26.160928726196289
v 90.303268432617188 7.9000000953674316 -26.160928726196289
v 90.303268432617188 0 -26.160928726196289
v 90.303268432617188 7.9000000953674316 -26.160928726196289
v 89.267509460449219 0 -5.3902044296264648
v 89.267509460449219 7.9000000953674316 -5.3902044296264648
v 89.267509460449219 0 -5.3902044296264648
v 89.267509460449219 7.9000000953674316 -5.3902044296264648
v 118.75540161132812 0 -5.9314165115356445
v 118.75540161132812 7.9000000953674316 -5.9314165115356445
v 118.75540161132812 0 -5.9314165115356445
v 119.08950805664062 0 -14.665205001831055
v 120.04032897949219 0 -14.625449180603027
v 120.20279693603516 0 -18.769845962524414
v 119.16283416748047 0 -18.813329696655273
v 119.20904541015625 0 -19.965984344482422
v 120.51715850830078 0 -19.923393249511719
v 120.57949829101562 0 -21.537693023681641
v 119.23617553710938 0 -21.589019775390625
v 119.67223358154297 0 -31.216552734375
v 96.423385620117188 0 -30.990518569946289
v 90.303268432617188 0 -26.160928726196289
v 89.267509460449219 0 -5.3902044296264648
v 118.75540161132812 7.9000000953674316 -5.9314165115356445
v 119.08950805664062 7.9000000953674316 -14.665205001831055
v 120.04032897949219 7.9000000953674316 -14.625449180603027
v 120.20279693603516 7.9000000953674316 -18.769845962524414
v 119.16283416748047 7.9000000953674316 -18.813329696655273
v 119.20904541015625 7.9000000953674316 -19.965984344482422
v 120.51715850830078 7.9000000953674316 -19.923393249511719
v 120.57949829101562 7.9000000953674316 -21.537693023681641
v 119.23617553710938 7.9000000953674316 -21.589019775390625
v 119.67223358154297 7.9000000953674316 -31.216552734375
v 96.423385620117188 7.9000000953674316 -30.990518569946289
v 90.303268432617188 7.9000000953674316 -26.160928726196289
v 89.267509460449219 7.9000000953674316 -5.3902044296264648
vt 0 0
vt 0 0.552803635597229
vt 0.076923079788684845 0
vt 0.076923079788684845 0.552803635597229
vt 0.076923079788684845 0
vt 0.076923079788684845 0.552803635597229
vt 0.15384615957736969 0
vt 0.15384615957736969 0.552803635597229
vt 0.15384615957736969 0
vt 0.15384615957736969 0.552803635597229
vt 0.23076923191547394 0
vt 0.23076923191547394 0.552803635597229
vt 0.23076923191547394 0
vt 0.23076923191547394 0.552803635597229
vt 0.30769231915473938 0
vt 0.30769231915473938 0.552803635597229
vt 0.30769231915473938 0
vt 0.30769231915473938 0.552803635597229
vt 0.38461539149284363 0
vt 0.38461539149284363 0.552803635597229
vt 0.38461539149284363 0
vt 0.38461539149284363 0.552803635597229
vt 0.46153846383094788 0
vt 0.46153846383094788 0.552803635597229
vt 0.46153846383094788 0
vt 0.46153846383094788 0.552803635597229
vt 0.53846156597137451 0
vt 0.53846156597137451 0.552803635597229
vt 0.53846156597137451 0
vt 0.53846156597137451 0.552803635597229
vt 0.61538463830947876 0
vt 0.61538463830947876 0.552803635597229
vt 0.61538463830947876 0
vt 0.61538463830947876 0.552803635597229
vt 0.69230771064758301 0
vt 0.69230771064758301 0.552803635597229
vt 0.69230771064758301 0
vt 0.69230771064758301 0.552803635597229
vt 0.76923078298568726 0
vt 0.76923078298568726 0.552803635597229
vt 0.76923078298568726 0
vt 0.76923078298568726 0.552803635597229
vt 0.8461538553237915 0
vt 0.8461538553237915 0.552803635597229
vt 0.8461538553237915 0
vt 0.8461538553237915 0.552803635597229
vt 0.92307692766189575 0
vt 0.92307692766189575 0.552803635597229
vt 0.92307692766189575 0
vt 0.92307692766189575 0.552803635597229
vt 1 0
vt 1 0.552803635597229
vt 0.21458202600479126 1
vt 0.26420846581459045 0.9094359278678894
vt 0.27081820368766785 0.91750872135162354
vt 0.29439535737037659 0.87456542253494263
vt 0.28716596961021423 0.86573576927185059
vt 0.29373067617416382 0.85380047559738159
vt 0.30288958549499512 0.86477756500244141
vt 0.3120664656162262 0.84804302453994751
vt 0.30270200967788696 0.83668935298919678
vt 0.35789322853088379 0.73740279674530029
vt 0.18979761004447937 0.55280417203903198
vt 0.11975300312042236 0.55514043569564819
vt 0 0.76858007907867432
vt 0.21458202600479126 0.55280417203903198
vt 0.26420846581459045 0.64336824417114258
vt 0.27081820368766785 0.63529545068740845
vt 0.29439535737037659 0.67823874950408936
vt 0.28716596961021423 0.6870684027671814
vt 0.29373067617416382 0.69900369644165039
vt 0.30288958549499512 0.68802660703659058
vt 0.3120664656162262 0.70476114749908447
vt 0.30270200967788696 0.71611475944519043
vt 0.35789322853088379 0.81540137529373169
vt 0.18979761004447937 1
vt 0.11975300312042236 0.99766373634338379
vt 0 0.78422409296035767
vn 0.99926912784576416 0 0.038226243108510971
vn 0.99926912784576416 0 0.038226243108510971
vn 0.99926912784576416 0 0.038226243108510971
vn 0.99926912784576416 0 0.038226243108510971
vn -0.041776236146688461 0 0.99912697076797485
vn -0.041776236146688461 0 0.99912697076797485
vn -0.041776236146688461 0 0.99912697076797485
vn -0.041776236146688461 0 0.99912697076797485
vn 0.99923253059387207 0 0.039171181619167328
vn 0.99923253059387207 0 0.039171181619167328
vn 0.99923253059387207 0 0.039171181619167328
vn 0.99923253059387207 0 0.039171181619167328
vn 0.041776150465011597 0 -0.99912697076797485
vn 0.041776150465011597 0 -0.99912697076797485
vn 0.041776150465011597 0 -0.99912697076797485
vn 0.041776150465011597 0 -0.99912697076797485
vn 0.99919736385345459 0 0.040057145059108734
vn 0.99919736385345459 0 0.040057145059108734
vn 0.99919736385345459 0 0.040057145059108734
vn 0.99919736385345459 0 0.040057145059108734
vn -0.032543405890464783 0 0.9994702935218811
vn -0.032543405890464783 0 0.9994702935218811
vn -0.032543405890464783 0 0.9994702935218811
vn -0.032543405890464783 0 0.9994702935218811
vn 0.99925506114959717 0 0.038591556251049042
vn 0.99925506114959717 0 0.038591556251049042
vn 0.99925506114959717 0 0.038591556251049042
vn 0.99925506114959717 0 0.038591556251049042
vn 0.038180947303771973 0 -0.99927085638046265
vn 0.038180947303771973 0 -0.99927085638046265
vn 0.038180947303771973 0 -0.99927085638046265
vn 0.038180947303771973 0 -0.99927085638046265
vn 0.99897587299346924 0 0.045246444642543793
vn 0.99897587299346924 0 0.045246444642543793
vn 0.99897587299346924 0 0.045246444642543793
vn 0.99897587299346924 0 0.045246444642543793
vn -0.0097218966111540794 0 -0.99995273351669312
vn -0.0097218966111540794 0 -0.99995273351669312
vn -0.0097218966111540794 0 -0.99995273351669312
vn -0.0097218966111540794 0 -0.99995273351669312
vn -0.61947983503341675 0 -0.78501260280609131
vn -0.61947983503341675 0 -0.78501260280609131
vn -0.61947983503341675 0 -0.78501260280609131
vn -0.61947983503341675 0 -0.78501260280609131
vn -0.99875897169113159 0 -0.049804601818323135
vn -0.99875897169113159 0 -0.049804601818323135
vn -0.99875897169113159 0 -0.049804601818323135
vn -0.99875897169113159 0 -0.049804601818323135
vn 0.018350604921579361 0 0.99983161687850952
vn 0.018350604921579361 0 0.99983161687850952
vn 0.018350604921579361 0 0.99983161687850952
vn 0.018350604921579361 0 0.99983161687850952
vn 0 -1 0
vn 0 -1 0
vn 0 -1 0
vn 0 -1 0
vn 0 -1 0
vn 0 -1 0
vn 0 -1 0
vn 0 -1 0
vn 0 -1 0
vn 0 -1 0
vn 0 -1 0
vn 0 -1 0
vn 0 -1 0
vn 0 1 0
vn 0 1 0
vn 0 1 0
vn 0 1 0
vn 0 1 0
vn 0 1 0
vn 0 1 0
vn 0 1 0
vn 0 1 0
vn 0 1 0
vn 0 1 0
vn 0 1 0
vn 0 1 0
f 4277/4277/4277 4279/4279/4279 4280/4280/4280 4278/4278/4278
f 4281/4281/4281 4283/4283/4283 4284/4284/4284 4282/4282/4282
f 4285/4285/4285 4287/4287/4287 4288/4288/4288 4286/4286/4286
f 4289/4289/4289 4291/4291/4291 4292/4292/4292 4290/4290/4290
f 4293/4293/4293 4295/4295/4295 4296/4296/4296 4294/4294/4294
f 4297/4297/4297 4299/4299/4299 4300/4300/4300 4298/4298/4298
f 4301/4301/4301 4303/4303/4303 4304/4304/4304 4302/4302/4302
f 4305/4305/4305 4307/4307/4307 4308/4308/4308 4306/4306/4306
f 4309/4309/4309 4311/4311/4311 4312/4312/4312 4310/4310/4310
f 4313/4313/4313 4315/4315/4315 4316/4316/4316 4314/4314/4314
f 4317/4317/4317 4319/4319/4319 4320/4320/4320 4318/4318/4318
f 4321/4321/4321 4323/4323/4323 4324/4324/4324 4322/4322/4322
f 4325/4325/4325 4327/4327/4327 4328/4328/4328 4326/4326/4326
f 4333/4333/4333 4330/4330/4330 4339/4339/4339
f 4341/4341/4341 4330/4330/4330 4329/4329/4329
f 4341/4341/4341 4340/4340/4340 4330/4330/4330
f 4339/4339/4339 4330/4330/4330 4340/4340/4340
f 4332/4332/4332 4331/4331/4331 4330/4330/4330
f 4330/4330/4330 4333/4333/4333 4332/4332/4332
f 4334/4334/4334 4339/4339/4339 4337/4337/4337
f 4336/4336/4336 4334/4334/4334 4337/4337/4337
f 4336/4336/4336 4335/4335/4335 4334/4334/4334
f 4339/4339/4339 4338/4338/4338 4337/4337/4337
f 4333/4333/4333 4339/4339/4339 4334/4334/4334
f 4346/4346/4346 4352/4352/4352 4343/4343/4343
f 4354/4354/4354 4342/4342/4342 4343/4343/4343
f 4354/4354/4354 4343/4343/4343 4353/4353/4353
f 4352/4352/4352 4353/4353/4353 4343/4343/4343
f 4345/4345/4345 4343/4343/4343 4344/4344/4344
f 4343/4343/4343 4345/4345/4345 4346/4346/4346
f 4347/4347/4347 4350/4350/4350 4352/4352/4352
f 4349/4349/4349 4350/4350/4350 4347/4347/4347
f 4349/4349/4349 4347/4347/4347 4348/4348/4348
f 4352/4352/4352 4350/4350/4350 4351/4351/4351
f 4346/4346/4346 4347/4347/4347 4352/4352/4352
usemtl Default
v 60.780441284179688 0 66.324607849121094
v 60.780441284179688 15.100000381469727 66.324607849121094
v 60.978530883789062 0 65.613998413085938
v 60.978530883789062 15.100000381469727 65.613998413085938
v 60.978530883789062 0 65.613998413085938
v 60.978530883789062 15.100000381469727 65.613998413085938
v 61.2584228515625 0 65.616020202636719
v 61.2584228515625 15.100000381469727 65.616020202636719
v 61.2584228515625 0 65.616020202636719
v 61.2584228515625 15.100000381469727 65.616020202636719
v 61.822975158691406 0 65.639625549316406
v 61.822975158691406 15.100000381469727 65.639625549316406
v 62.167793273925781 0 65.651626586914062
v 62.167793273925781 15.100000381469727 65.651626586914062
v 62.167793273925781 0 65.651626586914062
v 62.167793273925781 15.100000381469727 65.651626586914062
v 62.698249816894531 0 52.4141845703125
v 62.698249816894531 15.100000381469727 52.4141845703125
v 62.698249816894531 0 52.4141845703125
v 62.698249816894531 15.100000381469727 52.4141845703125
v 62.288497924804688 0 52.392208099365234
v 62.288497924804688 15.100000381469727 52.392208099365234
v 61.652782440185547 0 52.363201141357422
v 61.652782440185547 15.100000381469727 52.363201141357422
v 61.652782440185547 0 52.363201141357422
v 61.652782440185547 15.100000381469727 52.363201141357422
v 61.686901092529297 0 51.507762908935547
v 61.686901092529297 15.100000381469727 51.507762908935547
v 61.686901092529297 0 51.507762908935547
v 61.686901092529297 15.100000381469727 51.507762908935547
v 25.564878463745117 0 45.434352874755859
v 25.564878463745117 15.100000381469727 45.434352874755859
v 25.564878463745117 0 45.434352874755859
v 25.564878463745117 15.100000381469727 45.434352874755859
v 24.833047866821289 0 48.751323699951172
v 24.833047866821289 15.100000381469727 48.751323699951172
v 24.833047866821289 0 48.751323699951172
v 24.833047866821289 15.100000381469727 48.751323699951172
v 23.060897827148438 0 48.207622528076172
v 23.060897827148438 15.100000381469727 48.207622528076172
v 23.060897827148438 0 48.207622528076172
v 23.060897827148438 15.100000381469727 48.207622528076172
v 21.472513198852539 0 53.560737609863281
v 21.472513198852539 15.100000381469727 53.560737609863281
v 21.472513198852539 0 53.560737609863281
v 21.472513198852539 15.100000381469727 53.560737609863281
v 24.035177230834961 0 54.527206420898438
v 24.035177230834961 15.100000381469727 54.527206420898438
v 24.035177230834961 0 54.527206420898438
v 24.035177230834961 15.100000381469727 54.527206420898438
v 23.04655647277832 0 59.716602325439453
v 23.04655647277832 15.100000381469727 59.716602325439453
v 23.04655647277832 0 59.716602325439453
v 23.04655647277832 15.100000381469727 59.716602325439453
v 60.780441284179688 0 66.324607849121094
v 60.780441284179688 15.100000381469727 66.324607849121094
v 60.780441284179688 0 66.324607849121094
v 60.978530883789062 0 65.613998413085938
v 61.2584228515625 0 65.616020202636719
v 61.822975158691406 0 65.639625549316406
v 62.167793273925781 0 65.651626586914062
v 62.698249816894531 0 52.4141845703125
v 62.288497924804688 0 52.392208099365234
v 61.652782440185547 0 52.363201141357422
v 61.686901092529297 0 51.507762908935547
v 25.564878463745117 0 45.434352874755859
v 24.833047866821289 0 48.751323699951172
v 23.060897827148438 0 48.207622528076172
v 21.472513198852539 0 53.560737609863281
v 24.035177230834961 0 54.527206420898438
v 23.04655647277832 0 59.716602325439453
v 60.780441284179688 15.100000381469727 66.324607849121094
v 60.978530883789062 15.100000381469727 65.613998413085938
v 61.2584228515625 15.100000381469727 65.616020202636719
v 61.822975158691406 15.100000381469727 65.639625549316406
v 62.167793273925781 15.100000381469727 65.651626586914062
v 62.698249816894531 15.100000381469727 52.4141845703125
v 62.288497924804688 15.100000381469727 52.392208099365234
v 61.652782440185547 15.100000381469727 52.363201141357422
v 61.686901092529297 15.100000381469727 51.507762908935547
v 25.564878463745117 15.100000381469727 45.434352874755859
v 24.833047866821289 15.100000381469727 48.751323699951172
v 23.060897827148438 15.100000381469727 48.207622528076172
v 21.472513198852539 15.100000381469727 53.560737609863281
v 24.035177230834961 15.100000381469727 54.527206420898438
v 23.04655647277832 15.100000381469727 59.716602325439453
vt 0 0
vt 0 0.58655452728271484
vt 0.066666670143604279 0
vt 0.066666670143604279 0.58655452728271484
vt 0.066666670143604279 0
vt 0.066666670143604279 0.58655452728271484
vt 0.13333334028720856 0
vt 0.13333334028720856 0.58655452728271484
vt 0.13333334028720856 0
vt 0.13333334028720856 0.58655452728271484
vt 0.20000000298023224 0
vt 0.20000000298023224 0.58655452728271484
vt 0.26666668057441711 0
vt 0.26666668057441711 0.58655452728271484
vt 0.26666668057441711 0
vt 0.26666668057441711 0.58655452728271484
vt 0.3333333432674408 0
vt 0.3333333432674408 0.58655452728271484
vt 0.3333333432674408 0
vt 0.3333333432674408 0.58655452728271484
vt 0.40000000596046448 0
vt 0.40000000596046448 0.58655452728271484
vt 0.46666666865348816 0
vt 0.46666666865348816 0.58655452728271484
vt 0.46666666865348816 0
vt 0.46666666865348816 0.58655452728271484
vt 0.53333336114883423 0
vt 0.53333336114883423 0.58655452728271484
vt 0.53333336114883423 0
vt 0.53333336114883423 0.58655452728271484
vt 0.60000002384185791 0
vt 0.60000002384185791 0.58655452728271484
vt 0.60000002384185791 0
vt 0.60000002384185791 0.58655452728271484
vt 0.66666668653488159 0
vt 0.66666668653488159 0.58655452728271484
vt 0.66666668653488159 0
vt 0.66666668653488159 0.58655452728271484
vt 0.73333334922790527 0
vt 0.73333334922790527 0.58655452728271484
vt 0.73333334922790527 0
vt 0.73333334922790527 0.58655452728271484
vt 0.80000001192092896 0
vt 0.80000001192092896 0.58655452728271484
vt 0.80000001192092896 0
vt 0.80000001192092896 0.58655452728271484
vt 0.86666667461395264 0
vt 0.86666667461395264 0.58655452728271484
vt 0.86666667461395264 0
vt 0.86666667461395264 0.58655452728271484
vt 0.93333333730697632 0
vt 0.93333333730697632 0.58655452728271484
vt 0.93333333730697632 0
vt 0.93333333730697632 0.58655452728271484
vt 1 0
vt 1 0.58655452728271484
vt 0.34161368012428284 0.70007413625717163
vt 0.33756962418556213 0.69335830211639404
vt 0.33910325169563293 0.69080942869186401
vt 0.34233728051185608 0.68580299615859985
vt 0.34429514408111572 0.68272840976715088
vt 0.25181347131729126 0.5865551233291626
vt 0.24943135678768158 0.59015536308288574
vt 0.24577221274375916 0.59577620029449463
vt 0.23979492485523224 0.58956271409988403
vt 0 0.87841737270355225
vt 0.019923143088817596 0.90799993276596069
vt 0.0063885166309773922 0.92047595977783203
vt 0.036330990493297577 0.97194755077362061
vt 0.057201489806175232 0.95514953136444092
vt 0.089219644665718079 1
vt 0.34161368012428284 0.88648098707199097
vt 0.33756962418556213 0.89319682121276855
vt 0.33910325169563293 0.89574569463729858
vt 0.34233728051185608 0.90075212717056274
vt 0.34429514408111572 0.90382671356201172
vt 0.25181347131729126 1
vt 0.24943135678768158 0.99639976024627686
vt 0.24577221274375916 0.99077892303466797
vt 0.23979492485523224 0.99699240922927856
vt 0 0.70813775062561035
vt 0.019923143088817596 0.6785551905632019
vt 0.0063885166309773922 0.66607916355133057
vt 0.036330990493297577 0.61460757255554199
vt 0.057201489806175232 0.63140559196472168
vt 0.089219644665718079 0.5865551233291626
vn 0.96327364444732666 0 0.26852166652679443
vn 0.96327364444732666 0 0.26852166652679443
vn 0.96327364444732666 0 0.26852166652679443
vn 0.96327364444732666 0 0.26852166652679443
vn -0.0072285579517483711 0 0.99997389316558838
vn -0.0072285579517483711 0 0.99997389316558838
vn -0.0072285579517483711 0 0.99997389316558838
vn -0.0072285579517483711 0 0.99997389316558838
vn -0.041784539818763733 0 0.99912667274475098
vn -0.041784539818763733 0 0.99912667274475098
vn -0.034780275076627731 0 0.99939501285552979
vn -0.034780275076627731 0 0.99939501285552979
vn -0.034780275076627731 0 0.99939501285552979
vn -0.034780275076627731 0 0.99939501285552979
vn 0.99919807910919189 0 0.040040146559476852
vn 0.99919807910919189 0 0.040040146559476852
vn 0.99919807910919189 0 0.040040146559476852
vn 0.99919807910919189 0 0.040040146559476852
vn 0.053558405488729477 0 -0.99856472015380859
vn 0.053558405488729477 0 -0.99856472015380859
vn 0.045580904930830002 0 -0.99896067380905151
vn 0.045580904930830002 0 -0.99896067380905151
vn 0.045580904930830002 0 -0.99896067380905151
vn 0.045580904930830002 0 -0.99896067380905151
vn 0.99920570850372314 0 0.039849378168582916
vn 0.99920570850372314 0 0.039849378168582916
vn 0.99920570850372314 0 0.039849378168582916
vn 0.99920570850372314 0 0.039849378168582916
vn 0.16580858826637268 0 -0.98615795373916626
vn 0.16580858826637268 0 -0.98615795373916626
vn 0.16580858826637268 0 -0.98615795373916626
vn 0.16580858826637268 0 -0.98615795373916626
vn -0.97651469707489014 0 -0.21545074880123138
vn -0.97651469707489014 0 -0.21545074880123138
vn -0.97651469707489014 0 -0.21545074880123138
vn -0.97651469707489014 0 -0.21545074880123138
vn 0.29330956935882568 0 -0.95601749420166016
vn 0.29330956935882568 0 -0.95601749420166016
vn 0.29330956935882568 0 -0.95601749420166016
vn 0.29330956935882568 0 -0.95601749420166016
vn -0.9586869478225708 0 -0.28446322679519653
vn -0.9586869478225708 0 -0.28446322679519653
vn -0.9586869478225708 0 -0.28446322679519653
vn -0.9586869478225708 0 -0.28446322679519653
vn -0.35287398099899292 0 0.93567085266113281
vn -0.35287398099899292 0 0.93567085266113281
vn -0.35287398099899292 0 0.93567085266113281
vn -0.35287398099899292 0 0.93567085266113281
vn -0.98233282566070557 0 -0.18714231252670288
vn -0.98233282566070557 0 -0.18714231252670288
vn -0.98233282566070557 0 -0.18714231252670288
vn -0.98233282566070557 0 -0.18714231252670288
vn -0.17249616980552673 0 0.98501020669937134
vn -0.17249616980552673 0 0.98501020669937134
vn -0.17249616980552673 0 0.98501020669937134
vn -0.17249616980552673 0 0.98501020669937134
vn 0 -1 0
vn 0 -1 0
vn 0 -1 0
vn 0 -1 0
vn 0 -1 0
vn 0 -1 0
vn 0 -1 0
vn 0 -1 0
vn 0 -1 0
vn 0 -1 0
vn 0 -1 0
vn 0 -1 0
vn 0 -1 0
vn 0 -1 0
vn 0 -1 0
vn 0 1 0
vn 0 1 0
vn 0 1 0
vn 0 1 0
vn 0 1 0
vn 0 1 0
vn 0 1 0
vn 0 1 0
vn 0 1 0
vn 0 1 0
vn 0 1 0
vn 0 1 0
vn 0 1 0
vn 0 1 0
vn 0 1 0
f 4355/4355/4355 4357/4357/4357 4358/4358/4358 4356/4356/4356
f 4359/4359/4359 4361/4361/4361 4362/4362/4362 4360/4360/4360
f 4363/4363/4363 4365/4365/4365 4366/4366/4366 4364/4364/4364
f 4365/4365/4365 4367/4367/4367 4368/4368/4368 4366/4366/4366
f 4369/4369/4369 4371/4371/4371 4372/4372/4372 4370/4370/4370
f 4373/4373/4373 4375/4375/4375 4376/4376/4376 4374/4374/4374
f 4375/4375/4375 4377/4377/4377 4378/4378/4378 4376/4376/4376
f 4379/4379/4379 4381/4381/4381 4382/4382/4382 4380/4380/4380
f 4383/4383/4383 4385/4385/4385 4386/4386/4386 4384/4384/4384
f 4387/4387/4387 4389/4389/4389 4390/4390/4390 4388/4388/4388
f 4391/4391/4391 4393/4393/4393 4394/4394/4394 4392/4392/4392
f 4395/4395/4395 4397/4397/4397 4398/4398/4398 4396/4396/4396
f 4399/4399/4399 4401/4401/4401 4402/4402/4402 4400/4400/4400
f 4403/4403/4403 4405/4405/4405 4406/4406/4406 4404/4404/4404
f 4407/4407/4407 4409/4409/4409 4410/4410/4410 4408/4408/4408
f 4412/4412/4412 4425/4425/4425 4424/4424/4424
f 4418/4418/4418 4424/4424/4424 4421/4421/4421
f 4421/4421/4421 4423/4423/4423 4422/4422/4422
f 4421/4421/4421 4420/4420/4420 4419/4419/4419
f 4421/4421/4421 4424/4424/4424 4423/4423/4423
f 4425/4425/4425 4412/4412/4412 4411/4411/4411
f 4418/4418/4418 4413/4413/4413 4412/4412/4412
f 4417/4417/4417 4414/4414/4414 4413/4413/4413
f 4415/4415/4415 4414/4414/4414 4416/4416/4416
f 4417/4417/4417 4413/4413/4413 4418/4418/4418
f 4417/4417/4417 4416/4416/4416 4414/4414/4414
f 4418/4418/4418 4421/4421/4421 4419/4419/4419
f 4412/4412/4412 4424/4424/4424 4418/4418/4418
f 4427/4427/4427 4439/4439/4439 4440/4440/4440
f 4433/4433/4433 4436/4436/4436 4439/4439/4439
f 4436/4436/4436 4437/4437/4437 4438/4438/4438
f 4436/4436/4436 4434/4434/4434 4435/4435/4435
f 4436/4436/4436 4438/4438/4438 4439/4439/4439
f 4440/4440/4440 4426/4426/4426 4427/4427/4427
f 4433/4433/4433 4427/4427/4427 4428/4428/4428
f 4432/4432/4432 4428/4428/4428 4429/4429/4429
f 4430/4430/4430 4431/4431/4431 4429/4429/4429
f 4432/4432/4432 4433/4433/4433 4428/4428/4428
f 4432/4432/4432 4429/4429/4429 4431/4431/4431
f 4433/4433/4433 4434/4434/4434 4436/4436/4436
f 4427/4427/4427 4433/4433/4433 4439/4439/4439
usemtl Default
v 56.455459594726562 0 -53.187843322753906
v 56.455459594726562 8.1000003814697266 -53.187843322753906
v 56.449558258056641 0 -56.620376586914062
v 56.449558258056641 8.1000003814697266 -56.620376586914062
v 56.449558258056641 0 -56.620376586914062
v 56.449558258056641 8.1000003814697266 -56.620376586914062
v 60.257591247558594 0 -56.637825012207031
v 60.257591247558594 8.1000003814697266 -56.637825012207031
v 60.257591247558594 0 -56.637825012207031
v 60.257591247558594 8.1000003814697266 -56.637825012207031
v 64.864891052246094 0 -61.421798706054688
v 64.864891052246094 8.1000003814697266 -61.421798706054688
v 64.864891052246094 0 -61.421798706054688
v 64.864891052246094 8.1000003814697266 -61.421798706054688
v 65.954452514648438 0 -75.610122680664062
v 65.954452514648438 8.1000003814697266 -75.610122680664062
v 65.954452514648438 0 -75.610122680664062
v 65.954452514648438 8.1000003814697266 -75.610122680664062
v 28.635105133056641 0 -74.596481323242188
v 28.635105133056641 8.1000003814697266 -74.596481323242188
v 26.820783615112305 0 -74.544075012207031
v 26.820783615112305 8.1000003814697266 -74.544075012207031
v 26.820783615112305 0 -74.544075012207031
v 26.820783615112305 8.1000003814697266 -74.544075012207031
v 26.899562835693359 0 -52.841648101806641
v 26.899562835693359 8.1000003814697266 -52.841648101806641
v 26.899562835693359 0 -52.841648101806641
v 26.899562835693359 8.1000003814697266 -52.841648101806641
v 56.455459594726562 0 -53.187843322753906
v 56.455459594726562 8.1000003814697266 -53.187843322753906
v 56.455459594726562 0 -53.187843322753906
v 56.449558258056641 0 -56.620376586914062
v 60.257591247558594 0 -56.637825012207031
v 64.864891052246094 0 -61.421798706054688
v 65.954452514648438 0 -75.610122680664062
v 28.635105133056641 0 -74.596481323242188
v 26.820783615112305 0 -74.544075012207031
v 26.899562835693359 0 -52.841648101806641
v 56.455459594726562 8.1000003814697266 -53.187843322753906
v 56.449558258056641 8.1000003814697266 -56.620376586914062
v 60.257591247558594 8.1000003814697266 -56.637825012207031
v 64.864891052246094 8.1000003814697266 -61.421798706054688
v 65.954452514648438 8.1000003814697266 -75.610122680664062
v 28.635105133056641 8.1000003814697266 -74.596481323242188
v 26.820783615112305 8.1000003814697266 -74.544075012207031
v 26.899562835693359 8.1000003814697266 -52.841648101806641
vt 0 0
vt 0 0.55200380086898804
vt 0.125 0
vt 0.125 0.55200380086898804
vt 0.125 0
vt 0.125 0.55200380086898804
vt 0.25 0
vt 0.25 0.55200380086898804
vt 0.25 0
vt 0.25 0.55200380086898804
vt 0.375 0
vt 0.375 0.55200380086898804
vt 0.375 0
vt 0.375 0.55200380086898804
vt 0.5 0
vt 0.5 0.55200380086898804
vt 0.5 0
vt 0.5 0.55200380086898804
vt 0.625 0
vt 0.625 0.55200380086898804
vt 0.75 0
vt 0.75 0.55200380086898804
vt 0.75 0
vt 0.75 0.55200380086898804
vt 0.875 0
vt 0.875 0.55200380086898804
vt 0.875 0
vt 0.875 0.55200380086898804
vt 1 0
vt 1 0.55200380086898804
vt 0.20093172788619995 1
vt 0.21831877529621124 0.96475118398666382
vt 0.24406929314136505 0.99399495124816895
vt 0.29940542578697205 0.98052996397018433
vt 0.37878134846687317 0.843436598777771
vt 0.1221439316868782 0.56548517942428589
vt 0.10965133458375931 0.55200433731079102
vt 0 0.77518749237060547
vt 0.20093172788619995 0.55200433731079102
vt 0.21831877529621124 0.5872531533241272
vt 0.24406929314136505 0.55800938606262207
vt 0.29940542578697205 0.57147443294525146
vt 0.37878134846687317 0.70856773853302002
vt 0.1221439316868782 0.98651915788650513
vt 0.10965133458375931 1
vt 0 0.77681684494018555
vn 0.99999850988388062 0 -0.0017196947010233998
vn 0.99999850988388062 0 -0.0017196947010233998
vn 0.99999850988388062 0 -0.0017196947010233998
vn 0.99999850988388062 0 -0.0017196947010233998
vn 0.0045819939114153385 0 0.99998950958251953
vn 0.0045819939114153385 0 0.99998950958251953
vn 0.0045819939114153385 0 0.99998950958251953
vn 0.0045819939114153385 0 0.99998950958251953
vn 0.72028177976608276 0 0.69368159770965576
vn 0.72028177976608276 0 0.69368159770965576
vn 0.72028177976608276 0 0.69368159770965576
vn 0.72028177976608276 0 0.69368159770965576
vn 0.99706441164016724 0 0.076567396521568298
vn 0.99706441164016724 0 0.076567396521568298
vn 0.99706441164016724 0 0.076567396521568298
vn 0.99706441164016724 0 0.076567396521568298
vn -0.027151374146342278 0 -0.99963134527206421
vn -0.027151374146342278 0 -0.99963134527206421
vn -0.028873421251773834 0 -0.99958306550979614
vn -0.028873421251773834 0 -0.99958306550979614
vn -0.028873421251773834 0 -0.99958306550979614
vn -0.028873421251773834 0 -0.99958306550979614
vn -0.99999338388442993 0 0.0036299694329500198
vn -0.99999338388442993 0 0.0036299694329500198
vn -0.99999338388442993 0 0.0036299694329500198
vn -0.99999338388442993 0 0.0036299694329500198
vn 0.011712417937815189 0 0.99993139505386353
vn 0.011712417937815189 0 0.99993139505386353
vn 0.011712417937815189 0 0.99993139505386353
vn 0.011712417937815189 0 0.99993139505386353
vn 0 -1 0
vn 0 -1 0
vn 0 -1 0
vn 0 -1 0
vn 0 -1 0
vn 0 -1 0
vn 0 -1 0
vn 0 -1 0
vn 0 1 0
vn 0 1 0
vn 0 1 0
vn 0 1 0
vn 0 1 0
vn 0 1 0
vn 0 1 0
vn 0 1 0
f 4441/4441/4441 4443/4443/4443 4444/4444/4444 4442/4442/4442
f 4445/4445/4445 4447/4447/4447 4448/4448/4448 4446/4446/4446
f 4449/4449/4449 4451/4451/4451 4452/4452/4452 4450/4450/4450
f 4453/4453/4453 4455/4455/4455 4456/4456/4456 4454/4454/4454
f 4457/4457/4457 4459/4459/4459 4460/4460/4460 4458/4458/4458
f 4459/4459/4459 4461/4461/4461 4462/4462/4462 4460/4460/4460
f 4463/4463/4463 4465/4465/4465 4466/4466/4466 4464/4464/4464
f 4467/4467/4467 4469/4469/4469 4470/4470/4470 4468/4468/4468
f 4472/4472/4472 4478/4478/4478 4476/4476/4476
f 4478/4478/4478 4477/4477/4477 4476/4476/4476
f 4472/4472/4472 4471/4471/4471 4478/4478/4478
f 4472/4472/4472 4474/4474/4474 4473/4473/4473
f 4476/4476/4476 4475/4475/4475 4472/4472/4472
f 4474/4474/4474 4472/4472/4472 4475/4475/4475
f 4480/4480/4480 4484/4484/4484 4486/4486/4486
f 4486/4486/4486 4484/4484/4484 4485/4485/4485
f 4480/4480/4480 4486/4486/4486 4479/4479/4479
f 4480/4480/4480 4481/4481/4481 4482/4482/4482
f 4484/4484/4484 4480/4480/4480 4483/4483/4483
f 4482/4482/4482 4483/4483/4483 4480/4480/4480
usemtl Default
v -3.1208722591400146 0 -52.806354522705078
v -3.1208722591400146 25.799999237060547 -52.806354522705078
v -2.9272279739379883 0 -58.934253692626953
v -2.9272279739379883 25.799999237060547 -58.934253692626953
v -2.9272279739379883 0 -58.934253692626953
v -2.9272279739379883 25.799999237060547 -58.934253692626953
v -1.7805362939834595 0 -59.96099853515625
v -1.7805362939834595 25.799999237060547 -59.96099853515625
v -1.7805362939834595 0 -59.96099853515625
v -1.7805362939834595 25.799999237060547 -59.96099853515625
v -1.7596415281295776 0 -61.971565246582031
v -1.7596415281295776 25.799999237060547 -61.971565246582031
v -1.7596415281295776 0 -61.971565246582031
v -1.7596415281295776 25.799999237060547 -61.971565246582031
v -2.8421535491943359 0 -63.079448699951172
v -2.8421535491943359 25.799999237060547 -63.079448699951172
v -2.8421535491943359 0 -63.079448699951172
v -2.8421535491943359 25.799999237060547 -63.079448699951172
v -2.7838478088378906 0 -65.705680847167969
v -2.7838478088378906 25.799999237060547 -65.705680847167969
v -2.7838478088378906 0 -65.705680847167969
v -2.7838478088378906 25.799999237060547 -65.705680847167969
v -2.5696227550506592 0 -65.897628784179688
v -2.5696227550506592 25.799999237060547 -65.897628784179688
v -2.5696227550506592 0 -65.897628784179688
v -2.5696227550506592 25.799999237060547 -65.897628784179688
v -1.6672362089157104 0 -66.629608154296875
v -1.6672362089157104 25.799999237060547 -66.629608154296875
v -1.6672362089157104 0 -66.629608154296875
v -1.6672362089157104 25.799999237060547 -66.629608154296875
v -1.6162638664245605 0 -68.742996215820312
v -1.6162638664245605 25.799999237060547 -68.742996215820312
v -1.6162638664245605 0 -68.742996215820312
v -1.6162638664245605 25.799999237060547 -68.742996215820312
v -2.7002434730529785 0 -69.826736450195312
v -2.7002434730529785 25.799999237060547 -69.826736450195312
v -2.7002434730529785 0 -69.826736450195312
v -2.7002434730529785 25.799999237060547 -69.826736450195312
v -2.6529443264007568 0 -72.46795654296875
v -2.6529443264007568 25.799999237060547 -72.46795654296875
v -2.6529443264007568 0 -72.46795654296875
v -2.6529443264007568 25.799999237060547 -72.46795654296875
v -1.5260623693466187 0 -73.364822387695312
v -1.5260623693466187 25.799999237060547 -73.364822387695312
v -1.5260623693466187 0 -73.364822387695312
v -1.5260623693466187 25.799999237060547 -73.364822387695312
v -1.4578523635864258 0 -75.663871765136719
v -1.4578523635864258 25.799999237060547 -75.663871765136719
v -1.4578523635864258 0 -75.663871765136719
v -1.4578523635864258 25.799999237060547 -75.663871765136719
v -2.5671422481536865 0 -76.625221252441406
v -2.5671422481536865 25.799999237060547 -76.625221252441406
v -2.5671422481536865 0 -76.625221252441406
v -2.5671422481536865 25.799999237060547 -76.625221252441406
v -2.5103070735931396 0 -79.227310180664062
v -2.5103070735931396 25.799999237060547 -79.227310180664062
v -2.5103070735931396 0 -79.227310180664062
v -2.5103070735931396 25.799999237060547 -79.227310180664062
v -1.3669207096099854 0 -80.297767639160156
v -1.3669207096099854 25.799999237060547 -80.297767639160156
v -1.3669207096099854 0 -80.297767639160156
v -1.3669207096099854 25.799999237060547 -80.297767639160156
v -1.3243880271911621 0 -82.370361328125
v -1.3243880271911621 25.799999237060547 -82.370361328125
v -1.3243880271911621 0 -82.370361328125
v -1.3243880271911621 25.799999237060547 -82.370361328125
v -2.4248757362365723 0 -83.476570129394531
v -2.4248757362365723 25.799999237060547 -83.476570129394531
v -2.4248757362365723 0 -83.476570129394531
v -2.4248757362365723 25.799999237060547 -83.476570129394531
v -2.3706088066101074 0 -85.938377380371094
v -2.3706088066101074 25.799999237060547 -85.938377380371094
v -2.3706088066101074 0 -85.938377380371094
v -2.3706088066101074 25.799999237060547 -85.938377380371094
v -1.2176856994628906 0 -86.969703674316406
v -1.2176856994628906 25.799999237060547 -86.969703674316406
v -1.2176856994628906 0 -86.969703674316406
v -1.2176856994628906 25.799999237060547 -86.969703674316406
v -1.180656909942627 0 -89.049797058105469
v -1.180656909942627 25.799999237060547 -89.049797058105469
v -1.180656909942627 0 -89.049797058105469
v -1.180656909942627 25.799999237060547 -89.049797058105469
v -2.2077782154083252 0 -89.990760803222656
v -2.2077782154083252 25.799999237060547 -89.990760803222656
v -2.2077782154083252 0 -89.990760803222656
v -2.2077782154083252 25.799999237060547 -89.990760803222656
v -13.645033836364746 0 -90.30938720703125
v -13.645033836364746 25.799999237060547 -90.30938720703125
v -13.645033836364746 0 -90.30938720703125
v -13.645033836364746 25.799999237060547 -90.30938720703125
v -15.504824638366699 0 -88.724288940429688
v -15.504824638366699 25.799999237060547 -88.724288940429688
v -15.504824638366699 0 -88.724288940429688
v -15.504824638366699 25.799999237060547 -88.724288940429688
v -16.399614334106445 0 -52.625934600830078
v -16.399614334106445 25.799999237060547 -52.625934600830078
v -16.399614334106445 0 -52.625934600830078
v -16.399614334106445 25.799999237060547 -52.625934600830078
v -3.1208722591400146 0 -52.806354522705078
v -3.1208722591400146 25.799999237060547 -52.806354522705078
v -3.1208722591400146 0 -52.806354522705078
v -2.9272279739379883 0 -58.934253692626953
v -1.7805362939834595 0 -59.96099853515625
v -1.7596415281295776 0 -61.971565246582031
v -2.8421535491943359 0 -63.079448699951172
v -2.7838478088378906 0 -65.705680847167969
v -2.5696227550506592 0 -65.897628784179688
v -1.6672362089157104 0 -66.629608154296875
v -1.6162638664245605 0 -68.742996215820312
v -2.7002434730529785 0 -69.826736450195312
v -2.6529443264007568 0 -72.46795654296875
v -1.5260623693466187 0 -73.364822387695312
v -1.4578523635864258 0 -75.663871765136719
v -2.5671422481536865 0 -76.625221252441406
v -2.5103070735931396 0 -79.227310180664062
v -1.3669207096099854 0 -80.297767639160156
v -1.3243880271911621 0 -82.370361328125
v -2.4248757362365723 0 -83.476570129394531
v -2.3706088066101074 0 -85.938377380371094
v -1.2176856994628906 0 -86.969703674316406
v -1.180656909942627 0 -89.049797058105469
v -2.2077782154083252 0 -89.990760803222656
v -13.645033836364746 0 -90.30938720703125
v -15.504824638366699 0 -88.724288940429688
v -16.399614334106445 0 -52.625934600830078
v -3.1208722591400146 25.799999237060547 -52.806354522705078
v -2.9272279739379883 25.799999237060547 -58.934253692626953
v -1.7805362939834595 25.799999237060547 -59.96099853515625
v -1.7596415281295776 25.799999237060547 -61.971565246582031
v -2.8421535491943359 25.799999237060547 -63.079448699951172
v -2.7838478088378906 25.799999237060547 -65.705680847167969
v -2.5696227550506592 25.799999237060547 -65.897628784179688
v -1.6672362089157104 25.799999237060547 -66.629608154296875
v -1.6162638664245605 25.799999237060547 -68.742996215820312
v -2.7002434730529785 25.799999237060547 -69.826736450195312
v -2.6529443264007568 25.799999237060547 -72.46795654296875
v -1.5260623693466187 25.799999237060547 -73.364822387695312
v -1.4578523635864258 25.799999237060547 -75.663871765136719
v -2.5671422481536865 25.799999237060547 -76.625221252441406
v -2.5103070735931396 25.799999237060547 -79.227310180664062
v -1.3669207096099854 25.799999237060547 -80.297767639160156
v -1.3243880271911621 25.799999237060547 -82.370361328125
v -2.4248757362365723 25.799999237060547 -83.476570129394531
v -2.3706088066101074 25.799999237060547 -85.938377380371094
v -1.2176856994628906 25.799999237060547 -86.969703674316406
v -1.180656909942627 25.799999237060547 -89.049797058105469
v -2.2077782154083252 25.799999237060547 -89.990760803222656
v -13.645033836364746 25.799999237060547 -90.30938720703125
v -15.504824638366699 25.799999237060547 -88.724288940429688
v -16.399614334106445 25.799999237060547 -52.625934600830078
vt 0 0
vt 0 0.6373136043548584
vt 0.039999999105930328 0
vt 0.039999999105930328 0.6373136043548584
vt 0.039999999105930328 0
vt 0.039999999105930328 0.6373136043548584
vt 0.079999998211860657 0
vt 0.079999998211860657 0.6373136043548584
vt 0.079999998211860657 0
vt 0.079999998211860657 0.6373136043548584
vt 0.11999999731779099 0
vt 0.11999999731779099 0.6373136043548584
vt 0.11999999731779099 0
vt 0.11999999731779099 0.6373136043548584
vt 0.15999999642372131 0
vt 0.15999999642372131 0.6373136043548584
vt 0.15999999642372131 0
vt 0.15999999642372131 0.6373136043548584
vt 0.20000000298023224 0
vt 0.20000000298023224 0.6373136043548584
vt 0.20000000298023224 0
vt 0.20000000298023224 0.6373136043548584
vt 0.23999999463558197 0
vt 0.23999999463558197 0.6373136043548584
vt 0.23999999463558197 0
vt 0.23999999463558197 0.6373136043548584
vt 0.2800000011920929 0
vt 0.2800000011920929 0.6373136043548584
vt 0.2800000011920929 0
vt 0.2800000011920929 0.6373136043548584
vt 0.31999999284744263 0
vt 0.31999999284744263 0.6373136043548584
vt 0.31999999284744263 0
vt 0.31999999284744263 0.6373136043548584
vt 0.36000001430511475 0
vt 0.36000001430511475 0.6373136043548584
vt 0.36000001430511475 0
vt 0.36000001430511475 0.6373136043548584
vt 0.40000000596046448 0
vt 0.40000000596046448 0.6373136043548584
vt 0.40000000596046448 0
vt 0.40000000596046448 0.6373136043548584
vt 0.43999999761581421 0
vt 0.43999999761581421 0.6373136043548584
vt 0.43999999761581421 0
vt 0.43999999761581421 0.6373136043548584
vt 0.47999998927116394 0
vt 0.47999998927116394 0.6373136043548584
vt 0.47999998927116394 0
vt 0.47999998927116394 0.6373136043548584
vt 0.51999998092651367 0
vt 0.51999998092651367 0.6373136043548584
vt 0.51999998092651367 0
vt 0.51999998092651367 0.6373136043548584
vt 0.56000000238418579 0
vt 0.56000000238418579 0.6373136043548584
vt 0.56000000238418579 0
vt 0.56000000238418579 0.6373136043548584
vt 0.60000002384185791 0
vt 0.60000002384185791 0.6373136043548584
vt 0.60000002384185791 0
vt 0.60000002384185791 0.6373136043548584
vt 0.63999998569488525 0
vt 0.63999998569488525 0.6373136043548584
vt 0.63999998569488525 0
vt 0.63999998569488525 0.6373136043548584
vt 0.68000000715255737 0
vt 0.68000000715255737 0.6373136043548584
vt 0.68000000715255737 0
vt 0.68000000715255737 0.6373136043548584
vt 0.72000002861022949 0
vt 0.72000002861022949 0.6373136043548584
vt 0.72000002861022949 0
vt 0.72000002861022949 0.6373136043548584
vt 0.75999999046325684 0
vt 0.75999999046325684 0.6373136043548584
vt 0.75999999046325684 0
vt 0.75999999046325684 0.6373136043548584
vt 0.80000001192092896 0
vt 0.80000001192092896 0.6373136043548584
vt 0.80000001192092896 0
vt 0.80000001192092896 0.6373136043548584
vt 0.8399999737739563 0
vt 0.8399999737739563 0.6373136043548584
vt 0.8399999737739563 0
vt 0.8399999737739563 0.6373136043548584
vt 0.87999999523162842 0
vt 0.87999999523162842 0.6373136043548584
vt 0.87999999523162842 0
vt 0.87999999523162842 0.6373136043548584
vt 0.92000001668930054 0
vt 0.92000001668930054 0.6373136043548584
vt 0.92000001668930054 0
vt 0.92000001668930054 0.6373136043548584
vt 0.95999997854232788 0
vt 0.95999997854232788 0.6373136043548584
vt 0.95999997854232788 0
vt 0.95999997854232788 0.6373136043548584
vt 1 0
vt 1 0.6373136043548584
vt 0.34439533948898315 0.8859514594078064
vt 0.29904872179031372 0.84505552053451538
vt 0.29781424999237061 0.82873022556304932
vt 0.28269243240356445 0.81567472219467163
vt 0.26811191439628601 0.81778192520141602
vt 0.24853670597076416 0.80046498775482178
vt 0.24830512702465057 0.79741430282592773
vt 0.24790990352630615 0.78505402803421021
vt 0.23218041658401489 0.7710842490196228
vt 0.21777452528476715 0.77335858345031738
vt 0.19802290201187134 0.75603926181793213
vt 0.19765983521938324 0.74071425199508667
vt 0.18062141537666321 0.72540873289108276
vt 0.16699874401092529 0.72868216037750244
vt 0.14759817719459534 0.7115323543548584
vt 0.14601349830627441 0.69495522975921631
vt 0.13054507970809937 0.68131852149963379
vt 0.11587454378604889 0.68358922004699707
vt 0.097522720694541931 0.66735982894897461
vt 0.096289113163948059 0.65095221996307373
vt 0.080732472240924835 0.63731426000595093
vt 0.067733563482761383 0.64001965522766113
vt 0 0.73521578311920166
vt 0.0013945752289146185 0.76117998361587524
vt 0.26992806792259216 1
vt 0.34439533948898315 0.75136280059814453
vt 0.29904872179031372 0.79225873947143555
vt 0.29781424999237061 0.80858403444290161
vt 0.28269243240356445 0.8216395378112793
vt 0.26811191439628601 0.81953233480453491
vt 0.24853670597076416 0.83684927225112915
vt 0.24830512702465057 0.83989995718002319
vt 0.24790990352630615 0.85226023197174072
vt 0.23218041658401489 0.86623001098632812
vt 0.21777452528476715 0.86395567655563354
vt 0.19802290201187134 0.8812749981880188
vt 0.19765983521938324 0.89660000801086426
vt 0.18062141537666321 0.91190552711486816
vt 0.16699874401092529 0.90863209962844849
vt 0.14759817719459534 0.92578184604644775
vt 0.14601349830627441 0.94235903024673462
vt 0.13054507970809937 0.95599573850631714
vt 0.11587454378604889 0.95372503995895386
vt 0.097522720694541931 0.96995443105697632
vt 0.096289113163948059 0.9863620400428772
vt 0.080732472240924835 1
vt 0.067733563482761383 0.99729460477828979
vt 0 0.90209841728210449
vt 0.0013945752289146185 0.87613427639007568
vt 0.26992806792259216 0.63731426000595093
vn 0.99950110912322998 0 0.03158467635512352
vn 0.99950110912322998 0 0.03158467635512352
vn 0.99950110912322998 0 0.03158467635512352
vn 0.99950110912322998 0 0.03158467635512352
vn 0.66706818342208862 0 0.74499666690826416
vn 0.66706818342208862 0 0.74499666690826416
vn 0.66706818342208862 0 0.74499666690826416
vn 0.66706818342208862 0 0.74499666690826416
vn 0.9999459981918335 0 0.010391893796622753
vn 0.9999459981918335 0 0.010391893796622753
vn 0.9999459981918335 0 0.010391893796622753
vn 0.9999459981918335 0 0.010391893796622753
vn 0.71524864435195923 0 -0.69887006282806396
vn 0.71524864435195923 0 -0.69887006282806396
vn 0.71524864435195923 0 -0.69887006282806396
vn 0.71524864435195923 0 -0.69887006282806396
vn 0.99975365400314331 0 0.022195842117071152
vn 0.99975365400314331 0 0.022195842117071152
vn 0.99975365400314331 0 0.022195842117071152
vn 0.99975365400314331 0 0.022195842117071152
vn 0.66731047630310059 0 0.74477964639663696
vn 0.66731047630310059 0 0.74477964639663696
vn 0.66731047630310059 0 0.74477964639663696
vn 0.66731047630310059 0 0.74477964639663696
vn 0.62996500730514526 0 0.77662354707717896
vn 0.62996500730514526 0 0.77662354707717896
vn 0.62996500730514526 0 0.77662354707717896
vn 0.62996500730514526 0 0.77662354707717896
vn 0.99970924854278564 0 0.024111682549118996
vn 0.99970924854278564 0 0.024111682549118996
vn 0.99970924854278564 0 0.024111682549118996
vn 0.99970924854278564 0 0.024111682549118996
vn 0.70702779293060303 0 -0.70718574523925781
vn 0.70702779293060303 0 -0.70718574523925781
vn 0.70702779293060303 0 -0.70718574523925781
vn 0.70702779293060303 0 -0.70718574523925781
vn 0.9998396635055542 0 0.017905201762914658
vn 0.9998396635055542 0 0.017905201762914658
vn 0.9998396635055542 0 0.017905201762914658
vn 0.9998396635055542 0 0.017905201762914658
vn 0.62272870540618896 0 0.78243786096572876
vn 0.62272870540618896 0 0.78243786096572876
vn 0.62272870540618896 0 0.78243786096572876
vn 0.62272870540618896 0 0.78243786096572876
vn 0.99956017732620239 0 0.029655719175934792
vn 0.99956017732620239 0 0.029655719175934792
vn 0.99956017732620239 0 0.029655719175934792
vn 0.99956017732620239 0 0.029655719175934792
vn 0.65491700172424316 0 -0.75570082664489746
vn 0.65491700172424316 0 -0.75570082664489746
vn 0.65491700172424316 0 -0.75570082664489746
vn 0.65491700172424316 0 -0.75570082664489746
vn 0.99976152181625366 0 0.02183687686920166
vn 0.99976152181625366 0 0.02183687686920166
vn 0.99976152181625366 0 0.02183687686920166
vn 0.99976152181625366 0 0.02183687686920166
vn 0.68344050645828247 0 0.73000621795654297
vn 0.68344050645828247 0 0.73000621795654297
vn 0.68344050645828247 0 0.73000621795654297
vn 0.68344050645828247 0 0.73000621795654297
vn 0.99978947639465332 0 0.020517120137810707
vn 0.99978947639465332 0 0.020517120137810707
vn 0.99978947639465332 0 0.020517120137810707
vn 0.99978947639465332 0 0.020517120137810707
vn 0.7089385986328125 0 -0.70527023077011108
vn 0.7089385986328125 0 -0.70527023077011108
vn 0.7089385986328125 0 -0.70527023077011108
vn 0.7089385986328125 0 -0.70527023077011108
vn 0.99975711107254028 0 0.02203812263906002
vn 0.99975711107254028 0 0.02203812263906002
vn 0.99975711107254028 0 0.02203812263906002
vn 0.99975711107254028 0 0.02203812263906002
vn 0.66670942306518555 0 0.74531775712966919
vn 0.66670942306518555 0 0.74531775712966919
vn 0.66670942306518555 0 0.74531775712966919
vn 0.66670942306518555 0 0.74531775712966919
vn 0.99984157085418701 0 0.017798719927668571
vn 0.99984157085418701 0 0.017798719927668571
vn 0.99984157085418701 0 0.017798719927668571
vn 0.99984157085418701 0 0.017798719927668571
vn 0.67550647258758545 0 -0.73735404014587402
vn 0.67550647258758545 0 -0.73735404014587402
vn 0.67550647258758545 0 -0.73735404014587402
vn 0.67550647258758545 0 -0.73735404014587402
vn 0.027847815304994583 0 -0.99961215257644653
vn 0.027847815304994583 0 -0.99961215257644653
vn 0.027847815304994583 0 -0.99961215257644653
vn 0.027847815304994583 0 -0.99961215257644653
vn -0.64866399765014648 0 -0.76107490062713623
vn -0.64866399765014648 0 -0.76107490062713623
vn -0.64866399765014648 0 -0.76107490062713623
vn -0.64866399765014648 0 -0.76107490062713623
vn -0.99969291687011719 0 -0.024779973551630974
vn -0.99969291687011719 0 -0.024779973551630974
vn -0.99969291687011719 0 -0.024779973551630974
vn -0.99969291687011719 0 -0.024779973551630974
vn 0.013585940934717655 0 0.9999077320098877
vn 0.013585940934717655 0 0.9999077320098877
vn 0.013585940934717655 0 0.9999077320098877
vn 0.013585940934717655 0 0.9999077320098877
vn 0 -1 0
vn 0 -1 0
vn 0 -1 0
vn 0 -1 0
vn 0 -1 0
vn 0 -1 0
vn 0 -1 0
vn 0 -1 0
vn 0 -1 0
vn 0 -1 0
vn 0 -1 0
vn 0 -1 0
vn 0 -1 0
vn 0 -1 0
vn 0 -1 0
vn 0 -1 0
vn 0 -1 0
vn 0 -1 0
vn 0 -1 0
vn 0 -1 0
vn 0 -1 0
vn 0 -1 0
vn 0 -1 0
vn 0 -1 0
vn 0 -1 0
vn 0 1 0
vn 0 1 0
vn 0 1 0
vn 0 1 0
vn 0 1 0
vn 0 1 0
vn 0 1 0
vn 0 1 0
vn 0 1 0
vn 0 1 0
vn 0 1 0
vn 0 1 0
vn 0 1 0
vn 0 1 0
vn 0 1 0
vn 0 1 0
vn 0 1 0
vn 0 1 0
vn 0 1 0
vn 0 1 0
vn 0 1 0
vn 0 1 0
vn 0 1 0
vn 0 1 0
vn 0 1 0
f 4487/4487/4487 4489/4489/4489 4490/4490/4490 4488/4488/4488
f 4491/4491/4491 4493/4493/4493 4494/4494/4494 4492/4492/4492
f 4495/4495/4495 4497/4497/4497 4498/4498/4498 4496/4496/4496
f 4499/4499/4499 4501/4501/4501 4502/4502/4502 4500/4500/4500
f 4503/4503/4503 4505/4505/4505 4506/4506/4506 4504/4504/4504
f 4507/4507/4507 4509/4509/4509 4510/4510/4510 4508/4508/4508
f 4511/4511/4511 4513/4513/4513 4514/4514/4514 4512/4512/4512
f 4515/4515/4515 4517/4517/4517 4518/4518/4518 4516/4516/4516
f 4519/4519/4519 4521/4521/4521 4522/4522/4522 4520/4520/4520
f 4523/4523/4523 4525/4525/4525 4526/4526/4526 4524/4524/4524
f 4527/4527/4527 4529/4529/4529 4530/4530/4530 4528/4528/4528
f 4531/4531/4531 4533/4533/4533 4534/4534/4534 4532/4532/4532
f 4535/4535/4535 4537/4537/4537 4538/4538/4538 4536/4536/4536
f 4539/4539/4539 4541/4541/4541 4542/4542/4542 4540/4540/4540
f 4543/4543/4543 4545/4545/4545 4546/4546/4546 4544/4544/4544
f 4547/4547/4547 4549/4549/4549 4550/4550/4550 4548/4548/4548
f 4551/4551/4551 4553/4553/4553 4554/4554/4554 4552/4552/4552
f 4555/4555/4555 4557/4557/4557 4558/4558/4558 4556/4556/4556
f 4559/4559/4559 4561/4561/4561 4562/4562/4562 4560/4560/4560
f 4563/4563/4563 4565/4565/4565 4566/4566/4566 4564/4564/4564
f 4567/4567/4567 4569/4569/4569 4570/4570/4570 4568/4568/4568
f 4571/4571/4571 4573/4573/4573 4574/4574/4574 4572/4572/4572
f 4575/4575/4575 4577/4577/4577 4578/4578/4578 4576/4576/4576
f 4579/4579/4579 4581/4581/4581 4582/4582/4582 4580/4580/4580
f 4583/4583/4583 4585/4585/4585 4586/4586/4586 4584/4584/4584
f 4588/4588/4588 4587/4587/4587 4611/4611/4611
f 4591/4591/4591 4588/4588/4588 4611/4611/4611
f 4588/4588/4588 4591/4591/4591 4590/4590/4590
f 4589/4589/4589 4588/4588/4588 4590/4590/4590
f 4592/4592/4592 4591/4591/4591 4611/4611/4611
f 4595/4595/4595 4594/4594/4594 4593/4593/4593
f 4596/4596/4596 4593/4593/4593 4592/4592/4592
f 4597/4597/4597 4596/4596/4596 4610/4610/4610
f 4593/4593/4593 4596/4596/4596 4595/4595/4595
f 4596/4596/4596 4611/4611/4611 4610/4610/4610
f 4592/4592/4592 4611/4611/4611 4596/4596/4596
f 4600/4600/4600 4598/4598/4598 4597/4597/4597
f 4599/4599/4599 4598/4598/4598 4600/4600/4600
f 4600/4600/4600 4610/4610/4610 4601/4601/4601
f 4604/4604/4604 4602/4602/4602 4601/4601/4601
f 4601/4601/4601 4610/4610/4610 4604/4604/4604
f 4610/4610/4610 4609/4609/4609 4604/4604/4604
f 4603/4603/4603 4602/4602/4602 4604/4604/4604
f 4605/4605/4605 4604/4604/4604 4609/4609/4609
f 4608/4608/4608 4606/4606/4606 4605/4605/4605
f 4606/4606/4606 4608/4608/4608 4607/4607/4607
f 4609/4609/4609 4608/4608/4608 4605/4605/4605
f 4597/4597/4597 4610/4610/4610 4600/4600/4600
f 4613/4613/4613 4636/4636/4636 4612/4612/4612
f 4616/4616/4616 4636/4636/4636 4613/4613/4613
f 4613/4613/4613 4615/4615/4615 4616/4616/4616
f 4614/4614/4614 4615/4615/4615 4613/4613/4613
f 4617/4617/4617 4636/4636/4636 4616/4616/4616
f 4620/4620/4620 4618/4618/4618 4619/4619/4619
f 4621/4621/4621 4617/4617/4617 4618/4618/4618
f 4622/4622/4622 4635/4635/4635 4621/4621/4621
f 4618/4618/4618 4620/4620/4620 4621/4621/4621
f 4621/4621/4621 4635/4635/4635 4636/4636/4636
f 4617/4617/4617 4621/4621/4621 4636/4636/4636
f 4625/4625/4625 4622/4622/4622 4623/4623/4623
f 4624/4624/4624 4625/4625/4625 4623/4623/4623
f 4625/4625/4625 4626/4626/4626 4635/4635/4635
f 4629/4629/4629 4626/4626/4626 4627/4627/4627
f 4626/4626/4626 4629/4629/4629 4635/4635/4635
f 4635/4635/4635 4629/4629/4629 4634/4634/4634
f 4628/4628/4628 4629/4629/4629 4627/4627/4627
f 4630/4630/4630 4634/4634/4634 4629/4629/4629
f 4633/4633/4633 4630/4630/4630 4631/4631/4631
f 4631/4631/4631 4632/4632/4632 4633/4633/4633
f 4634/4634/4634 4630/4630/4630 4633/4633/4633
f 4622/4622/4622 4625/4625/4625 4635/4635/4635
usemtl Default
v -50.083152770996094 0 -76.371368408203125
v -50.083152770996094 8.6999998092651367 -76.371368408203125
v -19.392328262329102 0 -75.14324951171875
v -19.392328262329102 8.6999998092651367 -75.14324951171875
v -19.392328262329102 0 -75.14324951171875
v -19.392328262329102 8.6999998092651367 -75.14324951171875
v -19.060426712036133 0 -84.625022888183594
v -19.060426712036133 8.6999998092651367 -84.625022888183594
v -19.060426712036133 0 -84.625022888183594
v -19.060426712036133 8.6999998092651367 -84.625022888183594
v -62.728771209716797 0 -86.216896057128906
v -62.728771209716797 8.6999998092651367 -86.216896057128906
v -62.728771209716797 0 -86.216896057128906
v -62.728771209716797 8.6999998092651367 -86.216896057128906
v -62.815338134765625 0 -85.184539794921875
v -62.815338134765625 8.6999998092651367 -85.184539794921875
v -62.815338134765625 0 -85.184539794921875
v -62.815338134765625 8.6999998092651367 -85.184539794921875
v -50.083152770996094 0 -76.371368408203125
v -50.083152770996094 8.6999998092651367 -76.371368408203125
v -50.083152770996094 0 -76.371368408203125
v -19.392328262329102 0 -75.14324951171875
v -19.060426712036133 0 -84.625022888183594
v -62.728771209716797 0 -86.216896057128906
v -62.815338134765625 0 -85.184539794921875
v -50.083152770996094 8.6999998092651367 -76.371368408203125
v -19.392328262329102 8.6999998092651367 -75.14324951171875
v -19.060426712036133 8.6999998092651367 -84.625022888183594
v -62.728771209716797 8.6999998092651367 -86.216896057128906
v -62.815338134765625 8.6999998092651367 -85.184539794921875
vt 0 0
vt 0 0.55582553148269653
vt 0.20000000298023224 0
vt 0.20000000298023224 0.55582553148269653
vt 0.20000000298023224 0
vt 0.20000000298023224 0.55582553148269653
vt 0.40000000596046448 0
vt 0.40000000596046448 0.55582553148269653
vt 0.40000000596046448 0
vt 0.40000000596046448 0.55582553148269653
vt 0.60000002384185791 0
vt 0.60000002384185791 0.55582553148269653
vt 0.60000002384185791 0
vt 0.60000002384185791 0.55582553148269653
vt 0.80000001192092896 0
vt 0.80000001192092896 0.55582553148269653
vt 0.80000001192092896 0
vt 0.80000001192092896 0.55582553148269653
vt 1 0
vt 1 0.55582553148269653
vt 0.15407958626747131 0.93755084276199341
vt 0.34774792194366455 0.63244891166687012
vt 0.27432316541671753 0.55582606792449951
vt 0 0.99114060401916504
vt 0.0076921675354242325 1
vt 0.15407958626747131 0.61827528476715088
vt 0.34774792194366455 0.92337715625762939
vt 0.27432316541671753 1
vt 0 0.56468552350997925
vt 0.0076921675354242325 0.55582606792449951
vn -0.039983920753002167 0 0.99920034408569336
vn -0.039983920753002167 0 0.99920034408569336
vn -0.039983920753002167 0 0.99920034408569336
vn -0.039983920753002167 0 0.99920034408569336
vn 0.99938791990280151 0 0.034982658922672272
vn 0.99938791990280151 0 0.034982658922672272
vn 0.99938791990280151 0 0.034982658922672272
vn 0.99938791990280151 0 0.034982658922672272
vn 0.036429580301046371 0 -0.99933624267578125
vn 0.036429580301046371 0 -0.99933624267578125
vn 0.036429580301046371 0 -0.99933624267578125
vn 0.036429580301046371 0 -0.99933624267578125
vn -0.99650293588638306 0 -0.083558008074760437
vn -0.99650293588638306 0 -0.083558008074760437
vn -0.99650293588638306 0 -0.083558008074760437
vn -0.99650293588638306 0 -0.083558008074760437
vn -0.56914806365966797 0 0.82223504781723022
vn -0.56914806365966797 0 0.82223504781723022
vn -0.56914806365966797 0 0.82223504781723022
vn -0.56914806365966797 0 0.82223504781723022
vn 0 -1 0
vn 0 -1 0
vn 0 -1 0
vn 0 -1 0
vn 0 -1 0
vn 0 1 0
vn 0 1 0
vn 0 1 0
vn 0 1 0
vn 0 1 0
f 4637/4637/4637 4639/4639/4639 4640/4640/4640 4638/4638/4638
f 4641/4641/4641 4643/4643/4643 4644/4644/4644 4642/4642/4642
f 4645/4645/4645 4647/4647/4647 4648/4648/4648 4646/4646/4646
f 4649/4649/4649 4651/4651/4651 4652/4652/4652 4650/4650/4650
f 4653/4653/4653 4655/4655/4655 4656/4656/4656 4654/4654/4654
f 4657/4657/4657 4661/4661/4661 4660/4660/4660
f 4659/4659/4659 4658/4658/4658 4657/4657/4657
f 4660/4660/4660 4659/4659/4659 4657/4657/4657
f 4662/4662/4662 4665/4665/4665 4666/4666/4666
f 4664/4664/4664 4662/4662/4662 4663/4663/4663
f 4665/4665/4665 4662/4662/4662 4664/4664/4664
usemtl Default
v -26.568778991699219 0 125.4739990234375
v -26.568778991699219 26.299999237060547 125.4739990234375
v -26.252176284790039 0 123.30392456054688
v -26.252176284790039 26.299999237060547 123.30392456054688
v -26.252176284790039 0 123.30392456054688
v -26.252176284790039 26.299999237060547 123.30392456054688
v -23.046823501586914 0 123.69458770751953
v -23.046823501586914 26.299999237060547 123.69458770751953
v -23.046823501586914 0 123.69458770751953
v -23.046823501586914 26.299999237060547 123.69458770751953
v -20.726823806762695 0 109.63883209228516
v -20.726823806762695 26.299999237060547 109.63883209228516
v -20.726823806762695 0 109.63883209228516
v -20.726823806762695 26.299999237060547 109.63883209228516
v -16.238737106323242 0 110.43746948242188
v -16.238737106323242 26.299999237060547 110.43746948242188
v -8.1207494735717773 0 111.90167236328125
v -8.1207494735717773 26.299999237060547 111.90167236328125
v -8.1207494735717773 0 111.90167236328125
v -8.1207494735717773 26.299999237060547 111.90167236328125
v -10.78447151184082 0 126.61354064941406
v -10.78447151184082 26.299999237060547 126.61354064941406
v -10.78447151184082 0 126.61354064941406
v -10.78447151184082 26.299999237060547 126.61354064941406
v 34.742015838623047 0 135.283203125
v 34.742015838623047 26.299999237060547 135.283203125
v 34.742015838623047 0 135.283203125
v 34.742015838623047 26.299999237060547 135.283203125
v 34.9793701171875 0 133.63264465332031
v 34.9793701171875 26.299999237060547 133.63264465332031
v 34.9793701171875 0 133.63264465332031
v 34.9793701171875 26.299999237060547 133.63264465332031
v 40.026218414306641 0 134.50454711914062
v 40.026218414306641 26.299999237060547 134.50454711914062
v 40.026218414306641 0 134.50454711914062
v 40.026218414306641 26.299999237060547 134.50454711914062
v 44.180728912353516 0 118.3978271484375
v 44.180728912353516 26.299999237060547 118.3978271484375
v 44.719623565673828 0 116.29514312744141
v 44.719623565673828 26.299999237060547 116.29514312744141
v 44.719623565673828 0 116.29514312744141
v 44.719623565673828 26.299999237060547 116.29514312744141
v 45.884307861328125 0 116.63916015625
v 45.884307861328125 26.299999237060547 116.63916015625
v 45.884307861328125 0 116.63916015625
v 45.884307861328125 26.299999237060547 116.63916015625
v 56.749317169189453 0 77.658348083496094
v 56.749317169189453 26.299999237060547 77.658348083496094
v 56.749317169189453 0 77.658348083496094
v 56.749317169189453 26.299999237060547 77.658348083496094
v 12.466055870056152 0 70.1978759765625
v 12.466055870056152 26.299999237060547 70.1978759765625
v -0.75518274307250977 0 67.960182189941406
v -0.75518274307250977 26.299999237060547 67.960182189941406
v -0.75518274307250977 0 67.960182189941406
v -0.75518274307250977 26.299999237060547 67.960182189941406
v -0.96461021900177002 0 71.741706848144531
v -0.96461021900177002 26.299999237060547 71.741706848144531
v -1.0307023525238037 0 72.98333740234375
v -1.0307023525238037 26.299999237060547 72.98333740234375
v -1.0307023525238037 0 72.98333740234375
v -1.0307023525238037 26.299999237060547 72.98333740234375
v -0.63122552633285522 0 72.978263854980469
v -0.63122552633285522 26.299999237060547 72.978263854980469
v -0.63122552633285522 0 72.978263854980469
v -0.63122552633285522 26.299999237060547 72.978263854980469
v -6.2322239875793457 0 103.57176208496094
v -6.2322239875793457 26.299999237060547 103.57176208496094
v -6.2322239875793457 0 103.57176208496094
v -6.2322239875793457 26.299999237060547 103.57176208496094
v -6.5506315231323242 0 103.51729583740234
v -6.5506315231323242 26.299999237060547 103.51729583740234
v -6.5506315231323242 0 103.51729583740234
v -6.5506315231323242 26.299999237060547 103.51729583740234
v -7.5873498916625977 0 109.20330810546875
v -7.5873498916625977 26.299999237060547 109.20330810546875
v -7.5873498916625977 0 109.20330810546875
v -7.5873498916625977 26.299999237060547 109.20330810546875
v -16.948125839233398 0 107.49111938476562
v -16.948125839233398 26.299999237060547 107.49111938476562
v -22.960779190063477 0 106.401123046875
v -22.960779190063477 26.299999237060547 106.401123046875
v -22.960779190063477 0 106.401123046875
v -22.960779190063477 26.299999237060547 106.401123046875
v -23.103116989135742 0 107.17457580566406
v -23.103116989135742 26.299999237060547 107.17457580566406
v -23.103116989135742 0 107.17457580566406
v -23.103116989135742 26.299999237060547 107.17457580566406
v -48.454261779785156 0 102.68174743652344
v -48.454261779785156 26.299999237060547 102.68174743652344
v -48.454261779785156 0 102.68174743652344
v -48.454261779785156 26.299999237060547 102.68174743652344
v -48.272808074951172 0 94.984733581542969
v -48.272808074951172 26.299999237060547 94.984733581542969
v -47.647251129150391 0 68.528068542480469
v -47.647251129150391 26.299999237060547 68.528068542480469
v -47.647251129150391 0 68.528068542480469
v -47.647251129150391 26.299999237060547 68.528068542480469
v -57.036216735839844 0 68.227264404296875
v -57.036216735839844 26.299999237060547 68.227264404296875
v -57.036216735839844 0 68.227264404296875
v -57.036216735839844 26.299999237060547 68.227264404296875
v -57.094917297363281 0 69.193016052246094
v -57.094917297363281 26.299999237060547 69.193016052246094
v -57.094917297363281 0 69.193016052246094
v -57.094917297363281 26.299999237060547 69.193016052246094
v -59.325965881347656 0 69.04400634765625
v -59.325965881347656 26.299999237060547 69.04400634765625
v -59.325965881347656 0 69.04400634765625
v -59.325965881347656 26.299999237060547 69.04400634765625
v -59.313114166259766 0 67.754409790039062
v -59.313114166259766 26.299999237060547 67.754409790039062
v -59.313114166259766 0 67.754409790039062
v -59.313114166259766 26.299999237060547 67.754409790039062
v -65.931419372558594 0 67.448478698730469
v -65.931419372558594 26.299999237060547 67.448478698730469
v -65.931419372558594 0 67.448478698730469
v -65.931419372558594 26.299999237060547 67.448478698730469
v -67.113838195800781 0 109.44345855712891
v -67.113838195800781 26.299999237060547 109.44345855712891
v -67.113838195800781 0 109.44345855712891
v -67.113838195800781 26.299999237060547 109.44345855712891
v -64.734954833984375 0 109.61075592041016
v -64.734954833984375 26.299999237060547 109.61075592041016
v -64.734954833984375 0 109.61075592041016
v -64.734954833984375 26.299999237060547 109.61075592041016
v -66.300338745117188 0 118.21073913574219
v -66.300338745117188 26.299999237060547 118.21073913574219
v -66.300338745117188 0 118.21073913574219
v -66.300338745117188 26.299999237060547 118.21073913574219
v -26.568778991699219 0 125.4739990234375
v -26.568778991699219 26.299999237060547 125.4739990234375
v -26.568778991699219 0 125.4739990234375
v -26.252176284790039 0 123.30392456054688
v -23.046823501586914 0 123.69458770751953
v -20.726823806762695 0 109.63883209228516
v -16.238737106323242 0 110.43746948242188
v -8.1207494735717773 0 111.90167236328125
v -10.78447151184082 0 126.61354064941406
v 34.742015838623047 0 135.283203125
v 34.9793701171875 0 133.63264465332031
v 40.026218414306641 0 134.50454711914062
v 44.180728912353516 0 118.3978271484375
v 44.719623565673828 0 116.29514312744141
v 45.884307861328125 0 116.63916015625
v 56.749317169189453 0 77.658348083496094
v 12.466055870056152 0 70.1978759765625
v -0.75518274307250977 0 67.960182189941406
v -0.96461021900177002 0 71.741706848144531
v -1.0307023525238037 0 72.98333740234375
v -0.63122552633285522 0 72.978263854980469
v -6.2322239875793457 0 103.57176208496094
v -6.5506315231323242 0 103.51729583740234
v -7.5873498916625977 0 109.20330810546875
v -16.948125839233398 0 107.49111938476562
v -22.960779190063477 0 106.401123046875
v -23.103116989135742 0 107.17457580566406
v -48.454261779785156 0 102.68174743652344
v -48.272808074951172 0 94.984733581542969
v -47.647251129150391 0 68.528068542480469
v -57.036216735839844 0 68.227264404296875
v -57.094917297363281 0 69.193016052246094
v -59.325965881347656 0 69.04400634765625
v -59.313114166259766 0 67.754409790039062
v -65.931419372558594 0 67.448478698730469
v -67.113838195800781 0 109.44345855712891
v -64.734954833984375 0 109.61075592041016
v -66.300338745117188 0 118.21073913574219
v -26.568778991699219 26.299999237060547 125.4739990234375
v -26.252176284790039 26.299999237060547 123.30392456054688
v -23.046823501586914 26.299999237060547 123.69458770751953
v -20.726823806762695 26.299999237060547 109.63883209228516
v -16.238737106323242 26.299999237060547 110.43746948242188
v -8.1207494735717773 26.299999237060547 111.90167236328125
v -10.78447151184082 26.299999237060547 126.61354064941406
v 34.742015838623047 26.299999237060547 135.283203125
v 34.9793701171875 26.299999237060547 133.63264465332031
v 40.026218414306641 26.299999237060547 134.50454711914062
v 44.180728912353516 26.299999237060547 118.3978271484375
v 44.719623565673828 26.299999237060547 116.29514312744141
v 45.884307861328125 26.299999237060547 116.63916015625
v 56.749317169189453 26.299999237060547 77.658348083496094
v 12.466055870056152 26.299999237060547 70.1978759765625
v -0.75518274307250977 26.299999237060547 67.960182189941406
v -0.96461021900177002 26.299999237060547 71.741706848144531
v -1.0307023525238037 26.299999237060547 72.98333740234375
v -0.63122552633285522 26.299999237060547 72.978263854980469
v -6.2322239875793457 26.299999237060547 103.57176208496094
v -6.5506315231323242 26.299999237060547 103.51729583740234
v -7.5873498916625977 26.299999237060547 109.20330810546875
v -16.948125839233398 26.299999237060547 107.49111938476562
v -22.960779190063477 26.299999237060547 106.401123046875
v -23.103116989135742 26.299999237060547 107.17457580566406
v -48.454261779785156 26.299999237060547 102.68174743652344
v -48.272808074951172 26.299999237060547 94.984733581542969
v -47.647251129150391 26.299999237060547 68.528068542480469
v -57.036216735839844 26.299999237060547 68.227264404296875
v -57.094917297363281 26.299999237060547 69.193016052246094
v -59.325965881347656 26.299999237060547 69.04400634765625
v -59.313114166259766 26.299999237060547 67.754409790039062
v -65.931419372558594 26.299999237060547 67.448478698730469
v -67.113838195800781 26.299999237060547 109.44345855712891
v -64.734954833984375 26.299999237060547 109.61075592041016
v -66.300338745117188 26.299999237060547 118.21073913574219
vt 0 0
vt 0 0.55039620399475098
vt 0.02777777798473835 0
vt 0.02777777798473835 0.55039620399475098
vt 0.02777777798473835 0
vt 0.02777777798473835 0.55039620399475098
vt 0.0555555559694767 0
vt 0.0555555559694767 0.55039620399475098
vt 0.0555555559694767 0
vt 0.0555555559694767 0.55039620399475098
vt 0.083333335816860199 0
vt 0.083333335816860199 0.55039620399475098
vt 0.083333335816860199 0
vt 0.083333335816860199 0.55039620399475098
vt 0.1111111119389534 0
vt 0.1111111119389534 0.55039620399475098
vt 0.1388888955116272 0
vt 0.1388888955116272 0.55039620399475098
vt 0.1388888955116272 0
vt 0.1388888955116272 0.55039620399475098
vt 0.1666666716337204 0
vt 0.1666666716337204 0.55039620399475098
vt 0.1666666716337204 0
vt 0.1666666716337204 0.55039620399475098
vt 0.1944444477558136 0
vt 0.1944444477558136 0.55039620399475098
vt 0.1944444477558136 0
vt 0.1944444477558136 0.55039620399475098
vt 0.2222222238779068 0
vt 0.2222222238779068 0.55039620399475098
vt 0.2222222238779068 0
vt 0.2222222238779068 0.55039620399475098
vt 0.25 0
vt 0.25 0.55039620399475098
vt 0.25 0
vt 0.25 0.55039620399475098
vt 0.27777779102325439 0
vt 0.27777779102325439 0.55039620399475098
vt 0.3055555522441864 0
vt 0.3055555522441864 0.55039620399475098
vt 0.3055555522441864 0
vt 0.3055555522441864 0.55039620399475098
vt 0.3333333432674408 0
vt 0.3333333432674408 0.55039620399475098
vt 0.3333333432674408 0
vt 0.3333333432674408 0.55039620399475098
vt 0.3611111044883728 0
vt 0.3611111044883728 0.55039620399475098
vt 0.3611111044883728 0
vt 0.3611111044883728 0.55039620399475098
vt 0.3888888955116272 0
vt 0.3888888955116272 0.55039620399475098
vt 0.4166666567325592 0
vt 0.4166666567325592 0.55039620399475098
vt 0.4166666567325592 0
vt 0.4166666567325592 0.55039620399475098
vt 0.4444444477558136 0
vt 0.4444444477558136 0.55039620399475098
vt 0.47222220897674561 0
vt 0.47222220897674561 0.55039620399475098
vt 0.47222220897674561 0
vt 0.47222220897674561 0.55039620399475098
vt 0.5 0
vt 0.5 0.55039620399475098
vt 0.5 0
vt 0.5 0.55039620399475098
vt 0.52777779102325439 0
vt 0.52777779102325439 0.55039620399475098
vt 0.52777779102325439 0
vt 0.52777779102325439 0.55039620399475098
vt 0.55555558204650879 0
vt 0.55555558204650879 0.55039620399475098
vt 0.55555558204650879 0
vt 0.55555558204650879 0.55039620399475098
vt 0.58333331346511841 0
vt 0.58333331346511841 0.55039620399475098
vt 0.58333331346511841 0
vt 0.58333331346511841 0.55039620399475098
vt 0.6111111044883728 0
vt 0.6111111044883728 0.55039620399475098
vt 0.6388888955116272 0
vt 0.6388888955116272 0.55039620399475098
vt 0.6388888955116272 0
vt 0.6388888955116272 0.55039620399475098
vt 0.66666668653488159 0
vt 0.66666668653488159 0.55039620399475098
vt 0.66666668653488159 0
vt 0.66666668653488159 0.55039620399475098
vt 0.69444441795349121 0
vt 0.69444441795349121 0.55039620399475098
vt 0.69444441795349121 0
vt 0.69444441795349121 0.55039620399475098
vt 0.72222220897674561 0
vt 0.72222220897674561 0.55039620399475098
vt 0.75 0
vt 0.75 0.55039620399475098
vt 0.75 0
vt 0.75 0.55039620399475098
vt 0.77777779102325439 0
vt 0.77777779102325439 0.55039620399475098
vt 0.77777779102325439 0
vt 0.77777779102325439 0.55039620399475098
vt 0.80555558204650879 0
vt 0.80555558204650879 0.55039620399475098
vt 0.80555558204650879 0
vt 0.80555558204650879 0.55039620399475098
vt 0.83333331346511841 0
vt 0.83333331346511841 0.55039620399475098
vt 0.83333331346511841 0
vt 0.83333331346511841 0.55039620399475098
vt 0.8611111044883728 0
vt 0.8611111044883728 0.55039620399475098
vt 0.8611111044883728 0
vt 0.8611111044883728 0.55039620399475098
vt 0.8888888955116272 0
vt 0.8888888955116272 0.55039620399475098
vt 0.8888888955116272 0
vt 0.8888888955116272 0.55039620399475098
vt 0.91666668653488159 0
vt 0.91666668653488159 0.55039620399475098
vt 0.91666668653488159 0
vt 0.91666668653488159 0.55039620399475098
vt 0.94444441795349121 0
vt 0.94444441795349121 0.55039620399475098
vt 0.94444441795349121 0
vt 0.94444441795349121 0.55039620399475098
vt 0.97222220897674561 0
vt 0.97222220897674561 0.55039620399475098
vt 0.97222220897674561 0
vt 0.97222220897674561 0.55039620399475098
vt 1 0
vt 1 0.55039620399475098
vt 0.060489792376756668 0.81878453493118286
vt 0.063935406506061554 0.81287211179733276
vt 0.069075226783752441 0.82145971059799194
vt 0.091868378221988678 0.78378552198410034
vt 0.09873034805059433 0.79658001661300659
vt 0.11111605912446976 0.81978261470794678
vt 0.086843259632587433 0.85867249965667725
vt 0.15569397807121277 0.99019765853881836
vt 0.15830862522125244 0.98569273948669434
vt 0.16605973243713379 1
vt 0.1948201060295105 0.96027845144271851
vt 0.19856858253479004 0.95508491992950439
vt 0.20016737282276154 0.95882374048233032
vt 0.27120301127433777 0.86456018686294556
vt 0.20293891429901123 0.73960322141647339
vt 0.18257163465023041 0.70226448774337769
vt 0.17717170715332031 0.71335667371749878
vt 0.17540338635444641 0.71700489521026611
vt 0.17611546814441681 0.71791058778762817
vt 0.12553088366985321 0.79864007234573364
vt 0.12504115700721741 0.79773908853530884
vt 0.11564718931913376 0.81275308132171631
vt 0.10139704495668411 0.78592544794082642
vt 0.092230819165706635 0.76872330904006958
vt 0.090950652956962585 0.77076262235641479
vt 0.052166171371936798 0.69854849576950073
vt 0.062725074589252472 0.67540657520294189
vt 0.099022068083286285 0.59586608409881592
vt 0.082844726741313934 0.57329362630844116
vt 0.081456445157527924 0.57611441612243652
vt 0.077715449035167694 0.57051330804824829
vt 0.079453557729721069 0.56659555435180664
vt 0.068174995481967926 0.55039674043655396
vt 0.010225837118923664 0.67621546983718872
vt 0.014203529804944992 0.68221348524093628
vt 0 0.70492786169052124
vt 0.060489792376756668 0.73161220550537109
vt 0.063935406506061554 0.73752462863922119
vt 0.069075226783752441 0.72893702983856201
vt 0.091868378221988678 0.76661121845245361
vt 0.09873034805059433 0.75381672382354736
vt 0.11111605912446976 0.73061412572860718
vt 0.086843259632587433 0.69172430038452148
vt 0.15569397807121277 0.5601990818977356
vt 0.15830862522125244 0.56470400094985962
vt 0.16605973243713379 0.55039674043655396
vt 0.1948201060295105 0.59011834859848022
vt 0.19856858253479004 0.59531188011169434
vt 0.20016737282276154 0.59157299995422363
vt 0.27120301127433777 0.68583661317825317
vt 0.20293891429901123 0.81079351902008057
vt 0.18257163465023041 0.84813225269317627
vt 0.17717170715332031 0.83704006671905518
vt 0.17540338635444641 0.83339184522628784
vt 0.17611546814441681 0.83248621225357056
vt 0.12553088366985321 0.75175666809082031
vt 0.12504115700721741 0.75265765190124512
vt 0.11564718931913376 0.73764371871948242
vt 0.10139704495668411 0.76447135210037231
vt 0.092230819165706635 0.78167343139648438
vt 0.090950652956962585 0.77963417768478394
vt 0.052166171371936798 0.85184824466705322
vt 0.062725074589252472 0.87499016523361206
vt 0.099022068083286285 0.95453071594238281
vt 0.082844726741313934 0.97710311412811279
vt 0.081456445157527924 0.97428238391876221
vt 0.077715449035167694 0.97988343238830566
vt 0.079453557729721069 0.98380124568939209
vt 0.068174995481967926 1
vt 0.010225837118923664 0.87418127059936523
vt 0.014203529804944992 0.86818331480026245
vt 0 0.84546887874603271
vn 0.989524245262146 0 0.14436674118041992
vn 0.989524245262146 0 0.14436674118041992
vn 0.989524245262146 0 0.14436674118041992
vn 0.989524245262146 0 0.14436674118041992
vn -0.1209830567240715 0 0.99265456199645996
vn -0.1209830567240715 0 0.99265456199645996
vn -0.1209830567240715 0 0.99265456199645996
vn -0.1209830567240715 0 0.99265456199645996
vn 0.98665028810501099 0 0.16285344958305359
vn 0.98665028810501099 0 0.16285344958305359
vn 0.98665028810501099 0 0.16285344958305359
vn 0.98665028810501099 0 0.16285344958305359
vn -0.17519444227218628 0 0.98453384637832642
vn -0.17519444227218628 0 0.98453384637832642
vn -0.17750075459480286 0 0.98412066698074341
vn -0.17750075459480286 0 0.98412066698074341
vn -0.17750075459480286 0 0.98412066698074341
vn -0.17750075459480286 0 0.98412066698074341
vn -0.9840010404586792 0 -0.17816261947154999
vn -0.9840010404586792 0 -0.17816261947154999
vn -0.9840010404586792 0 -0.17816261947154999
vn -0.9840010404586792 0 -0.17816261947154999
vn -0.18706941604614258 0 0.98234671354293823
vn -0.18706941604614258 0 0.98234671354293823
vn -0.18706941604614258 0 0.98234671354293823
vn -0.18706941604614258 0 0.98234671354293823
vn 0.98981779813766479 0 0.14234016835689545
vn 0.98981779813766479 0 0.14234016835689545
vn 0.98981779813766479 0 0.14234016835689545
vn 0.98981779813766479 0 0.14234016835689545
vn -0.17023743689060211 0 0.98540306091308594
vn -0.17023743689060211 0 0.98540306091308594
vn -0.17023743689060211 0 0.98540306091308594
vn -0.17023743689060211 0 0.98540306091308594
vn 0.96830731630325317 0 0.24976183474063873
vn 0.96830731630325317 0 0.24976183474063873
vn 0.96869248151779175 0 0.24826374650001526
vn 0.96869248151779175 0 0.24826374650001526
vn 0.96869248151779175 0 0.24826374650001526
vn 0.96869248151779175 0 0.24826374650001526
vn -0.28327402472496033 0 0.95903903245925903
vn -0.28327402472496033 0 0.95903903245925903
vn -0.28327402472496033 0 0.95903903245925903
vn -0.28327402472496033 0 0.95903903245925903
vn 0.96328169107437134 0 0.26849275827407837
vn 0.96328169107437134 0 0.26849275827407837
vn 0.96328169107437134 0 0.26849275827407837
vn 0.96328169107437134 0 0.26849275827407837
vn 0.16613052785396576 0 -0.98610377311706543
vn 0.16613052785396576 0 -0.98610377311706543
vn 0.16687694191932678 0 -0.98597770929336548
vn 0.16687694191932678 0 -0.98597770929336548
vn 0.16687694191932678 0 -0.98597770929336548
vn 0.16687694191932678 0 -0.98597770929336548
vn -0.99846994876861572 0 -0.055296991020441055
vn -0.99846994876861572 0 -0.055296991020441055
vn -0.99858629703521729 0 -0.053154706954956055
vn -0.99858629703521729 0 -0.053154706954956055
vn -0.99858629703521729 0 -0.053154706954956055
vn -0.99858629703521729 0 -0.053154706954956055
vn 0.012703473679721355 0 0.99991929531097412
vn 0.012703473679721355 0 0.99991929531097412
vn 0.012703473679721355 0 0.99991929531097412
vn 0.012703473679721355 0 0.99991929531097412
vn -0.98365104198455811 0 -0.1800849437713623
vn -0.98365104198455811 0 -0.1800849437713623
vn -0.98365104198455811 0 -0.1800849437713623
vn -0.98365104198455811 0 -0.1800849437713623
vn 0.16861401498317719 0 -0.98568212985992432
vn 0.16861401498317719 0 -0.98568212985992432
vn 0.16861401498317719 0 -0.98568212985992432
vn 0.16861401498317719 0 -0.98568212985992432
vn -0.98378157615661621 0 -0.17937067151069641
vn -0.98378157615661621 0 -0.17937067151069641
vn -0.98378157615661621 0 -0.17937067151069641
vn -0.98378157615661621 0 -0.17937067151069641
vn 0.17992626130580902 0 -0.9836801290512085
vn 0.17992626130580902 0 -0.9836801290512085
vn 0.17837700247764587 0 -0.98396223783493042
vn 0.17837700247764587 0 -0.98396223783493042
vn 0.17837700247764587 0 -0.98396223783493042
vn 0.17837700247764587 0 -0.98396223783493042
vn -0.98348492383956909 0 -0.18099021911621094
vn -0.98348492383956909 0 -0.18099021911621094
vn -0.98348492383956909 0 -0.18099021911621094
vn -0.98348492383956909 0 -0.18099021911621094
vn 0.17450444400310516 0 -0.98465639352798462
vn 0.17450444400310516 0 -0.98465639352798462
vn 0.17450444400310516 0 -0.98465639352798462
vn 0.17450444400310516 0 -0.98465639352798462
vn 0.99972224235534668 0 0.023567879572510719
vn 0.99972224235534668 0 0.023567879572510719
vn 0.99972057342529297 0 0.023638041689991951
vn 0.99972057342529297 0 0.023638041689991951
vn 0.99972057342529297 0 0.023638041689991951
vn 0.99972057342529297 0 0.023638041689991951
vn 0.032021570950746536 0 -0.99948716163635254
vn 0.032021570950746536 0 -0.99948716163635254
vn 0.032021570950746536 0 -0.99948716163635254
vn 0.032021570950746536 0 -0.99948716163635254
vn -0.998157799243927 0 -0.060671105980873108
vn -0.998157799243927 0 -0.060671105980873108
vn -0.998157799243927 0 -0.060671105980873108
vn -0.998157799243927 0 -0.060671105980873108
vn 0.066640101373195648 0 -0.99777710437774658
vn 0.066640101373195648 0 -0.99777710437774658
vn 0.066640101373195648 0 -0.99777710437774658
vn 0.066640101373195648 0 -0.99777710437774658
vn 0.9999503493309021 0 0.0099645871669054031
vn 0.9999503493309021 0 0.0099645871669054031
vn 0.9999503493309021 0 0.0099645871669054031
vn 0.9999503493309021 0 0.0099645871669054031
vn 0.046175245195627213 0 -0.99893337488174438
vn 0.046175245195627213 0 -0.99893337488174438
vn 0.046175245195627213 0 -0.99893337488174438
vn 0.046175245195627213 0 -0.99893337488174438
vn -0.99960386753082275 0 -0.028144927695393562
vn -0.99960386753082275 0 -0.028144927695393562
vn -0.99960386753082275 0 -0.028144927695393562
vn -0.99960386753082275 0 -0.028144927695393562
vn -0.070153772830963135 0 0.99753618240356445
vn -0.070153772830963135 0 0.99753618240356445
vn -0.070153772830963135 0 0.99753618240356445
vn -0.070153772830963135 0 0.99753618240356445
vn -0.98383468389511108 0 -0.17907911539077759
vn -0.98383468389511108 0 -0.17907911539077759
vn -0.98383468389511108 0 -0.17907911539077759
vn -0.98383468389511108 0 -0.17907911539077759
vn -0.17982813715934753 0 0.98369807004928589
vn -0.17982813715934753 0 0.98369807004928589
vn -0.17982813715934753 0 0.98369807004928589
vn -0.17982813715934753 0 0.98369807004928589
vn 0 -1 0
vn 0 -1 0
vn 0 -1 0
vn 0 -1 0
vn 0 -1 0
vn 0 -1 0
vn 0 -1 0
vn 0 -1 0
vn 0 -1 0
vn 0 -1 0
vn 0 -1 0
vn 0 -1 0
vn 0 -1 0
vn 0 -1 0
vn 0 -1 0
vn 0 -1 0
vn 0 -1 0
vn 0 -1 0
vn 0 -1 0
vn 0 -1 0
vn 0 -1 0
vn 0 -1 0
vn 0 -1 0
vn 0 -1 0
vn 0 -1 0
vn 0 -1 0
vn 0 -1 0
vn 0 -1 0
vn 0 -1 0
vn 0 -1 0
vn 0 -1 0
vn 0 -1 0
vn 0 -1 0
vn 0 -1 0
vn 0 -1 0
vn 0 -1 0
vn 0 1 0
vn 0 1 0
vn 0 1 0
vn 0 1 0
vn 0 1 0
vn 0 1 0
vn 0 1 0
vn 0 1 0
vn 0 1 0
vn 0 1 0
vn 0 1 0
vn 0 1 0
vn 0 1 0
vn 0 1 0
vn 0 1 0
vn 0 1 0
vn 0 1 0
vn 0 1 0
vn 0 1 0
vn 0 1 0
vn 0 1 0
vn 0 1 0
vn 0 1 0
vn 0 1 0
vn 0 1 0
vn 0 1 0
vn 0 1 0
vn 0 1 0
vn 0 1 0
vn 0 1 0
vn 0 1 0
vn 0 1 0
vn 0 1 0
vn 0 1 0
vn 0 1 0
vn 0 1 0
f 4667/4667/4667 4669/4669/4669 4670/4670/4670 4668/4668/4668
f 4671/4671/4671 4673/4673/4673 4674/4674/4674 4672/4672/4672
f 4675/4675/4675 4677/4677/4677 4678/4678/4678 4676/4676/4676
f 4679/4679/4679 4681/4681/4681 4682/4682/4682 4680/4680/4680
f 4681/4681/4681 4683/4683/4683 4684/4684/4684 4682/4682/4682
f 4685/4685/4685 4687/4687/4687 4688/4688/4688 4686/4686/4686
f 4689/4689/4689 4691/4691/4691 4692/4692/4692 4690/4690/4690
f 4693/4693/4693 4695/4695/4695 4696/4696/4696 4694/4694/4694
f 4697/4697/4697 4699/4699/4699 4700/4700/4700 4698/4698/4698
f 4701/4701/4701 4703/4703/4703 4704/4704/4704 4702/4702/4702
f 4703/4703/4703 4705/4705/4705 4706/4706/4706 4704/4704/4704
f 4707/4707/4707 4709/4709/4709 4710/4710/4710 4708/4708/4708
f 4711/4711/4711 4713/4713/4713 4714/4714/4714 4712/4712/4712
f 4715/4715/4715 4717/4717/4717 4718/4718/4718 4716/4716/4716
f 4717/4717/4717 4719/4719/4719 4720/4720/4720 4718/4718/4718
f 4721/4721/4721 4723/4723/4723 4724/4724/4724 4722/4722/4722
f 4723/4723/4723 4725/4725/4725 4726/4726/4726 4724/4724/4724
f 4727/4727/4727 4729/4729/4729 4730/4730/4730 4728/4728/4728
f 4731/4731/4731 4733/4733/4733 4734/4734/4734 4732/4732/4732
f 4735/4735/4735 4737/4737/4737 4738/4738/4738 4736/4736/4736
f 4739/4739/4739 4741/4741/4741 4742/4742/4742 4740/4740/4740
f 4743/4743/4743 4745/4745/4745 4746/4746/4746 4744/4744/4744
f 4745/4745/4745 4747/4747/4747 4748/4748/4748 4746/4746/4746
f 4749/4749/4749 4751/4751/4751 4752/4752/4752 4750/4750/4750
f 4753/4753/4753 4755/4755/4755 4756/4756/4756 4754/4754/4754
f 4757/4757/4757 4759/4759/4759 4760/4760/4760 4758/4758/4758
f 4759/4759/4759 4761/4761/4761 4762/4762/4762 4760/4760/4760
f 4763/4763/4763 4765/4765/4765 4766/4766/4766 4764/4764/4764
f 4767/4767/4767 4769/4769/4769 4770/4770/4770 4768/4768/4768
f 4771/4771/4771 4773/4773/4773 4774/4774/4774 4772/4772/4772
f 4775/4775/4775 4777/4777/4777 4778/4778/4778 4776/4776/4776
f 4779/4779/4779 4781/4781/4781 4782/4782/4782 4780/4780/4780
f 4783/4783/4783 4785/4785/4785 4786/4786/4786 4784/4784/4784
f 4787/4787/4787 4789/4789/4789 4790/4790/4790 4788/4788/4788
f 4791/4791/4791 4793/4793/4793 4794/4794/4794 4792/4792/4792
f 4795/4795/4795 4797/4797/4797 4798/4798/4798 4796/4796/4796
f 4824/4824/4824 4800/4800/4800 4799/4799/4799
f 4834/4834/4834 4824/4824/4824 4799/4799/4799
f 4802/4802/4802 4801/4801/4801 4800/4800/4800
f 4822/4822/4822 4802/4802/4802 4823/4823/4823
f 4802/4802/4802 4800/4800/4800 4823/4823/4823
f 4802/4802/4802 4822/4822/4822 4821/4821/4821
f 4823/4823/4823 4800/4800/4800 4824/4824/4824
f 4825/4825/4825 4824/4824/4824 4833/4833/4833
f 4834/4834/4834 4833/4833/4833 4824/4824/4824
f 4831/4831/4831 4825/4825/4825 4832/4832/4832
f 4833/4833/4833 4832/4832/4832 4825/4825/4825
f 4825/4825/4825 4828/4828/4828 4826/4826/4826
f 4830/4830/4830 4829/4829/4829 4831/4831/4831
f 4825/4825/4825 4831/4831/4831 4829/4829/4829
f 4825/4825/4825 4829/4829/4829 4828/4828/4828
f 4827/4827/4827 4826/4826/4826 4828/4828/4828
f 4803/4803/4803 4802/4802/4802 4821/4821/4821
f 4805/4805/4805 4804/4804/4804 4807/4807/4807
f 4803/4803/4803 4821/4821/4821 4820/4820/4820
f 4807/4807/4807 4804/4804/4804 4820/4820/4820
f 4820/4820/4820 4809/4809/4809 4807/4807/4807
f 4804/4804/4804 4803/4803/4803 4820/4820/4820
f 4818/4818/4818 4809/4809/4809 4820/4820/4820
f 4812/4812/4812 4811/4811/4811 4810/4810/4810
f 4810/4810/4810 4809/4809/4809 4818/4818/4818
f 4808/4808/4808 4807/4807/4807 4809/4809/4809
f 4812/4812/4812 4810/4810/4810 4813/4813/4813
f 4818/4818/4818 4820/4820/4820 4819/4819/4819
f 4815/4815/4815 4813/4813/4813 4817/4817/4817
f 4818/4818/4818 4817/4817/4817 4813/4813/4813
f 4816/4816/4816 4815/4815/4815 4817/4817/4817
f 4814/4814/4814 4813/4813/4813 4815/4815/4815
f 4813/4813/4813 4810/4810/4810 4818/4818/4818
f 4807/4807/4807 4806/4806/4806 4805/4805/4805
f 4860/4860/4860 4835/4835/4835 4836/4836/4836
f 4870/4870/4870 4835/4835/4835 4860/4860/4860
f 4838/4838/4838 4836/4836/4836 4837/4837/4837
f 4858/4858/4858 4859/4859/4859 4838/4838/4838
f 4838/4838/4838 4859/4859/4859 4836/4836/4836
f 4838/4838/4838 4857/4857/4857 4858/4858/4858
f 4859/4859/4859 4860/4860/4860 4836/4836/4836
f 4861/4861/4861 4869/4869/4869 4860/4860/4860
f 4870/4870/4870 4860/4860/4860 4869/4869/4869
f 4867/4867/4867 4868/4868/4868 4861/4861/4861
f 4869/4869/4869 4861/4861/4861 4868/4868/4868
f 4861/4861/4861 4862/4862/4862 4864/4864/4864
f 4866/4866/4866 4867/4867/4867 4865/4865/4865
f 4861/4861/4861 4865/4865/4865 4867/4867/4867
f 4861/4861/4861 4864/4864/4864 4865/4865/4865
f 4863/4863/4863 4864/4864/4864 4862/4862/4862
f 4839/4839/4839 4857/4857/4857 4838/4838/4838
f 4841/4841/4841 4843/4843/4843 4840/4840/4840
f 4839/4839/4839 4856/4856/4856 4857/4857/4857
f 4843/4843/4843 4856/4856/4856 4840/4840/4840
f 4856/4856/4856 4843/4843/4843 4845/4845/4845
f 4840/4840/4840 4856/4856/4856 4839/4839/4839
f 4854/4854/4854 4856/4856/4856 4845/4845/4845
f 4848/4848/4848 4846/4846/4846 4847/4847/4847
f 4846/4846/4846 4854/4854/4854 4845/4845/4845
f 4844/4844/4844 4845/4845/4845 4843/4843/4843
f 4848/4848/4848 4849/4849/4849 4846/4846/4846
f 4854/4854/4854 4855/4855/4855 4856/4856/4856
f 4851/4851/4851 4853/4853/4853 4849/4849/4849
f 4854/4854/4854 4849/4849/4849 4853/4853/4853
f 4852/4852/4852 4853/4853/4853 4851/4851/4851
f 4850/4850/4850 4851/4851/4851 4849/4849/4849
f 4849/4849/4849 4854/4854/4854 4846/4846/4846
f 4843/4843/4843 4841/4841/4841 4842/4842/4842
usemtl Default
v 26.899562835693359 0 -52.841648101806641
v 26.899562835693359 8.3999996185302734 -52.841648101806641
v 26.820783615112305 0 -74.544075012207031
v 26.820783615112305 8.3999996185302734 -74.544075012207031
v 26.820783615112305 0 -74.544075012207031
v 26.820783615112305 8.3999996185302734 -74.544075012207031
v 26.504213333129883 0 -74.530685424804688
v 26.504213333129883 8.3999996185302734 -74.530685424804688
v 26.504213333129883 0 -74.530685424804688
v 26.504213333129883 8.3999996185302734 -74.530685424804688
v 26.511137008666992 0 -78.860687255859375
v 26.511137008666992 8.3999996185302734 -78.860687255859375
v 26.511137008666992 0 -78.860687255859375
v 26.511137008666992 8.3999996185302734 -78.860687255859375
v 24.065505981445312 0 -78.909721374511719
v 24.065505981445312 8.3999996185302734 -78.909721374511719
v 24.065505981445312 0 -78.909721374511719
v 24.065505981445312 8.3999996185302734 -78.909721374511719
v 24.1025390625 0 -80.597686767578125
v 24.1025390625 8.3999996185302734 -80.597686767578125
v 24.1025390625 0 -80.597686767578125
v 24.1025390625 8.3999996185302734 -80.597686767578125
v 20.359809875488281 0 -80.674346923828125
v 20.359809875488281 8.3999996185302734 -80.674346923828125
v 20.359809875488281 0 -80.674346923828125
v 20.359809875488281 8.3999996185302734 -80.674346923828125
v 20.328281402587891 0 -78.9788818359375
v 20.328281402587891 8.3999996185302734 -78.9788818359375
v 20.328281402587891 0 -78.9788818359375
v 20.328281402587891 8.3999996185302734 -78.9788818359375
v 17.341581344604492 0 -79.045707702636719
v 17.341581344604492 8.3999996185302734 -79.045707702636719
v 17.341581344604492 0 -79.045707702636719
v 17.341581344604492 8.3999996185302734 -79.045707702636719
v 16.808078765869141 0 -52.715915679931641
v 16.808078765869141 8.3999996185302734 -52.715915679931641
v 16.808078765869141 0 -52.715915679931641
v 16.808078765869141 8.3999996185302734 -52.715915679931641
v 26.899562835693359 0 -52.841648101806641
v 26.899562835693359 8.3999996185302734 -52.841648101806641
v 26.899562835693359 0 -52.841648101806641
v 26.820783615112305 0 -74.544075012207031
v 26.504213333129883 0 -74.530685424804688
v 26.511137008666992 0 -78.860687255859375
v 24.065505981445312 0 -78.909721374511719
v 24.1025390625 0 -80.597686767578125
v 20.359809875488281 0 -80.674346923828125
v 20.328281402587891 0 -78.9788818359375
v 17.341581344604492 0 -79.045707702636719
v 16.808078765869141 0 -52.715915679931641
v 26.899562835693359 8.3999996185302734 -52.841648101806641
v 26.820783615112305 8.3999996185302734 -74.544075012207031
v 26.504213333129883 8.3999996185302734 -74.530685424804688
v 26.511137008666992 8.3999996185302734 -78.860687255859375
v 24.065505981445312 8.3999996185302734 -78.909721374511719
v 24.1025390625 8.3999996185302734 -80.597686767578125
v 20.359809875488281 8.3999996185302734 -80.674346923828125
v 20.328281402587891 8.3999996185302734 -78.9788818359375
v 17.341581344604492 8.3999996185302734 -79.045707702636719
v 16.808078765869141 8.3999996185302734 -52.715915679931641
vt 0 0
vt 0 0.57586163282394409
vt 0.10000000149011612 0
vt 0.10000000149011612 0.57586163282394409
vt 0.10000000149011612 0
vt 0.10000000149011612 0.57586163282394409
vt 0.20000000298023224 0
vt 0.20000000298023224 0.57586163282394409
vt 0.20000000298023224 0
vt 0.20000000298023224 0.57586163282394409
vt 0.30000001192092896 0
vt 0.30000001192092896 0.57586163282394409
vt 0.30000001192092896 0
vt 0.30000001192092896 0.57586163282394409
vt 0.40000000596046448 0
vt 0.40000000596046448 0.57586163282394409
vt 0.40000000596046448 0
vt 0.40000000596046448 0.57586163282394409
vt 0.5 0
vt 0.5 0.57586163282394409
vt 0.5 0
vt 0.5 0.57586163282394409
vt 0.60000002384185791 0
vt 0.60000002384185791 0.57586163282394409
vt 0.60000002384185791 0
vt 0.60000002384185791 0.57586163282394409
vt 0.69999998807907104 0
vt 0.69999998807907104 0.57586163282394409
vt 0.69999998807907104 0
vt 0.69999998807907104 0.57586163282394409
vt 0.80000001192092896 0
vt 0.80000001192092896 0.57586163282394409
vt 0.80000001192092896 0
vt 0.80000001192092896 0.57586163282394409
vt 0.89999997615814209 0
vt 0.89999997615814209 0.57586163282394409
vt 0.89999997615814209 0
vt 0.89999997615814209 0.57586163282394409
vt 1 0
vt 1 0.57586163282394409
vt 0.35414391756057739 0.85304927825927734
vt 0.12343494594097137 0.61831068992614746
vt 0.12104839831590652 0.62302321195602417
vt 0.075198881328105927 0.57586216926574707
vt 0.055145770311355591 0.61061102151870728
vt 0.037546440958976746 0.59173095226287842
vt 0.0068405396305024624 0.64489209651947021
vt 0.02456323429942131 0.66377419233322144
vt 0 0.70613539218902588
vt 0.27487596869468689 1
vt 0.35414391756057739 0.7228129506111145
vt 0.12343494594097137 0.95755147933959961
vt 0.12104839831590652 0.95283901691436768
vt 0.075198881328105927 1
vt 0.055145770311355591 0.96525114774703979
vt 0.037546440958976746 0.98413121700286865
vt 0.0068405396305024624 0.93097013235092163
vt 0.02456323429942131 0.91208797693252563
vt 0 0.86972683668136597
vt 0.27487596869468689 0.57586216926574707
vn 0.99999338388442993 0 -0.0036299694329500198
vn 0.99999338388442993 0 -0.0036299694329500198
vn 0.99999338388442993 0 -0.0036299694329500198
vn 0.99999338388442993 0 -0.0036299694329500198
vn -0.042245924472808838 0 -0.9991072416305542
vn -0.042245924472808838 0 -0.9991072416305542
vn -0.042245924472808838 0 -0.9991072416305542
vn -0.042245924472808838 0 -0.9991072416305542
vn 0.99999874830245972 0 0.0015992957632988691
vn 0.99999874830245972 0 0.0015992957632988691
vn 0.99999874830245972 0 0.0015992957632988691
vn 0.99999874830245972 0 0.0015992957632988691
vn 0.020044665783643723 0 -0.99979907274246216
vn 0.020044665783643723 0 -0.99979907274246216
vn 0.020044665783643723 0 -0.99979907274246216
vn 0.020044665783643723 0 -0.99979907274246216
vn 0.99975943565368652 0 0.021933367475867271
vn 0.99975943565368652 0 0.021933367475867271
vn 0.99975943565368652 0 0.021933367475867271
vn 0.99975943565368652 0 0.021933367475867271
vn 0.020476877689361572 0 -0.99979031085968018
vn 0.020476877689361572 0 -0.99979031085968018
vn 0.020476877689361572 0 -0.99979031085968018
vn 0.020476877689361572 0 -0.99979031085968018
vn -0.99982714653015137 0 -0.018593275919556618
vn -0.99982714653015137 0 -0.018593275919556618
vn -0.99982714653015137 0 -0.018593275919556618
vn -0.99982714653015137 0 -0.018593275919556618
vn 0.022367564961314201 0 -0.99974983930587769
vn 0.022367564961314201 0 -0.99974983930587769
vn 0.022367564961314201 0 -0.99974983930587769
vn 0.022367564961314201 0 -0.99974983930587769
vn -0.99979478120803833 0 -0.020258191972970963
vn -0.99979478120803833 0 -0.020258191972970963
vn -0.99979478120803833 0 -0.020258191972970963
vn -0.99979478120803833 0 -0.020258191972970963
vn 0.012458024546504021 0 0.99992239475250244
vn 0.012458024546504021 0 0.99992239475250244
vn 0.012458024546504021 0 0.99992239475250244
vn 0.012458024546504021 0 0.99992239475250244
vn 0 -1 0
vn 0 -1 0
vn 0 -1 0
vn 0 -1 0
vn 0 -1 0
vn 0 -1 0
vn 0 -1 0
vn 0 -1 0
vn 0 -1 0
vn 0 -1 0
vn 0 1 0
vn 0 1 0
vn 0 1 0
vn 0 1 0
vn 0 1 0
vn 0 1 0
vn 0 1 0
vn 0 1 0
vn 0 1 0
vn 0 1 0
f 4871/4871/4871 4873/4873/4873 4874/4874/4874 4872/4872/4872
f 4875/4875/4875 4877/4877/4877 4878/4878/4878 4876/4876/4876
f 4879/4879/4879 4881/4881/4881 4882/4882/4882 4880/4880/4880
f 4883/4883/4883 4885/4885/4885 4886/4886/4886 4884/4884/4884
f 4887/4887/4887 4889/4889/4889 4890/4890/4890 4888/4888/4888
f 4891/4891/4891 4893/4893/4893 4894/4894/4894 4892/4892/4892
f 4895/4895/4895 4897/4897/4897 4898/4898/4898 4896/4896/4896
f 4899/4899/4899 4901/4901/4901 4902/4902/4902 4900/4900/4900
f 4903/4903/4903 4905/4905/4905 4906/4906/4906 4904/4904/4904
f 4907/4907/4907 4909/4909/4909 4910/4910/4910 4908/4908/4908
f 4920/4920/4920 4919/4919/4919 4913/4913/4913
f 4919/4919/4919 4918/4918/4918 4913/4913/4913
f 4918/4918/4918 4917/4917/4917 4915/4915/4915
f 4911/4911/4911 4920/4920/4920 4913/4913/4913
f 4911/4911/4911 4913/4913/4913 4912/4912/4912
f 4913/4913/4913 4915/4915/4915 4914/4914/4914
f 4917/4917/4917 4916/4916/4916 4915/4915/4915
f 4918/4918/4918 4915/4915/4915 4913/4913/4913
f 4930/4930/4930 4923/4923/4923 4929/4929/4929
f 4929/4929/4929 4923/4923/4923 4928/4928/4928
f 4928/4928/4928 4925/4925/4925 4927/4927/4927
f 4921/4921/4921 4923/4923/4923 4930/4930/4930
f 4921/4921/4921 4922/4922/4922 4923/4923/4923
f 4923/4923/4923 4924/4924/4924 4925/4925/4925
f 4927/4927/4927 4925/4925/4925 4926/4926/4926
f 4928/4928/4928 4923/4923/4923 4925/4925/4925
usemtl Default
v 44.178123474121094 0 118.39073944091797
v 44.178123474121094 14 118.39073944091797
v 44.719623565673828 0 116.29514312744141
v 44.719623565673828 14 116.29514312744141
v 44.719623565673828 0 116.29514312744141
v 44.719623565673828 14 116.29514312744141
v 45.884307861328125 0 116.63916015625
v 45.884307861328125 14 116.63916015625
v 45.884307861328125 0 116.63916015625
v 45.884307861328125 14 116.63916015625
v 56.749317169189453 0 77.658348083496094
v 56.749317169189453 14 77.658348083496094
v 56.749317169189453 0 77.658348083496094
v 56.749317169189453 14 77.658348083496094
v 12.464071273803711 0 70.189529418945312
v 12.464071273803711 14 70.189529418945312
v 12.464071273803711 0 70.189529418945312
v 12.464071273803711 14 70.189529418945312
v 7.2485036849975586 0 93.668632507324219
v 7.2485036849975586 14 93.668632507324219
v 7.2485036849975586 0 93.668632507324219
v 7.2485036849975586 14 93.668632507324219
v 3.5800795555114746 0 103.50408935546875
v 3.5800795555114746 14 103.50408935546875
v 3.5800795555114746 0 103.50408935546875
v 3.5800795555114746 14 103.50408935546875
v 1.5970398187637329 0 110.75325775146484
v 1.5970398187637329 14 110.75325775146484
v 1.5970398187637329 0 110.75325775146484
v 1.5970398187637329 14 110.75325775146484
v 44.178123474121094 0 118.39073944091797
v 44.178123474121094 14 118.39073944091797
v 44.178123474121094 0 118.39073944091797
v 44.719623565673828 0 116.29514312744141
v 45.884307861328125 0 116.63916015625
v 56.749317169189453 0 77.658348083496094
v 12.464071273803711 0 70.189529418945312
v 7.2485036849975586 0 93.668632507324219
v 3.5800795555114746 0 103.50408935546875
v 1.5970398187637329 0 110.75325775146484
v 44.178123474121094 14 118.39073944091797
v 44.719623565673828 14 116.29514312744141
v 45.884307861328125 14 116.63916015625
v 56.749317169189453 14 77.658348083496094
v 12.464071273803711 14 70.189529418945312
v 7.2485036849975586 14 93.668632507324219
v 3.5800795555114746 14 103.50408935546875
v 1.5970398187637329 14 110.75325775146484
vt 0 0
vt 0 0.55419468879699707
vt 0.125 0
vt 0.125 0.55419468879699707
vt 0.125 0
vt 0.125 0.55419468879699707
vt 0.25 0
vt 0.25 0.55419468879699707
vt 0.25 0
vt 0.25 0.55419468879699707
vt 0.375 0
vt 0.375 0.55419468879699707
vt 0.375 0
vt 0.375 0.55419468879699707
vt 0.5 0
vt 0.5 0.55419468879699707
vt 0.5 0
vt 0.5 0.55419468879699707
vt 0.625 0
vt 0.625 0.55419468879699707
vt 0.625 0
vt 0.625 0.55419468879699707
vt 0.75 0
vt 0.75 0.55419468879699707
vt 0.75 0
vt 0.75 0.55419468879699707
vt 0.875 0
vt 0.875 0.55419468879699707
vt 0.875 0
vt 0.875 0.55419468879699707
vt 1 0
vt 1 0.55419468879699707
vt 0.1689668595790863 1
vt 0.17869493365287781 0.98956418037414551
vt 0.18284951150417328 0.99711734056472778
vt 0.36743998527526855 0.80668950080871582
vt 0.19007126986980438 0.55419522523880005
vt 0.084984056651592255 0.67508459091186523
vt 0.034155815839767456 0.71881377696990967
vt 0 0.75440192222595215
vt 0.1689668595790863 0.55419522523880005
vt 0.17869493365287781 0.56463104486465454
vt 0.18284951150417328 0.55707794427871704
vt 0.36743998527526855 0.747505784034729
vt 0.19007126986980438 1
vt 0.084984056651592255 0.87911063432693481
vt 0.034155815839767456 0.83538144826889038
vt 0 0.7997933030128479
vn 0.96819907426834106 0 0.25018104910850525
vn 0.96819907426834106 0 0.25018104910850525
vn 0.96819907426834106 0 0.25018104910850525
vn 0.96819907426834106 0 0.25018104910850525
vn -0.28327402472496033 0 0.95903903245925903
vn -0.28327402472496033 0 0.95903903245925903
vn -0.28327402472496033 0 0.95903903245925903
vn -0.28327402472496033 0 0.95903903245925903
vn 0.96328169107437134 0 0.26849275827407837
vn 0.96328169107437134 0 0.26849275827407837
vn 0.96328169107437134 0 0.26849275827407837
vn 0.96328169107437134 0 0.26849275827407837
vn 0.16630399227142334 0 -0.98607450723648071
vn 0.16630399227142334 0 -0.98607450723648071
vn 0.16630399227142334 0 -0.98607450723648071
vn 0.16630399227142334 0 -0.98607450723648071
vn -0.97620475292205811 0 -0.21685074269771576
vn -0.97620475292205811 0 -0.21685074269771576
vn -0.97620475292205811 0 -0.21685074269771576
vn -0.97620475292205811 0 -0.21685074269771576
vn -0.93695002794265747 0 -0.34946343302726746
vn -0.93695002794265747 0 -0.34946343302726746
vn -0.93695002794265747 0 -0.34946343302726746
vn -0.93695002794265747 0 -0.34946343302726746
vn -0.9645611047744751 0 -0.26385948061943054
vn -0.9645611047744751 0 -0.26385948061943054
vn -0.9645611047744751 0 -0.26385948061943054
vn -0.9645611047744751 0 -0.26385948061943054
vn -0.17654581367969513 0 0.98429244756698608
vn -0.17654581367969513 0 0.98429244756698608
vn -0.17654581367969513 0 0.98429244756698608
vn -0.17654581367969513 0 0.98429244756698608
vn 0 -1 0
vn 0 -1 0
vn 0 -1 0
vn 0 -1 0
vn 0 -1 0
vn 0 -1 0
vn 0 -1 0
vn 0 -1 0
vn 0 1 0
vn 0 1 0
vn 0 1 0
vn 0 1 0
vn 0 1 0
vn 0 1 0
vn 0 1 0
vn 0 1 0
f 4931/4931/4931 4933/4933/4933 4934/4934/4934 4932/4932/4932
f 4935/4935/4935 4937/4937/4937 4938/4938/4938 4936/4936/4936
f 4939/4939/4939 4941/4941/4941 4942/4942/4942 4940/4940/4940
f 4943/4943/4943 4945/4945/4945 4946/4946/4946 4944/4944/4944
f 4947/4947/4947 4949/4949/4949 4950/4950/4950 4948/4948/4948
f 4951/4951/4951 4953/4953/4953 4954/4954/4954 4952/4952/4952
f 4955/4955/4955 4957/4957/4957 4958/4958/4958 4956/4956/4956
f 4959/4959/4959 4961/4961/4961 4962/4962/4962 4960/4960/4960
f 4969/4969/4969 4963/4963/4963 4970/4970/4970
f 4969/4969/4969 4968/4968/4968 4964/4964/4964
f 4964/4964/4964 4963/4963/4963 4969/4969/4969
f 4966/4966/4966 4965/4965/4965 4964/4964/4964
f 4966/4966/4966 4968/4968/4968 4967/4967/4967
f 4964/4964/4964 4968/4968/4968 4966/4966/4966
f 4977/4977/4977 4978/4978/4978 4971/4971/4971
f 4977/4977/4977 4972/4972/4972 4976/4976/4976
f 4972/4972/4972 4977/4977/4977 4971/4971/4971
f 4974/4974/4974 4972/4972/4972 4973/4973/4973
f 4974/4974/4974 4975/4975/4975 4976/4976/4976
f 4972/4972/4972 4974/4974/4974 4976/4976/4976
usemtl Default
v -64.664712041328471 0 58.603060290490795
v -72.159361496835288 0 51.70352821437168
v -70.387518561404889 0 -27.739166125316849
v -69.798426912254385 0 -52.589559938523138
v -69.682799280261207 0 -63.210597200004884
v -64.605395622163485 0 -65.041797533391218
v -35.941088293031669 0 -45.588074777716713
v -28.487198625258657 0 -41.172912731169134
v -20.500606945371374 0 -37.519655421409766
v -5.8132687875969538 0 -33.227422920122365
v 26.771599313270592 0 -33.227422920122365
v 38.580853729445266 6.3104217720739991E-10 -34.731012241605072
v 64.809018207112871 6.3104217720739681E-10 -34.965423233940044
v 70.571259558648876 0 -31.7807754035409
v 68.471087380082054 0 26.945736504230211
v 66.027530417617783 0 64.214439500371711
v 64.599764375798145 0 76.831211750157792
v 64.390657349566268 0 78.677921922732907
v 50.316409403825595 0 129.34123197325152
v 36.382352569829138 0 139.83888229699372
v -45.352870531365284 0 125.26799743697688
v -67.078563283463453 0 121.78532030817368
v -74.646366045184948 0 114.07082286377255
v -72.159361496835288 0 51.70352821437168
cstype bspline
deg 1
curv 0 634.16501155324306 4979 4980 4981 4982 4983 4984 4985 4986 4987 4988 4989 4990 4991 4992 4993 4994 4995 4996 4997 4998 4999 5000 5001 5002
parm u 0 0 10.186918735826117 89.649369688065264 114.50674488422266 125.12841152647161 130.52594082868558 165.16825373809692 173.83163224054084 182.61411114074636 197.91578301037958 230.50065111124712 242.40524143236351 268.63445339881252 275.21817629676451 333.98222928865073 371.33095341201823 384.02825461633506 385.88676590495078 438.46865861064526 455.91453497649769 538.93837119842794 560.94143383848018 571.74814978089262 634.16501155324306 634.16501155324306
end
usemtl Default
v 28.01146239505092 3.4448742521708318E-10 -182.9616418818851
v -54.764055128471277 -3.4448742521708318E-10 208.50683217556318
cstype bspline
deg 1
curv 0 540.86832512636511 5003 5004
parm u 0 0 540.86832512636511 540.86832512636511
end
usemtl Default
v -13.376296366710179 0 12.772595146839045
p 5005
usemtl Default
v 38.101864290471461 0 -33.227422920122365
v -64.854457023891811 0 58.772613213800454
cstype bspline
deg 1
curv 0 138.07248367154665 5006 5007
parm u 0 0 138.07248367154665 138.07248367154665
end
usemtl Default
v -64.854457023891811 0 58.772613213800454
v 38.101864290471461 0 58.772613213800454
v 38.101864290471461 0 -33.227422920122365
v -64.854457023891811 0 -33.227422920122365
cstype bspline
deg 1
curv 0 370.61246131192422 5008 5009 5010 5011 5008
parm u 0 0 125.06771915287 185.30623065596211 310.37394980883209 370.61246131192422 370.61246131192422
end
