# Rhino

mtllib slab-site-library.mtl
usemtl Default
v 125.37921142578125 -2 -298.7535400390625
v 125.37921142578125 0 -298.7535400390625
v -248.50439453125 -2 -50.008808135986328
v -248.50439453125 0 -50.008808135986328
v -248.50439453125 -2 -50.008808135986328
v -248.50439453125 0 -50.008808135986328
v -15.05280590057373 -2 300.887939453125
v -15.05280590057373 0 300.887939453125
v -15.05280590057373 -2 300.887939453125
v -15.05280590057373 0 300.887939453125
v 358.830810546875 -2 52.143203735351562
v 358.830810546875 0 52.143203735351562
v 358.830810546875 -2 52.143203735351562
v 358.830810546875 0 52.143203735351562
v 125.37921142578125 -2 -298.7535400390625
v 125.37921142578125 0 -298.7535400390625
v 125.37921142578125 -2 -298.7535400390625
v -248.50439453125 -2 -50.008808135986328
v -15.05280590057373 -2 300.887939453125
v 358.830810546875 -2 52.143203735351562
v 125.37921142578125 0 -298.7535400390625
v -248.50439453125 0 -50.008808135986328
v -15.05280590057373 0 300.887939453125
v 358.830810546875 0 52.143203735351562
vt 0 0
vt 0 0.50118327140808105
vt 0.25792890787124634 0
vt 0.25792890787124634 0.50118327140808105
vt 0.25792890787124634 0
vt 0.25792890787124634 0.50118327140808105
vt 0.5 0
vt 0.5 0.50118327140808105
vt 0.5 0
vt 0.5 0.50118327140808105
vt 0.75792890787124634 0
vt 0.75792890787124634 0.50118327140808105
vt 0.75792890787124634 0
vt 0.75792890787124634 0.50118327140808105
vt 1 0
vt 1 0.50118327140808105
vt 0 1
vt 0.25792890787124634 1
vt 0.25792890787124634 0.50118380784988403
vt 0 0.50118380784988403
vt 0.74207109212875366 0.50118380784988403
vt 1 0.50118380784988403
vt 1 1
vt 0.74207109212875366 1
vn -0.55391216278076172 0 -0.83257508277893066
vn -0.55391216278076172 0 -0.83257508277893066
vn -0.55391216278076172 0 -0.83257508277893066
vn -0.55391216278076172 0 -0.83257508277893066
vn -0.83257508277893066 0 0.55391216278076172
vn -0.83257508277893066 0 0.55391216278076172
vn -0.83257508277893066 0 0.55391216278076172
vn -0.83257508277893066 0 0.55391216278076172
vn 0.55391216278076172 0 0.83257508277893066
vn 0.55391216278076172 0 0.83257508277893066
vn 0.55391216278076172 0 0.83257508277893066
vn 0.55391216278076172 0 0.83257508277893066
vn 0.83257508277893066 0 -0.55391216278076172
vn 0.83257508277893066 0 -0.55391216278076172
vn 0.83257508277893066 0 -0.55391216278076172
vn 0.83257508277893066 0 -0.55391216278076172
vn 0 -1 0
vn 0 -1 0
vn 0 -1 0
vn 0 -1 0
vn 0 1 0
vn 0 1 0
vn 0 1 0
vn 0 1 0
f 1/1/1 3/3/3 4/4/4 2/2/2
f 5/5/5 7/7/7 8/8/8 6/6/6
f 9/9/9 11/11/11 12/12/12 10/10/10
f 13/13/13 15/15/15 16/16/16 14/14/14
f 18/18/18 17/17/17 20/20/20
f 20/20/20 19/19/19 18/18/18
f 22/22/22 24/24/24 21/21/21
f 24/24/24 22/22/22 23/23/23
usemtl Default
v 182.26329040527344 0 115.14778900146484
v 182.26329040527344 5.9000000953674316 115.14778900146484
v 210.25515747070312 0 124.77301025390625
v 210.25515747070312 5.9000000953674316 124.77301025390625
v 210.25515747070312 0 124.77301025390625
v 210.25515747070312 5.9000000953674316 124.77301025390625
v 215.02925109863281 0 113.01396942138672
v 215.02925109863281 5.9000000953674316 113.01396942138672
v 215.02925109863281 0 113.01396942138672
v 215.02925109863281 5.9000000953674316 113.01396942138672
v 187.10699462890625 0 103.32521820068359
v 187.10699462890625 5.9000000953674316 103.32521820068359
v 187.10699462890625 0 103.32521820068359
v 187.10699462890625 5.9000000953674316 103.32521820068359
v 182.26329040527344 0 115.14778900146484
v 182.26329040527344 5.9000000953674316 115.14778900146484
v 182.26329040527344 0 115.14778900146484
v 210.25515747070312 0 124.77301025390625
v 215.02925109863281 0 113.01396942138672
v 187.10699462890625 0 103.32521820068359
v 182.26329040527344 5.9000000953674316 115.14778900146484
v 210.25515747070312 5.9000000953674316 124.77301025390625
v 215.02925109863281 5.9000000953674316 113.01396942138672
v 187.10699462890625 5.9000000953674316 103.32521820068359
vt 0 0
vt 0 0.54695618152618408
vt 0.25 0
vt 0.25 0.54695618152618408
vt 0.25 0
vt 0.25 0.54695618152618408
vt 0.5 0
vt 0.5 0.54695618152618408
vt 0.5 0
vt 0.5 0.54695618152618408
vt 0.75 0
vt 0.75 0.54695618152618408
vt 0.75 0
vt 0.75 0.54695618152618408
vt 1 0
vt 1 0.54695618152618408
vt 0.084612369537353516 1
vt 0.36253461241722107 0.71390306949615479
vt 0.27809169888496399 0.54695671796798706
vt 0 0.83157092332839966
vt 0.72207772731781006 0.54695671796798706
vt 1 0.83305364847183228
vt 0.91555708646774292 1
vt 0.63746535778045654 0.7153857946395874
vn -0.3251708447933197 0 0.94565528631210327
vn -0.3251708447933197 0 0.94565528631210327
vn -0.3251708447933197 0 0.94565528631210327
vn -0.3251708447933197 0 0.94565528631210327
vn 0.92654937505722046 0 0.37617310881614685
vn 0.92654937505722046 0 0.37617310881614685
vn 0.92654937505722046 0 0.37617310881614685
vn 0.92654937505722046 0 0.37617310881614685
vn 0.32781621813774109 0 -0.94474148750305176
vn 0.32781621813774109 0 -0.94474148750305176
vn 0.32781621813774109 0 -0.94474148750305176
vn 0.32781621813774109 0 -0.94474148750305176
vn -0.92534941434860229 0 -0.37911543250083923
vn -0.92534941434860229 0 -0.37911543250083923
vn -0.92534941434860229 0 -0.37911543250083923
vn -0.92534941434860229 0 -0.37911543250083923
vn 0 -1 0
vn 0 -1 0
vn 0 -1 0
vn 0 -1 0
vn 0 1 0
vn 0 1 0
vn 0 1 0
vn 0 1 0
f 25/25/25 27/27/27 28/28/28 26/26/26
f 29/29/29 31/31/31 32/32/32 30/30/30
f 33/33/33 35/35/35 36/36/36 34/34/34
f 37/37/37 39/39/39 40/40/40 38/38/38
f 42/42/42 41/41/41 44/44/44
f 44/44/44 43/43/43 42/42/42
f 46/46/46 48/48/48 45/45/45
f 48/48/48 46/46/46 47/47/47
usemtl Default
v 161.2369384765625 0 165.44442749023438
v 161.2369384765625 16.100000381469727 165.44442749023438
v 155.49726867675781 0 179.51026916503906
v 155.49726867675781 16.100000381469727 179.51026916503906
v 155.49726867675781 0 179.51026916503906
v 155.49726867675781 16.100000381469727 179.51026916503906
v 171.66195678710938 0 169.03462219238281
v 171.66195678710938 16.100000381469727 169.03462219238281
v 171.66195678710938 0 169.03462219238281
v 171.66195678710938 16.100000381469727 169.03462219238281
v 161.2369384765625 0 165.44442749023438
v 161.2369384765625 16.100000381469727 165.44442749023438
v 161.2369384765625 0 165.44442749023438
v 155.49726867675781 0 179.51026916503906
v 171.66195678710938 0 169.03462219238281
v 161.2369384765625 16.100000381469727 165.44442749023438
v 155.49726867675781 16.100000381469727 179.51026916503906
v 171.66195678710938 16.100000381469727 169.03462219238281
vt 0 0
vt 0 0.73938822746276855
vt 0.3333333432674408 0
vt 0.3333333432674408 0.73938822746276855
vt 0.3333333432674408 0
vt 0.3333333432674408 0.73938822746276855
vt 0.66666668653488159 0
vt 0.66666668653488159 0.73938822746276855
vt 0.66666668653488159 0
vt 0.66666668653488159 0.73938822746276855
vt 1 0
vt 1 0.73938822746276855
vt 0.14711852371692657 1
vt 0.42350238561630249 0.74628973007202148
vt 0 0.73938900232315063
vt 0.14711852371692657 0.73938900232315063
vt 0.42350238561630249 0.99309927225112915
vt 0 1
vn -0.92588204145431519 0 -0.37781277298927307
vn -0.92588204145431519 0 -0.37781277298927307
vn -0.92588204145431519 0 -0.37781277298927307
vn -0.92588204145431519 0 -0.37781277298927307
vn 0.54384195804595947 0 0.83918768167495728
vn 0.54384195804595947 0 0.83918768167495728
vn 0.54384195804595947 0 0.83918768167495728
vn 0.54384195804595947 0 0.83918768167495728
vn 0.32561486959457397 0 -0.94550246000289917
vn 0.32561486959457397 0 -0.94550246000289917
vn 0.32561486959457397 0 -0.94550246000289917
vn 0.32561486959457397 0 -0.94550246000289917
vn 0 -1 0
vn 0 -1 0
vn 0 -1 0
vn 0 1 0
vn 0 1 0
vn 0 1 0
f 49/49/49 51/51/51 52/52/52 50/50/50
f 53/53/53 55/55/55 56/56/56 54/54/54
f 57/57/57 59/59/59 60/60/60 58/58/58
f 63/63/63 62/62/62 61/61/61
f 66/66/66 64/64/64 65/65/65
usemtl Default
v -172.51077270507812 0 -91.139480590820312
v -172.51077270507812 8 -91.139480590820312
v -172.80491638183594 0 -92.683219909667969
v -172.80491638183594 8 -92.683219909667969
v -172.80491638183594 0 -92.683219909667969
v -172.80491638183594 8 -92.683219909667969
v -176.30311584472656 0 -90.416397094726562
v -176.30311584472656 8 -90.416397094726562
v -176.30311584472656 0 -90.416397094726562
v -176.30311584472656 8 -90.416397094726562
v -172.51077270507812 0 -91.139480590820312
v -172.51077270507812 8 -91.139480590820312
v -172.51077270507812 0 -91.139480590820312
v -172.80491638183594 0 -92.683219909667969
v -176.30311584472656 0 -90.416397094726562
v -172.51077270507812 8 -91.139480590820312
v -172.80491638183594 8 -92.683219909667969
v -176.30311584472656 8 -90.416397094726562
vt 0 0
vt 0 0.86372768878936768
vt 0.3333333432674408 0
vt 0.3333333432674408 0.86372768878936768
vt 0.3333333432674408 0
vt 0.3333333432674408 0.86372768878936768
vt 0.66666668653488159 0
vt 0.66666668653488159 0.86372768878936768
vt 0.66666668653488159 0
vt 0.66666668653488159 0.86372768878936768
vt 1 0
vt 1 0.86372768878936768
vt 0.063558802008628845 0.86372858285903931
vt 0 0.99541729688644409
vt 0.4341529905796051 1
vt 0.063558802008628845 1
vt 0 0.86831128597259521
vt 0.4341529905796051 0.86372858285903931
vn 0.98232758045196533 0 -0.18716984987258911
vn 0.98232758045196533 0 -0.18716984987258911
vn 0.98232758045196533 0 -0.18716984987258911
vn 0.98232758045196533 0 -0.18716984987258911
vn -0.54380571842193604 0 -0.839211106300354
vn -0.54380571842193604 0 -0.839211106300354
vn -0.54380571842193604 0 -0.839211106300354
vn -0.54380571842193604 0 -0.839211106300354
vn 0.18729442358016968 0 0.98230379819869995
vn 0.18729442358016968 0 0.98230379819869995
vn 0.18729442358016968 0 0.98230379819869995
vn 0.18729442358016968 0 0.98230379819869995
vn 0 -1 0
vn 0 -1 0
vn 0 -1 0
vn 0 1 0
vn 0 1 0
vn 0 1 0
f 67/67/67 69/69/69 70/70/70 68/68/68
f 71/71/71 73/73/73 74/74/74 72/72/72
f 75/75/75 77/77/77 78/78/78 76/76/76
f 80/80/80 79/79/79 81/81/81
f 83/83/83 84/84/84 82/82/82
usemtl Default
v 123.2340087890625 0 -282.17266845703125
v 123.2340087890625 24.700000762939453 -282.17266845703125
v 123.41968536376953 0 -281.04855346679688
v 123.41968536376953 24.700000762939453 -281.04855346679688
v 123.41968536376953 0 -281.04855346679688
v 123.41968536376953 24.700000762939453 -281.04855346679688
v 130.00918579101562 0 -281.44107055664062
v 130.00918579101562 24.700000762939453 -281.44107055664062
v 130.00918579101562 0 -281.44107055664062
v 130.00918579101562 24.700000762939453 -281.44107055664062
v 126.60247802734375 0 -286.6981201171875
v 126.60247802734375 24.700000762939453 -286.6981201171875
v 126.60247802734375 0 -286.6981201171875
v 126.60247802734375 24.700000762939453 -286.6981201171875
v 122.884765625 0 -284.2890625
v 122.884765625 24.700000762939453 -284.2890625
v 122.884765625 0 -284.2890625
v 122.884765625 24.700000762939453 -284.2890625
v 123.2340087890625 0 -282.17266845703125
v 123.2340087890625 24.700000762939453 -282.17266845703125
v 123.2340087890625 0 -282.17266845703125
v 123.41968536376953 0 -281.04855346679688
v 130.00918579101562 0 -281.44107055664062
v 126.60247802734375 0 -286.6981201171875
v 122.884765625 0 -284.2890625
v 123.2340087890625 24.700000762939453 -282.17266845703125
v 123.41968536376953 24.700000762939453 -281.04855346679688
v 130.00918579101562 24.700000762939453 -281.44107055664062
v 126.60247802734375 24.700000762939453 -286.6981201171875
v 122.884765625 24.700000762939453 -284.2890625
vt 0 0
vt 0 1
vt 0.16403500735759735 0
vt 0.16403500735759735 1
vt 0.16403500735759735 0
vt 0.16403500735759735 1
vt 0.3280700147151947 0
vt 0.3280700147151947 1
vt 0.3280700147151947 0
vt 0.3280700147151947 1
vt 0.49210500717163086 0
vt 0.49210500717163086 1
vt 0.49210500717163086 0
vt 0.49210500717163086 1
vt 0.6561400294303894 0
vt 0.6561400294303894 1
vt 0.6561400294303894 0
vt 0.6561400294303894 1
vt 0.82017505168914795 0
vt 0.82017505168914795 1
vt 0.9854360818862915 0.17659772932529449
vt 1 0.13454331457614899
vt 0.82252836227416992 0
vt 0.82017582654953003 0.25359970331192017
vt 0.95800691843032837 0.25576812028884888
vt 0.9854360818862915 0.079170376062393188
vt 1 0.1212247908115387
vt 0.82252836227416992 0.25576812028884888
vt 0.82017582654953003 0.0021683950908482075
vt 0.95800691843032837 0
vn -0.98663103580474854 0 0.16296984255313873
vn -0.98663103580474854 0 0.16296984255313873
vn -0.98663103580474854 0 0.16296984255313873
vn -0.98663103580474854 0 0.16296984255313873
vn 0.059459403157234192 0 0.9982306957244873
vn 0.059459403157234192 0 0.9982306957244873
vn 0.059459403157234192 0 0.9982306957244873
vn 0.059459403157234192 0 0.9982306957244873
vn 0.8391997218132019 0 -0.54382330179214478
vn 0.8391997218132019 0 -0.54382330179214478
vn 0.8391997218132019 0 -0.54382330179214478
vn 0.8391997218132019 0 -0.54382330179214478
vn -0.54380571842193604 0 -0.839211106300354
vn -0.54380571842193604 0 -0.839211106300354
vn -0.54380571842193604 0 -0.839211106300354
vn -0.54380571842193604 0 -0.839211106300354
vn -0.98665684461593628 0 0.16281357407569885
vn -0.98665684461593628 0 0.16281357407569885
vn -0.98665684461593628 0 0.16281357407569885
vn -0.98665684461593628 0 0.16281357407569885
vn 0 -1 0
vn 0 -1 0
vn 0 -1 0
vn 0 -1 0
vn 0 -1 0
vn 0 1 0
vn 0 1 0
vn 0 1 0
vn 0 1 0
vn 0 1 0
f 85/85/85 87/87/87 88/88/88 86/86/86
f 89/89/89 91/91/91 92/92/92 90/90/90
f 93/93/93 95/95/95 96/96/96 94/94/94
f 97/97/97 99/99/99 100/100/100 98/98/98
f 101/101/101 103/103/103 104/104/104 102/102/102
f 105/105/105 109/109/109 108/108/108
f 107/107/107 106/106/106 105/105/105
f 108/108/108 107/107/107 105/105/105
f 110/110/110 113/113/113 114/114/114
f 112/112/112 110/110/110 111/111/111
f 113/113/113 110/110/110 112/112/112
usemtl Default
v 200.45133972167969 0 -110.77643585205078
v 200.45133972167969 14 -110.77643585205078
v 199.47866821289062 0 -107.61116790771484
v 199.47866821289062 14 -107.61116790771484
v 199.47866821289062 0 -107.61116790771484
v 199.47866821289062 14 -107.61116790771484
v 207.64425659179688 0 -105.09499359130859
v 207.64425659179688 14 -105.09499359130859
v 207.64425659179688 0 -105.09499359130859
v 207.64425659179688 14 -105.09499359130859
v 208.62350463867188 0 -108.30139923095703
v 208.62350463867188 14 -108.30139923095703
v 209.33619689941406 0 -110.67137145996094
v 209.33619689941406 14 -110.67137145996094
v 209.33619689941406 0 -110.67137145996094
v 209.33619689941406 14 -110.67137145996094
v 201.17840576171875 0 -113.19260406494141
v 201.17840576171875 14 -113.19260406494141
v 201.17840576171875 0 -113.19260406494141
v 201.17840576171875 14 -113.19260406494141
v 200.45133972167969 0 -110.77643585205078
v 200.45133972167969 14 -110.77643585205078
v 200.45133972167969 0 -110.77643585205078
v 199.47866821289062 0 -107.61116790771484
v 207.64425659179688 0 -105.09499359130859
v 208.62350463867188 0 -108.30139923095703
v 209.33619689941406 0 -110.67137145996094
v 201.17840576171875 0 -113.19260406494141
v 200.45133972167969 14 -110.77643585205078
v 199.47866821289062 14 -107.61116790771484
v 207.64425659179688 14 -105.09499359130859
v 208.62350463867188 14 -108.30139923095703
v 209.33619689941406 14 -110.67137145996094
v 201.17840576171875 14 -113.19260406494141
vt 0 0
vt 0 0.707072913646698
vt 0.1666666716337204 0
vt 0.1666666716337204 0.707072913646698
vt 0.1666666716337204 0
vt 0.1666666716337204 0.707072913646698
vt 0.3333333432674408 0
vt 0.3333333432674408 0.707072913646698
vt 0.3333333432674408 0
vt 0.3333333432674408 0.707072913646698
vt 0.5 0
vt 0.5 0.707072913646698
vt 0.66666668653488159 0
vt 0.66666668653488159 0.707072913646698
vt 0.66666668653488159 0
vt 0.66666668653488159 0.707072913646698
vt 0.83333331346511841 0
vt 0.83333331346511841 0.707072913646698
vt 0.83333331346511841 0
vt 0.83333331346511841 0.707072913646698
vt 1 0
vt 1 0.707072913646698
vt 0.055971745401620865 0.92417854070663452
vt 0.12890820205211639 1
vt 0.35913732647895813 0.8401179313659668
vt 0.28513616323471069 0.76346063613891602
vt 0.23022520542144775 0.7070736289024353
vt 0 0.86668068170547485
vt 0.055971745401620865 0.78289508819580078
vt 0.12890820205211639 0.7070736289024353
vt 0.35913732647895813 0.86695569753646851
vt 0.28513616323471069 0.94361299276351929
vt 0.23022520542144775 1
vt 0 0.84039294719696045
vn -0.95588588714599609 0 -0.29373824596405029
vn -0.95588588714599609 0 -0.29373824596405029
vn -0.95588588714599609 0 -0.29373824596405029
vn -0.95588588714599609 0 -0.29373824596405029
vn -0.2944796085357666 0 0.95565778017044067
vn -0.2944796085357666 0 0.95565778017044067
vn -0.2944796085357666 0 0.95565778017044067
vn -0.2944796085357666 0 0.95565778017044067
vn 0.95639258623123169 0 0.29208433628082275
vn 0.95639258623123169 0 0.29208433628082275
vn 0.95763665437698364 0 0.28797915577888489
vn 0.95763665437698364 0 0.28797915577888489
vn 0.95763665437698364 0 0.28797915577888489
vn 0.95763665437698364 0 0.28797915577888489
vn 0.29527744650840759 0 -0.95541155338287354
vn 0.29527744650840759 0 -0.95541155338287354
vn 0.29527744650840759 0 -0.95541155338287354
vn 0.29527744650840759 0 -0.95541155338287354
vn -0.95758348703384399 0 -0.28815597295761108
vn -0.95758348703384399 0 -0.28815597295761108
vn -0.95758348703384399 0 -0.28815597295761108
vn -0.95758348703384399 0 -0.28815597295761108
vn 0 -1 0
vn 0 -1 0
vn 0 -1 0
vn 0 -1 0
vn 0 -1 0
vn 0 -1 0
vn 0 1 0
vn 0 1 0
vn 0 1 0
vn 0 1 0
vn 0 1 0
vn 0 1 0
f 115/115/115 117/117/117 118/118/118 116/116/116
f 119/119/119 121/121/121 122/122/122 120/120/120
f 123/123/123 125/125/125 126/126/126 124/124/124
f 125/125/125 127/127/127 128/128/128 126/126/126
f 129/129/129 131/131/131 132/132/132 130/130/130
f 133/133/133 135/135/135 136/136/136 134/134/134
f 139/139/139 138/138/138 137/137/137
f 141/141/141 137/137/137 142/142/142
f 141/141/141 140/140/140 137/137/137
f 139/139/139 137/137/137 140/140/140
f 145/145/145 143/143/143 144/144/144
f 147/147/147 148/148/148 143/143/143
f 147/147/147 143/143/143 146/146/146
f 145/145/145 146/146/146 143/143/143
usemtl Default
v 193.28646850585938 0 71.942428588867188
v 193.28646850585938 6 71.942428588867188
v 198.88594055175781 0 73.899955749511719
v 198.88594055175781 6 73.899955749511719
v 198.88594055175781 0 73.899955749511719
v 198.88594055175781 6 73.899955749511719
v 200.01753234863281 0 70.603965759277344
v 200.01753234863281 6 70.603965759277344
v 200.01753234863281 0 70.603965759277344
v 200.01753234863281 6 70.603965759277344
v 194.4024658203125 0 68.656547546386719
v 194.4024658203125 6 68.656547546386719
v 194.4024658203125 0 68.656547546386719
v 194.4024658203125 6 68.656547546386719
v 193.28646850585938 0 71.942428588867188
v 193.28646850585938 6 71.942428588867188
v 193.28646850585938 0 71.942428588867188
v 198.88594055175781 0 73.899955749511719
v 200.01753234863281 0 70.603965759277344
v 194.4024658203125 0 68.656547546386719
v 193.28646850585938 6 71.942428588867188
v 198.88594055175781 6 73.899955749511719
v 200.01753234863281 6 70.603965759277344
v 194.4024658203125 6 68.656547546386719
vt 0 0
vt 0 0.66050451993942261
vt 0.25 0
vt 0.25 0.66050451993942261
vt 0.25 0
vt 0.25 0.66050451993942261
vt 0.5 0
vt 0.5 0.66050451993942261
vt 0.5 0
vt 0.5 0.66050451993942261
vt 0.75 0
vt 0.75 0.66050451993942261
vt 0.75 0
vt 0.75 0.66050451993942261
vt 1 0
vt 1 0.66050451993942261
vt 0.1124577522277832 1
vt 0.36372682452201843 0.80858850479125977
vt 0.25128096342086792 0.66050517559051514
vt 0 0.85291117429733276
vt 0.74873089790344238 0.66050517559051514
vt 1 0.85191667079925537
vt 0.8875541090965271 1
vt 0.63627314567565918 0.80759400129318237
vn -0.33000719547271729 0 0.94397842884063721
vn -0.33000719547271729 0 0.94397842884063721
vn -0.33000719547271729 0 0.94397842884063721
vn -0.33000719547271729 0 0.94397842884063721
vn 0.94581025838851929 0 0.3247198760509491
vn 0.94581025838851929 0 0.3247198760509491
vn 0.94581025838851929 0 0.3247198760509491
vn 0.94581025838851929 0 0.3247198760509491
vn 0.32767266035079956 0 -0.94479131698608398
vn 0.32767266035079956 0 -0.94479131698608398
vn 0.32767266035079956 0 -0.94479131698608398
vn 0.32767266035079956 0 -0.94479131698608398
vn -0.94687849283218384 0 -0.32159152626991272
vn -0.94687849283218384 0 -0.32159152626991272
vn -0.94687849283218384 0 -0.32159152626991272
vn -0.94687849283218384 0 -0.32159152626991272
vn 0 -1 0
vn 0 -1 0
vn 0 -1 0
vn 0 -1 0
vn 0 1 0
vn 0 1 0
vn 0 1 0
vn 0 1 0
f 149/149/149 151/151/151 152/152/152 150/150/150
f 153/153/153 155/155/155 156/156/156 154/154/154
f 157/157/157 159/159/159 160/160/160 158/158/158
f 161/161/161 163/163/163 164/164/164 162/162/162
f 167/167/167 165/165/165 168/168/168
f 165/165/165 167/167/167 166/166/166
f 171/171/171 172/172/172 169/169/169
f 169/169/169 170/170/170 171/171/171
usemtl Default
v 91.536651611328125 0 23.427288055419922
v 91.536651611328125 21 23.427288055419922
v 93.913856506347656 0 24.5262451171875
v 93.913856506347656 21 24.5262451171875
v 93.913856506347656 0 24.5262451171875
v 93.913856506347656 21 24.5262451171875
v 77.359375 0 37.541641235351562
v 77.359375 21 37.541641235351562
v 77.359375 0 37.541641235351562
v 77.359375 21 37.541641235351562
v 75.505203247070312 0 36.719608306884766
v 75.505203247070312 21 36.719608306884766
v 75.505203247070312 0 36.719608306884766
v 75.505203247070312 21 36.719608306884766
v 59.521125793457031 0 52.103824615478516
v 59.521125793457031 21 52.103824615478516
v 59.521125793457031 0 52.103824615478516
v 59.521125793457031 21 52.103824615478516
v 63.62274169921875 0 53.844966888427734
v 63.62274169921875 21 53.844966888427734
v 63.62274169921875 0 53.844966888427734
v 63.62274169921875 21 53.844966888427734
v 62.301013946533203 0 57.351970672607422
v 62.301013946533203 21 57.351970672607422
v 62.301013946533203 0 57.351970672607422
v 62.301013946533203 21 57.351970672607422
v 56.032032012939453 0 64.317916870117188
v 56.032032012939453 21 64.317916870117188
v 56.032032012939453 0 64.317916870117188
v 56.032032012939453 21 64.317916870117188
v 57.287666320800781 0 65.439842224121094
v 57.287666320800781 21 65.439842224121094
v 57.287666320800781 0 65.439842224121094
v 57.287666320800781 21 65.439842224121094
v 52.111515045166016 0 71.2576904296875
v 52.111515045166016 21 71.2576904296875
v 52.111515045166016 0 71.2576904296875
v 52.111515045166016 21 71.2576904296875
v 47.6533203125 0 69.659629821777344
v 47.6533203125 21 69.659629821777344
v 47.6533203125 0 69.659629821777344
v 47.6533203125 21 69.659629821777344
v 46.619052886962891 0 72.529449462890625
v 46.619052886962891 21 72.529449462890625
v 46.619052886962891 0 72.529449462890625
v 46.619052886962891 21 72.529449462890625
v 42.774036407470703 0 71.061920166015625
v 42.774036407470703 21 71.061920166015625
v 42.774036407470703 0 71.061920166015625
v 42.774036407470703 21 71.061920166015625
v 24.702959060668945 0 95.277214050292969
v 24.702959060668945 21 95.277214050292969
v 24.702959060668945 0 95.277214050292969
v 24.702959060668945 21 95.277214050292969
v 46.202590942382812 0 96.499748229980469
v 46.202590942382812 21 96.499748229980469
v 46.202590942382812 0 96.499748229980469
v 46.202590942382812 21 96.499748229980469
v 45.6328125 0 97.924781799316406
v 45.6328125 21 97.924781799316406
v 45.6328125 0 97.924781799316406
v 45.6328125 21 97.924781799316406
v 119.39592742919922 0 122.98410797119141
v 119.39592742919922 21 122.98410797119141
v 119.39592742919922 0 122.98410797119141
v 119.39592742919922 21 122.98410797119141
v 123.70217132568359 0 121.51319885253906
v 123.70217132568359 21 121.51319885253906
v 123.70217132568359 0 121.51319885253906
v 123.70217132568359 21 121.51319885253906
v 180.701171875 0 -18.143665313720703
v 180.701171875 21 -18.143665313720703
v 180.701171875 0 -18.143665313720703
v 180.701171875 21 -18.143665313720703
v 173.39308166503906 0 -20.897182464599609
v 173.39308166503906 21 -20.897182464599609
v 173.39308166503906 0 -20.897182464599609
v 173.39308166503906 21 -20.897182464599609
v 163.73960876464844 0 -17.37983512878418
v 163.73960876464844 21 -17.37983512878418
v 163.73960876464844 0 -17.37983512878418
v 163.73960876464844 21 -17.37983512878418
v 160.69227600097656 0 -9.2353591918945312
v 160.69227600097656 21 -9.2353591918945312
v 160.69227600097656 0 -9.2353591918945312
v 160.69227600097656 21 -9.2353591918945312
v 151.01126098632812 0 -12.122811317443848
v 151.01126098632812 21 -12.122811317443848
v 151.01126098632812 0 -12.122811317443848
v 151.01126098632812 21 -12.122811317443848
v 150.13330078125 0 -9.9701995849609375
v 150.13330078125 21 -9.9701995849609375
v 150.13330078125 0 -9.9701995849609375
v 150.13330078125 21 -9.9701995849609375
v 116.47686004638672 0 7.7931151390075684
v 116.47686004638672 21 7.7931151390075684
v 116.47686004638672 0 7.7931151390075684
v 116.47686004638672 21 7.7931151390075684
v 115.7144775390625 0 6.3515620231628418
v 115.7144775390625 21 6.3515620231628418
v 115.7144775390625 0 6.3515620231628418
v 115.7144775390625 21 6.3515620231628418
v 91.536651611328125 0 23.427288055419922
v 91.536651611328125 21 23.427288055419922
v 91.536651611328125 0 23.427288055419922
v 93.913856506347656 0 24.5262451171875
v 77.359375 0 37.541641235351562
v 75.505203247070312 0 36.719608306884766
v 59.521125793457031 0 52.103824615478516
v 63.62274169921875 0 53.844966888427734
v 62.301013946533203 0 57.351970672607422
v 56.032032012939453 0 64.317916870117188
v 57.287666320800781 0 65.439842224121094
v 52.111515045166016 0 71.2576904296875
v 47.6533203125 0 69.659629821777344
v 46.619052886962891 0 72.529449462890625
v 42.774036407470703 0 71.061920166015625
v 24.702959060668945 0 95.277214050292969
v 46.202590942382812 0 96.499748229980469
v 45.6328125 0 97.924781799316406
v 119.39592742919922 0 122.98410797119141
v 123.70217132568359 0 121.51319885253906
v 180.701171875 0 -18.143665313720703
v 173.39308166503906 0 -20.897182464599609
v 163.73960876464844 0 -17.37983512878418
v 160.69227600097656 0 -9.2353591918945312
v 151.01126098632812 0 -12.122811317443848
v 150.13330078125 0 -9.9701995849609375
v 116.47686004638672 0 7.7931151390075684
v 115.7144775390625 0 6.3515620231628418
v 91.536651611328125 21 23.427288055419922
v 93.913856506347656 21 24.5262451171875
v 77.359375 21 37.541641235351562
v 75.505203247070312 21 36.719608306884766
v 59.521125793457031 21 52.103824615478516
v 63.62274169921875 21 53.844966888427734
v 62.301013946533203 21 57.351970672607422
v 56.032032012939453 21 64.317916870117188
v 57.287666320800781 21 65.439842224121094
v 52.111515045166016 21 71.2576904296875
v 47.6533203125 21 69.659629821777344
v 46.619052886962891 21 72.529449462890625
v 42.774036407470703 21 71.061920166015625
v 24.702959060668945 21 95.277214050292969
v 46.202590942382812 21 96.499748229980469
v 45.6328125 21 97.924781799316406
v 119.39592742919922 21 122.98410797119141
v 123.70217132568359 21 121.51319885253906
v 180.701171875 21 -18.143665313720703
v 173.39308166503906 21 -20.897182464599609
v 163.73960876464844 21 -17.37983512878418
v 160.69227600097656 21 -9.2353591918945312
v 151.01126098632812 21 -12.122811317443848
v 150.13330078125 21 -9.9701995849609375
v 116.47686004638672 21 7.7931151390075684
v 115.7144775390625 21 6.3515620231628418
vt 0 0
vt 0 0.54738014936447144
vt 0.038461539894342422 0
vt 0.038461539894342422 0.54738014936447144
vt 0.038461539894342422 0
vt 0.038461539894342422 0.54738014936447144
vt 0.076923079788684845 0
vt 0.076923079788684845 0.54738014936447144
vt 0.076923079788684845 0
vt 0.076923079788684845 0.54738014936447144
vt 0.11538461595773697 0
vt 0.11538461595773697 0.54738014936447144
vt 0.11538461595773697 0
vt 0.11538461595773697 0.54738014936447144
vt 0.15384615957736969 0
vt 0.15384615957736969 0.54738014936447144
vt 0.15384615957736969 0
vt 0.15384615957736969 0.54738014936447144
vt 0.19230769574642181 0
vt 0.19230769574642181 0.54738014936447144
vt 0.19230769574642181 0
vt 0.19230769574642181 0.54738014936447144
vt 0.23076923191547394 0
vt 0.23076923191547394 0.54738014936447144
vt 0.23076923191547394 0
vt 0.23076923191547394 0.54738014936447144
vt 0.26923078298568726 0
vt 0.26923078298568726 0.54738014936447144
vt 0.26923078298568726 0
vt 0.26923078298568726 0.54738014936447144
vt 0.30769231915473938 0
vt 0.30769231915473938 0.54738014936447144
vt 0.30769231915473938 0
vt 0.30769231915473938 0.54738014936447144
vt 0.3461538553237915 0
vt 0.3461538553237915 0.54738014936447144
vt 0.3461538553237915 0
vt 0.3461538553237915 0.54738014936447144
vt 0.38461539149284363 0
vt 0.38461539149284363 0.54738014936447144
vt 0.38461539149284363 0
vt 0.38461539149284363 0.54738014936447144
vt 0.42307692766189575 0
vt 0.42307692766189575 0.54738014936447144
vt 0.42307692766189575 0
vt 0.42307692766189575 0.54738014936447144
vt 0.46153846383094788 0
vt 0.46153846383094788 0.54738014936447144
vt 0.46153846383094788 0
vt 0.46153846383094788 0.54738014936447144
vt 0.5 0
vt 0.5 0.54738014936447144
vt 0.5 0
vt 0.5 0.54738014936447144
vt 0.53846156597137451 0
vt 0.53846156597137451 0.54738014936447144
vt 0.53846156597137451 0
vt 0.53846156597137451 0.54738014936447144
vt 0.57692307233810425 0
vt 0.57692307233810425 0.54738014936447144
vt 0.57692307233810425 0
vt 0.57692307233810425 0.54738014936447144
vt 0.61538463830947876 0
vt 0.61538463830947876 0.54738014936447144
vt 0.61538463830947876 0
vt 0.61538463830947876 0.54738014936447144
vt 0.6538461446762085 0
vt 0.6538461446762085 0.54738014936447144
vt 0.6538461446762085 0
vt 0.6538461446762085 0.54738014936447144
vt 0.69230771064758301 0
vt 0.69230771064758301 0.54738014936447144
vt 0.69230771064758301 0
vt 0.69230771064758301 0.54738014936447144
vt 0.73076921701431274 0
vt 0.73076921701431274 0.54738014936447144
vt 0.73076921701431274 0
vt 0.73076921701431274 0.54738014936447144
vt 0.76923078298568726 0
vt 0.76923078298568726 0.54738014936447144
vt 0.76923078298568726 0
vt 0.76923078298568726 0.54738014936447144
vt 0.80769228935241699 0
vt 0.80769228935241699 0.54738014936447144
vt 0.80769228935241699 0
vt 0.80769228935241699 0.54738014936447144
vt 0.8461538553237915 0
vt 0.8461538553237915 0.54738014936447144
vt 0.8461538553237915 0
vt 0.8461538553237915 0.54738014936447144
vt 0.88461536169052124 0
vt 0.88461536169052124 0.54738014936447144
vt 0.88461536169052124 0
vt 0.88461536169052124 0.54738014936447144
vt 0.92307692766189575 0
vt 0.92307692766189575 0.54738014936447144
vt 0.92307692766189575 0
vt 0.92307692766189575 0.54738014936447144
vt 0.96153843402862549 0
vt 0.96153843402862549 0.54738014936447144
vt 0.96153843402862549 0
vt 0.96153843402862549 0.54738014936447144
vt 1 0
vt 1 0.54738014936447144
vt 0.20182722806930542 0.99627983570098877
vt 0.19898340106010437 0.98620933294296265
vt 0.2425437867641449 0.97868907451629639
vt 0.24480229616165161 0.98641186952590942
vt 0.29009994864463806 0.9685664176940918
vt 0.2850150465965271 0.95177310705184937
vt 0.29132950305938721 0.94190120697021484
vt 0.31016683578491211 0.9313998818397522
vt 0.30928710103034973 0.92404645681381226
vt 0.32491675019264221 0.91512691974639893
vt 0.33078214526176453 0.93227386474609375
vt 0.33586758375167847 0.92407733201980591
vt 0.34082365036010742 0.93920129537582397
vt 0.39987742900848389 0.89339452981948853
vt 0.36413872241973877 0.83506351709365845
vt 0.36676105856895447 0.83113390207290649
vt 0.26812741160392761 0.55261802673339844
vt 0.25899705290794373 0.54738068580627441
vt 0 0.92959356307983398
vt 0.0094609363004565239 0.95820480585098267
vt 0.030181635171175003 0.96911907196044922
vt 0.044807691127061844 0.94613760709762573
vt 0.058214269578456879 0.98118317127227783
vt 0.062205299735069275 0.97529035806655884
vt 0.14076919853687286 0.99267864227294922
vt 0.14042940735816956 1
vt 0.20182722806930542 0.55110090970993042
vt 0.19898340106010437 0.56117141246795654
vt 0.2425437867641449 0.56869161128997803
vt 0.24480229616165161 0.56096881628036499
vt 0.29009994864463806 0.57881426811218262
vt 0.2850150465965271 0.59560757875442505
vt 0.29132950305938721 0.60547947883605957
vt 0.31016683578491211 0.61598086357116699
vt 0.30928710103034973 0.62333428859710693
vt 0.32491675019264221 0.63225382566452026
vt 0.33078214526176453 0.61510682106018066
vt 0.33586758375167847 0.62330335378646851
vt 0.34082365036010742 0.60817945003509521
vt 0.39987742900848389 0.65398621559143066
vt 0.36413872241973877 0.71231716871261597
vt 0.36676105856895447 0.71624678373336792
vt 0.26812741160392761 0.99476271867752075
vt 0.25899705290794373 1
vt 0 0.61778712272644043
vt 0.0094609363004565239 0.58917587995529175
vt 0.030181635171175003 0.5782616138458252
vt 0.044807691127061844 0.60124307870864868
vt 0.058214269578456879 0.56619757413864136
vt 0.062205299735069275 0.57209032773971558
vt 0.14076919853687286 0.55470210313796997
vt 0.14042940735816956 0.54738068580627441
vn -0.4196203351020813 0 0.90769970417022705
vn -0.4196203351020813 0 0.90769970417022705
vn -0.4196203351020813 0 0.90769970417022705
vn -0.4196203351020813 0 0.90769970417022705
vn -0.61806511878967285 0 -0.78612691164016724
vn -0.61806511878967285 0 -0.78612691164016724
vn -0.61806511878967285 0 -0.78612691164016724
vn -0.61806511878967285 0 -0.78612691164016724
vn 0.40529724955558777 0 -0.91418498754501343
vn 0.40529724955558777 0 -0.91418498754501343
vn 0.40529724955558777 0 -0.91418498754501343
vn 0.40529724955558777 0 -0.91418498754501343
vn -0.69345784187316895 0 -0.72049719095230103
vn -0.69345784187316895 0 -0.72049719095230103
vn -0.69345784187316895 0 -0.72049719095230103
vn -0.69345784187316895 0 -0.72049719095230103
vn -0.39075219631195068 0 0.92049592733383179
vn -0.39075219631195068 0 0.92049592733383179
vn -0.39075219631195068 0 0.92049592733383179
vn -0.39075219631195068 0 0.92049592733383179
vn -0.93574875593185425 0 -0.35266730189323425
vn -0.93574875593185425 0 -0.35266730189323425
vn -0.93574875593185425 0 -0.35266730189323425
vn -0.93574875593185425 0 -0.35266730189323425
vn -0.74331384897232056 0 -0.66894286870956421
vn -0.74331384897232056 0 -0.66894286870956421
vn -0.74331384897232056 0 -0.66894286870956421
vn -0.74331384897232056 0 -0.66894286870956421
vn -0.66628813743591309 0 0.74569439888000488
vn -0.66628813743591309 0 0.74569439888000488
vn -0.66628813743591309 0 0.74569439888000488
vn -0.66628813743591309 0 0.74569439888000488
vn -0.74710756540298462 0 -0.66470319032669067
vn -0.74710756540298462 0 -0.66470319032669067
vn -0.74710756540298462 0 -0.66470319032669067
vn -0.74710756540298462 0 -0.66470319032669067
vn 0.33743083477020264 0 -0.94135034084320068
vn 0.33743083477020264 0 -0.94135034084320068
vn 0.33743083477020264 0 -0.94135034084320068
vn 0.33743083477020264 0 -0.94135034084320068
vn -0.94076865911483765 0 -0.3390490710735321
vn -0.94076865911483765 0 -0.3390490710735321
vn -0.94076865911483765 0 -0.3390490710735321
vn -0.94076865911483765 0 -0.3390490710735321
vn 0.35657998919487 0 -0.93426477909088135
vn 0.35657998919487 0 -0.93426477909088135
vn 0.35657998919487 0 -0.93426477909088135
vn 0.35657998919487 0 -0.93426477909088135
vn -0.80143368244171143 0 -0.59808361530303955
vn -0.80143368244171143 0 -0.59808361530303955
vn -0.80143368244171143 0 -0.59808361530303955
vn -0.80143368244171143 0 -0.59808361530303955
vn -0.056771252304315567 0 0.99838721752166748
vn -0.056771252304315567 0 0.99838721752166748
vn -0.056771252304315567 0 0.99838721752166748
vn -0.056771252304315567 0 0.99838721752166748
vn -0.92852950096130371 0 -0.37125867605209351
vn -0.92852950096130371 0 -0.37125867605209351
vn -0.92852950096130371 0 -0.37125867605209351
vn -0.92852950096130371 0 -0.37125867605209351
vn -0.3216710090637207 0 0.94685149192810059
vn -0.3216710090637207 0 0.94685149192810059
vn -0.3216710090637207 0 0.94685149192810059
vn -0.3216710090637207 0 0.94685149192810059
vn 0.32323858141899109 0 0.94631749391555786
vn 0.32323858141899109 0 0.94631749391555786
vn 0.32323858141899109 0 0.94631749391555786
vn 0.32323858141899109 0 0.94631749391555786
vn 0.92585641145706177 0 0.37787544727325439
vn 0.92585641145706177 0 0.37787544727325439
vn 0.92585641145706177 0 0.37787544727325439
vn 0.92585641145706177 0 0.37787544727325439
vn 0.35258033871650696 0 -0.93578153848648071
vn 0.35258033871650696 0 -0.93578153848648071
vn 0.35258033871650696 0 -0.93578153848648071
vn 0.35258033871650696 0 -0.93578153848648071
vn -0.34234431385993958 0 -0.93957459926605225
vn -0.34234431385993958 0 -0.93957459926605225
vn -0.34234431385993958 0 -0.93957459926605225
vn -0.34234431385993958 0 -0.93957459926605225
vn -0.9365876317024231 0 -0.35043352842330933
vn -0.9365876317024231 0 -0.35043352842330933
vn -0.9365876317024231 0 -0.35043352842330933
vn -0.9365876317024231 0 -0.35043352842330933
vn 0.28581693768501282 0 -0.95828425884246826
vn 0.28581693768501282 0 -0.95828425884246826
vn 0.28581693768501282 0 -0.95828425884246826
vn 0.28581693768501282 0 -0.95828425884246826
vn -0.92594712972640991 0 -0.37765315175056458
vn -0.92594712972640991 0 -0.37765315175056458
vn -0.92594712972640991 0 -0.37765315175056458
vn -0.92594712972640991 0 -0.37765315175056458
vn -0.46676260232925415 0 -0.88438266515731812
vn -0.46676260232925415 0 -0.88438266515731812
vn -0.46676260232925415 0 -0.88438266515731812
vn -0.46676260232925415 0 -0.88438266515731812
vn 0.88398879766464233 0 -0.46750810742378235
vn 0.88398879766464233 0 -0.46750810742378235
vn 0.88398879766464233 0 -0.46750810742378235
vn 0.88398879766464233 0 -0.46750810742378235
vn -0.57688671350479126 0 -0.81682413816452026
vn -0.57688671350479126 0 -0.81682413816452026
vn -0.57688671350479126 0 -0.81682413816452026
vn -0.57688671350479126 0 -0.81682413816452026
vn 0 -1 0
vn 0 -1 0
vn 0 -1 0
vn 0 -1 0
vn 0 -1 0
vn 0 -1 0
vn 0 -1 0
vn 0 -1 0
vn 0 -1 0
vn 0 -1 0
vn 0 -1 0
vn 0 -1 0
vn 0 -1 0
vn 0 -1 0
vn 0 -1 0
vn 0 -1 0
vn 0 -1 0
vn 0 -1 0
vn 0 -1 0
vn 0 -1 0
vn 0 -1 0
vn 0 -1 0
vn 0 -1 0
vn 0 -1 0
vn 0 -1 0
vn 0 -1 0
vn 0 1 0
vn 0 1 0
vn 0 1 0
vn 0 1 0
vn 0 1 0
vn 0 1 0
vn 0 1 0
vn 0 1 0
vn 0 1 0
vn 0 1 0
vn 0 1 0
vn 0 1 0
vn 0 1 0
vn 0 1 0
vn 0 1 0
vn 0 1 0
vn 0 1 0
vn 0 1 0
vn 0 1 0
vn 0 1 0
vn 0 1 0
vn 0 1 0
vn 0 1 0
vn 0 1 0
vn 0 1 0
vn 0 1 0
f 173/173/173 175/175/175 176/176/176 174/174/174
f 177/177/177 179/179/179 180/180/180 178/178/178
f 181/181/181 183/183/183 184/184/184 182/182/182
f 185/185/185 187/187/187 188/188/188 186/186/186
f 189/189/189 191/191/191 192/192/192 190/190/190
f 193/193/193 195/195/195 196/196/196 194/194/194
f 197/197/197 199/199/199 200/200/200 198/198/198
f 201/201/201 203/203/203 204/204/204 202/202/202
f 205/205/205 207/207/207 208/208/208 206/206/206
f 209/209/209 211/211/211 212/212/212 210/210/210
f 213/213/213 215/215/215 216/216/216 214/214/214
f 217/217/217 219/219/219 220/220/220 218/218/218
f 221/221/221 223/223/223 224/224/224 222/222/222
f 225/225/225 227/227/227 228/228/228 226/226/226
f 229/229/229 231/231/231 232/232/232 230/230/230
f 233/233/233 235/235/235 236/236/236 234/234/234
f 237/237/237 239/239/239 240/240/240 238/238/238
f 241/241/241 243/243/243 244/244/244 242/242/242
f 245/245/245 247/247/247 248/248/248 246/246/246
f 249/249/249 251/251/251 252/252/252 250/250/250
f 253/253/253 255/255/255 256/256/256 254/254/254
f 257/257/257 259/259/259 260/260/260 258/258/258
f 261/261/261 263/263/263 264/264/264 262/262/262
f 265/265/265 267/267/267 268/268/268 266/266/266
f 269/269/269 271/271/271 272/272/272 270/270/270
f 273/273/273 275/275/275 276/276/276 274/274/274
f 302/302/302 278/278/278 277/277/277
f 279/279/279 282/282/282 280/280/280
f 281/281/281 280/280/280 282/282/282
f 294/294/294 279/279/279 278/278/278
f 278/278/278 301/301/301 294/294/294
f 278/278/278 302/302/302 301/301/301
f 301/301/301 300/300/300 298/298/298
f 298/298/298 297/297/297 296/296/296
f 296/296/296 295/295/295 298/298/298
f 300/300/300 299/299/299 298/298/298
f 294/294/294 301/301/301 298/298/298
f 282/282/282 279/279/279 283/283/283
f 291/291/291 289/289/289 288/288/288
f 288/288/288 287/287/287 286/286/286
f 293/293/293 292/292/292 291/291/291
f 289/289/289 291/291/291 290/290/290
f 291/291/291 288/288/288 286/286/286
f 295/295/295 294/294/294 298/298/298
f 284/284/284 283/283/283 285/285/285
f 283/283/283 279/279/279 294/294/294
f 285/285/285 291/291/291 286/286/286
f 293/293/293 283/283/283 294/294/294
f 285/285/285 293/293/293 291/291/291
f 285/285/285 283/283/283 293/293/293
f 328/328/328 303/303/303 304/304/304
f 305/305/305 306/306/306 308/308/308
f 307/307/307 308/308/308 306/306/306
f 320/320/320 304/304/304 305/305/305
f 304/304/304 320/320/320 327/327/327
f 304/304/304 327/327/327 328/328/328
f 327/327/327 324/324/324 326/326/326
f 324/324/324 322/322/322 323/323/323
f 322/322/322 324/324/324 321/321/321
f 326/326/326 324/324/324 325/325/325
f 320/320/320 324/324/324 327/327/327
f 308/308/308 309/309/309 305/305/305
f 317/317/317 314/314/314 315/315/315
f 314/314/314 312/312/312 313/313/313
f 319/319/319 317/317/317 318/318/318
f 315/315/315 316/316/316 317/317/317
f 317/317/317 312/312/312 314/314/314
f 321/321/321 324/324/324 320/320/320
f 310/310/310 311/311/311 309/309/309
f 309/309/309 320/320/320 305/305/305
f 311/311/311 312/312/312 317/317/317
f 319/319/319 320/320/320 309/309/309
f 311/311/311 317/317/317 319/319/319
f 311/311/311 319/319/319 309/309/309
usemtl Default
v 244.5634765625 0 119.58386993408203
v 244.5634765625 5.0999999046325684 119.58386993408203
v 243.61428833007812 0 121.91358947753906
v 243.61428833007812 5.0999999046325684 121.91358947753906
v 243.61428833007812 0 121.91358947753906
v 243.61428833007812 5.0999999046325684 121.91358947753906
v 242.76577758789062 0 121.57852172851562
v 242.76577758789062 5.0999999046325684 121.57852172851562
v 242.76577758789062 0 121.57852172851562
v 242.76577758789062 5.0999999046325684 121.57852172851562
v 242.00523376464844 0 123.44812774658203
v 242.00523376464844 5.0999999046325684 123.44812774658203
v 242.00523376464844 0 123.44812774658203
v 242.00523376464844 5.0999999046325684 123.44812774658203
v 246.65968322753906 0 120.43177795410156
v 246.65968322753906 5.0999999046325684 120.43177795410156
v 246.65968322753906 0 120.43177795410156
v 246.65968322753906 5.0999999046325684 120.43177795410156
v 244.5634765625 0 119.58386993408203
v 244.5634765625 5.0999999046325684 119.58386993408203
v 244.5634765625 0 119.58386993408203
v 243.61428833007812 0 121.91358947753906
v 242.76577758789062 0 121.57852172851562
v 242.00523376464844 0 123.44812774658203
v 246.65968322753906 0 120.43177795410156
v 244.5634765625 5.0999999046325684 119.58386993408203
v 243.61428833007812 5.0999999046325684 121.91358947753906
v 242.76577758789062 5.0999999046325684 121.57852172851562
v 242.00523376464844 5.0999999046325684 123.44812774658203
v 246.65968322753906 5.0999999046325684 120.43177795410156
vt 0 0
vt 0 0.78865265846252441
vt 0.20000000298023224 0
vt 0.20000000298023224 0.78865265846252441
vt 0.20000000298023224 0
vt 0.20000000298023224 0.78865265846252441
vt 0.40000000596046448 0
vt 0.40000000596046448 0.78865265846252441
vt 0.40000000596046448 0
vt 0.40000000596046448 0.78865265846252441
vt 0.60000002384185791 0
vt 0.60000002384185791 0.78865265846252441
vt 0.60000002384185791 0
vt 0.60000002384185791 0.78865265846252441
vt 0.80000001192092896 0
vt 0.80000001192092896 0.78865265846252441
vt 0.80000001192092896 0
vt 0.80000001192092896 0.78865265846252441
vt 1 0
vt 1 0.78865265846252441
vt 0.096242159605026245 1
vt 0.25323253870010376 0.83995014429092407
vt 0.29253003001213074 0.92473149299621582
vt 0.41844096779823303 0.79621702432632446
vt 0 0.78865343332290649
vt 0.096242159605026245 0.78865343332290649
vt 0.25323253870010376 0.9487033486366272
vt 0.29253003001213074 0.86392194032669067
vt 0.41844096779823303 0.99243646860122681
vt 0 1
vn -0.92608636617660522 0 -0.37731164693832397
vn -0.92608636617660522 0 -0.37731164693832397
vn -0.92608636617660522 0 -0.37731164693832397
vn -0.92608636617660522 0 -0.37731164693832397
vn 0.36729452013969421 0 -0.93010467290878296
vn 0.36729452013969421 0 -0.93010467290878296
vn 0.36729452013969421 0 -0.93010467290878296
vn 0.36729452013969421 0 -0.93010467290878296
vn -0.92629081010818481 0 -0.37680944800376892
vn -0.92629081010818481 0 -0.37680944800376892
vn -0.92629081010818481 0 -0.37680944800376892
vn -0.92629081010818481 0 -0.37680944800376892
vn 0.54384195804595947 0 0.83918768167495728
vn 0.54384195804595947 0 0.83918768167495728
vn 0.54384195804595947 0 0.83918768167495728
vn 0.54384195804595947 0 0.83918768167495728
vn 0.37498149275779724 0 -0.92703229188919067
vn 0.37498149275779724 0 -0.92703229188919067
vn 0.37498149275779724 0 -0.92703229188919067
vn 0.37498149275779724 0 -0.92703229188919067
vn 0 -1 0
vn 0 -1 0
vn 0 -1 0
vn 0 -1 0
vn 0 -1 0
vn 0 1 0
vn 0 1 0
vn 0 1 0
vn 0 1 0
vn 0 1 0
f 329/329/329 331/331/331 332/332/332 330/330/330
f 333/333/333 335/335/335 336/336/336 334/334/334
f 337/337/337 339/339/339 340/340/340 338/338/338
f 341/341/341 343/343/343 344/344/344 342/342/342
f 345/345/345 347/347/347 348/348/348 346/346/346
f 353/353/353 352/352/352 350/350/350
f 351/351/351 350/350/350 352/352/352
f 349/349/349 353/353/353 350/350/350
f 358/358/358 355/355/355 357/357/357
f 356/356/356 357/357/357 355/355/355
f 354/354/354 355/355/355 358/358/358
usemtl Default
v -142.32655334472656 0 -106.84555816650391
v -142.32655334472656 12.100000381469727 -106.84555816650391
v -136.03837585449219 0 -108.08106994628906
v -136.03837585449219 12.100000381469727 -108.08106994628906
v -136.03837585449219 0 -108.08106994628906
v -136.03837585449219 12.100000381469727 -108.08106994628906
v -133.89164733886719 0 -97.11053466796875
v -133.89164733886719 12.100000381469727 -97.11053466796875
v -133.89164733886719 0 -97.11053466796875
v -133.89164733886719 12.100000381469727 -97.11053466796875
v -85.672782897949219 0 -106.57379150390625
v -85.672782897949219 12.100000381469727 -106.57379150390625
v -85.672782897949219 0 -106.57379150390625
v -85.672782897949219 12.100000381469727 -106.57379150390625
v -83.584136962890625 0 -111.50389099121094
v -83.584136962890625 12.100000381469727 -111.50389099121094
v -83.584136962890625 0 -111.50389099121094
v -83.584136962890625 12.100000381469727 -111.50389099121094
v -92.968269348144531 0 -144.41708374023438
v -92.968269348144531 12.100000381469727 -144.41708374023438
v -92.968269348144531 0 -144.41708374023438
v -92.968269348144531 12.100000381469727 -144.41708374023438
v -143.22885131835938 0 -111.84839630126953
v -143.22885131835938 12.100000381469727 -111.84839630126953
v -143.22885131835938 0 -111.84839630126953
v -143.22885131835938 12.100000381469727 -111.84839630126953
v -142.32655334472656 0 -106.84555816650391
v -142.32655334472656 12.100000381469727 -106.84555816650391
v -142.32655334472656 0 -106.84555816650391
v -136.03837585449219 0 -108.08106994628906
v -133.89164733886719 0 -97.11053466796875
v -85.672782897949219 0 -106.57379150390625
v -83.584136962890625 0 -111.50389099121094
v -92.968269348144531 0 -144.41708374023438
v -143.22885131835938 0 -111.84839630126953
v -142.32655334472656 12.100000381469727 -106.84555816650391
v -136.03837585449219 12.100000381469727 -108.08106994628906
v -133.89164733886719 12.100000381469727 -97.11053466796875
v -85.672782897949219 12.100000381469727 -106.57379150390625
v -83.584136962890625 12.100000381469727 -111.50389099121094
v -92.968269348144531 12.100000381469727 -144.41708374023438
v -143.22885131835938 12.100000381469727 -111.84839630126953
vt 0 0
vt 0 0.57147461175918579
vt 0.1428571492433548 0
vt 0.1428571492433548 0.57147461175918579
vt 0.1428571492433548 0
vt 0.1428571492433548 0.57147461175918579
vt 0.28571429848670959 0
vt 0.28571429848670959 0.57147461175918579
vt 0.28571429848670959 0
vt 0.28571429848670959 0.57147461175918579
vt 0.4285714328289032 0
vt 0.4285714328289032 0.57147461175918579
vt 0.4285714328289032 0
vt 0.4285714328289032 0.57147461175918579
vt 0.57142859697341919 0
vt 0.57142859697341919 0.57147461175918579
vt 0.57142859697341919 0
vt 0.57142859697341919 0.57147461175918579
vt 0.71428573131561279 0
vt 0.71428573131561279 0.57147461175918579
vt 0.71428573131561279 0
vt 0.71428573131561279 0.57147461175918579
vt 0.8571428656578064 0
vt 0.8571428656578064 0.57147461175918579
vt 0.8571428656578064 0
vt 0.8571428656578064 0.57147461175918579
vt 1 0
vt 1 0.57147461175918579
vt 0.36143326759338379 0.94488704204559326
vt 0.32687124609947205 0.91589021682739258
vt 0.35191455483436584 0.79393517971038818
vt 0.086921624839305878 0.57147520780563354
vt 0.060824964195489883 0.60630005598068237
vt 0 0.99144566059112549
vt 0.34964022040367126 1
vt 0.36143326759338379 0.62658816576004028
vt 0.32687124609947205 0.65558499097824097
vt 0.35191455483436584 0.77754002809524536
vt 0.086921624839305878 1
vt 0.060824964195489883 0.96517515182495117
vt 0 0.58002954721450806
vt 0.34964022040367126 0.57147520780563354
vn 0.19279570877552032 0 0.98123890161514282
vn 0.19279570877552032 0 0.98123890161514282
vn 0.19279570877552032 0 0.98123890161514282
vn 0.19279570877552032 0 0.98123890161514282
vn -0.98138701915740967 0 0.19204039871692657
vn -0.98138701915740967 0 0.19204039871692657
vn -0.98138701915740967 0 0.19204039871692657
vn -0.98138701915740967 0 0.19204039871692657
vn 0.19258257746696472 0 0.98128074407577515
vn 0.19258257746696472 0 0.98128074407577515
vn 0.19258257746696472 0 0.98128074407577515
vn 0.19258257746696472 0 0.98128074407577515
vn 0.92077690362930298 0 0.39008954167366028
vn 0.92077690362930298 0 0.39008954167366028
vn 0.92077690362930298 0 0.39008954167366028
vn 0.92077690362930298 0 0.39008954167366028
vn 0.96167534589767456 0 -0.27419069409370422
vn 0.96167534589767456 0 -0.27419069409370422
vn 0.96167534589767456 0 -0.27419069409370422
vn 0.96167534589767456 0 -0.27419069409370422
vn -0.54380571842193604 0 -0.839211106300354
vn -0.54380571842193604 0 -0.839211106300354
vn -0.54380571842193604 0 -0.839211106300354
vn -0.54380571842193604 0 -0.839211106300354
vn -0.98412179946899414 0 0.17749457061290741
vn -0.98412179946899414 0 0.17749457061290741
vn -0.98412179946899414 0 0.17749457061290741
vn -0.98412179946899414 0 0.17749457061290741
vn 0 -1 0
vn 0 -1 0
vn 0 -1 0
vn 0 -1 0
vn 0 -1 0
vn 0 -1 0
vn 0 -1 0
vn 0 1 0
vn 0 1 0
vn 0 1 0
vn 0 1 0
vn 0 1 0
vn 0 1 0
vn 0 1 0
f 359/359/359 361/361/361 362/362/362 360/360/360
f 363/363/363 365/365/365 366/366/366 364/364/364
f 367/367/367 369/369/369 370/370/370 368/368/368
f 371/371/371 373/373/373 374/374/374 372/372/372
f 375/375/375 377/377/377 378/378/378 376/376/376
f 379/379/379 381/381/381 382/382/382 380/380/380
f 383/383/383 385/385/385 386/386/386 384/384/384
f 388/388/388 393/393/393 392/392/392
f 387/387/387 393/393/393 388/388/388
f 390/390/390 389/389/389 388/388/388
f 388/388/388 391/391/391 390/390/390
f 392/392/392 391/391/391 388/388/388
f 395/395/395 399/399/399 400/400/400
f 394/394/394 395/395/395 400/400/400
f 397/397/397 395/395/395 396/396/396
f 395/395/395 397/397/397 398/398/398
f 399/399/399 395/395/395 398/398/398
usemtl Default
v -166.86386108398438 0 -90.834823608398438
v -166.86386108398438 12.600000381469727 -90.834823608398438
v -161.04855346679688 0 -91.791572570800781
v -161.04855346679688 12.600000381469727 -91.791572570800781
v -161.04855346679688 0 -91.791572570800781
v -161.04855346679688 12.600000381469727 -91.791572570800781
v -160.79545593261719 0 -90.44378662109375
v -160.79545593261719 12.600000381469727 -90.44378662109375
v -160.79545593261719 0 -90.44378662109375
v -160.79545593261719 12.600000381469727 -90.44378662109375
v -145.55937194824219 0 -93.356979370117188
v -145.55937194824219 12.600000381469727 -93.356979370117188
v -145.55937194824219 0 -93.356979370117188
v -145.55937194824219 12.600000381469727 -93.356979370117188
v -145.84979248046875 0 -94.864936828613281
v -145.84979248046875 12.600000381469727 -94.864936828613281
v -145.84979248046875 0 -94.864936828613281
v -145.84979248046875 12.600000381469727 -94.864936828613281
v -140.28489685058594 0 -95.91754150390625
v -140.28489685058594 12.600000381469727 -95.91754150390625
v -140.28489685058594 0 -95.91754150390625
v -140.28489685058594 12.600000381469727 -95.91754150390625
v -142.32655334472656 0 -106.84555816650391
v -142.32655334472656 12.600000381469727 -106.84555816650391
v -143.22885131835938 0 -111.84839630126953
v -143.22885131835938 12.600000381469727 -111.84839630126953
v -143.22885131835938 0 -111.84839630126953
v -143.22885131835938 12.600000381469727 -111.84839630126953
v -167.73741149902344 0 -95.966941833496094
v -167.73741149902344 12.600000381469727 -95.966941833496094
v -167.73741149902344 0 -95.966941833496094
v -167.73741149902344 12.600000381469727 -95.966941833496094
v -166.86386108398438 0 -90.834823608398438
v -166.86386108398438 12.600000381469727 -90.834823608398438
v -166.86386108398438 0 -90.834823608398438
v -161.04855346679688 0 -91.791572570800781
v -160.79545593261719 0 -90.44378662109375
v -145.55937194824219 0 -93.356979370117188
v -145.84979248046875 0 -94.864936828613281
v -140.28489685058594 0 -95.91754150390625
v -142.32655334472656 0 -106.84555816650391
v -143.22885131835938 0 -111.84839630126953
v -167.73741149902344 0 -95.966941833496094
v -166.86386108398438 12.600000381469727 -90.834823608398438
v -161.04855346679688 12.600000381469727 -91.791572570800781
v -160.79545593261719 12.600000381469727 -90.44378662109375
v -145.55937194824219 12.600000381469727 -93.356979370117188
v -145.84979248046875 12.600000381469727 -94.864936828613281
v -140.28489685058594 12.600000381469727 -95.91754150390625
v -142.32655334472656 12.600000381469727 -106.84555816650391
v -143.22885131835938 12.600000381469727 -111.84839630126953
v -167.73741149902344 12.600000381469727 -95.966941833496094
vt 0 0
vt 0 0.64618879556655884
vt 0.1111111119389534 0
vt 0.1111111119389534 0.64618879556655884
vt 0.1111111119389534 0
vt 0.1111111119389534 0.64618879556655884
vt 0.2222222238779068 0
vt 0.2222222238779068 0.64618879556655884
vt 0.2222222238779068 0
vt 0.2222222238779068 0.64618879556655884
vt 0.3333333432674408 0
vt 0.3333333432674408 0.64618879556655884
vt 0.3333333432674408 0
vt 0.3333333432674408 0.64618879556655884
vt 0.4444444477558136 0
vt 0.4444444477558136 0.64618879556655884
vt 0.4444444477558136 0
vt 0.4444444477558136 0.64618879556655884
vt 0.55555558204650879 0
vt 0.55555558204650879 0.64618879556655884
vt 0.55555558204650879 0
vt 0.55555558204650879 0.64618879556655884
vt 0.66666668653488159 0
vt 0.66666668653488159 0.64618879556655884
vt 0.77777779102325439 0
vt 0.77777779102325439 0.64618879556655884
vt 0.77777779102325439 0
vt 0.77777779102325439 0.64618879556655884
vt 0.8888888955116272 0
vt 0.8888888955116272 0.64618879556655884
vt 0.8888888955116272 0
vt 0.8888888955116272 0.64618879556655884
vt 1 0
vt 1 0.64618879556655884
vt 0.38861817121505737 0.88962143659591675
vt 0.32196184992790222 0.83335930109024048
vt 0.32861098647117615 0.80406755208969116
vt 0.15117749571800232 0.66451501846313477
vt 0.14381314814090729 0.69738107919692993
vt 0.079085014760494232 0.64618945121765137
vt 0.025064816698431969 0.8835563063621521
vt 0 0.99180680513381958
vt 0.36236783862113953 1
vt 0.38861817121505737 0.75656801462173462
vt 0.32196184992790222 0.81283015012741089
vt 0.32861098647117615 0.84212189912796021
vt 0.15117749571800232 0.9816744327545166
vt 0.14381314814090729 0.94880837202072144
vt 0.079085014760494232 1
vt 0.025064816698431969 0.76263314485549927
vt 0 0.65438264608383179
vt 0.36236783862113953 0.64618945121765137
vn 0.16233968734741211 0 0.98673492670059204
vn 0.16233968734741211 0 0.98673492670059204
vn 0.16233968734741211 0 0.98673492670059204
vn 0.16233968734741211 0 0.98673492670059204
vn -0.98282134532928467 0 0.1845594048500061
vn -0.98282134532928467 0 0.1845594048500061
vn -0.98282134532928467 0 0.1845594048500061
vn -0.98282134532928467 0 0.1845594048500061
vn 0.187801793217659 0 0.98220694065093994
vn 0.187801793217659 0 0.98220694065093994
vn 0.187801793217659 0 0.98220694065093994
vn 0.187801793217659 0 0.98220694065093994
vn 0.98195368051528931 0 -0.18912148475646973
vn 0.98195368051528931 0 -0.18912148475646973
vn 0.98195368051528931 0 -0.18912148475646973
vn 0.98195368051528931 0 -0.18912148475646973
vn 0.18585491180419922 0 0.98257720470428467
vn 0.18585491180419922 0 0.98257720470428467
vn 0.18585491180419922 0 0.98257720470428467
vn 0.18585491180419922 0 0.98257720470428467
vn 0.98299169540405273 0 -0.18365006148815155
vn 0.98299169540405273 0 -0.18365006148815155
vn 0.98412179946899414 0 -0.17749457061290741
vn 0.98412179946899414 0 -0.17749457061290741
vn 0.98412179946899414 0 -0.17749457061290741
vn 0.98412179946899414 0 -0.17749457061290741
vn -0.54380571842193604 0 -0.839211106300354
vn -0.54380571842193604 0 -0.839211106300354
vn -0.54380571842193604 0 -0.839211106300354
vn -0.54380571842193604 0 -0.839211106300354
vn -0.98582082986831665 0 0.16780123114585876
vn -0.98582082986831665 0 0.16780123114585876
vn -0.98582082986831665 0 0.16780123114585876
vn -0.98582082986831665 0 0.16780123114585876
vn 0 -1 0
vn 0 -1 0
vn 0 -1 0
vn 0 -1 0
vn 0 -1 0
vn 0 -1 0
vn 0 -1 0
vn 0 -1 0
vn 0 -1 0
vn 0 1 0
vn 0 1 0
vn 0 1 0
vn 0 1 0
vn 0 1 0
vn 0 1 0
vn 0 1 0
vn 0 1 0
vn 0 1 0
f 401/401/401 403/403/403 404/404/404 402/402/402
f 405/405/405 407/407/407 408/408/408 406/406/406
f 409/409/409 411/411/411 412/412/412 410/410/410
f 413/413/413 415/415/415 416/416/416 414/414/414
f 417/417/417 419/419/419 420/420/420 418/418/418
f 421/421/421 423/423/423 424/424/424 422/422/422
f 423/423/423 425/425/425 426/426/426 424/424/424
f 427/427/427 429/429/429 430/430/430 428/428/428
f 431/431/431 433/433/433 434/434/434 432/432/432
f 436/436/436 443/443/443 441/441/441
f 443/443/443 442/442/442 441/441/441
f 436/436/436 435/435/435 443/443/443
f 438/438/438 437/437/437 436/436/436
f 436/436/436 439/439/439 438/438/438
f 441/441/441 440/440/440 439/439/439
f 441/441/441 439/439/439 436/436/436
f 445/445/445 450/450/450 452/452/452
f 452/452/452 450/450/450 451/451/451
f 445/445/445 452/452/452 444/444/444
f 447/447/447 445/445/445 446/446/446
f 445/445/445 447/447/447 448/448/448
f 450/450/450 448/448/448 449/449/449
f 450/450/450 445/445/445 448/448/448
usemtl Default
v 316.34527587890625 0 21.434396743774414
v 316.34527587890625 6.9000000953674316 21.434396743774414
v 329.77423095703125 0 26.825906753540039
v 329.77423095703125 6.9000000953674316 26.825906753540039
v 329.77423095703125 0 26.825906753540039
v 329.77423095703125 6.9000000953674316 26.825906753540039
v 320.14788818359375 0 11.971041679382324
v 320.14788818359375 6.9000000953674316 11.971041679382324
v 320.14788818359375 0 11.971041679382324
v 320.14788818359375 6.9000000953674316 11.971041679382324
v 316.34527587890625 0 21.434396743774414
v 316.34527587890625 6.9000000953674316 21.434396743774414
v 316.34527587890625 0 21.434396743774414
v 329.77423095703125 0 26.825906753540039
v 320.14788818359375 0 11.971041679382324
v 316.34527587890625 6.9000000953674316 21.434396743774414
v 329.77423095703125 6.9000000953674316 26.825906753540039
v 320.14788818359375 6.9000000953674316 11.971041679382324
vt 0 0
vt 0 0.6454731822013855
vt 0.3333333432674408 0
vt 0.3333333432674408 0.6454731822013855
vt 0.3333333432674408 0
vt 0.3333333432674408 0.6454731822013855
vt 0.66666668653488159 0
vt 0.66666668653488159 0.6454731822013855
vt 0.66666668653488159 0
vt 0.66666668653488159 0.6454731822013855
vt 1 0
vt 1 0.6454731822013855
vt 0.13624098896980286 1
vt 0.41773876547813416 0.65448218584060669
vt 0 0.64547377824783325
vt 0.13624098896980286 0.64547377824783325
vt 0.41773876547813416 0.99099165201187134
vt 0 1
vn -0.37257769703865051 0 0.92800098657608032
vn -0.37257769703865051 0 0.92800098657608032
vn -0.37257769703865051 0 0.92800098657608032
vn -0.37257769703865051 0 0.92800098657608032
vn 0.8391997218132019 0 -0.54382330179214478
vn 0.8391997218132019 0 -0.54382330179214478
vn 0.8391997218132019 0 -0.54382330179214478
vn 0.8391997218132019 0 -0.54382330179214478
vn -0.92789179086685181 0 -0.37284955382347107
vn -0.92789179086685181 0 -0.37284955382347107
vn -0.92789179086685181 0 -0.37284955382347107
vn -0.92789179086685181 0 -0.37284955382347107
vn 0 -1 0
vn 0 -1 0
vn 0 -1 0
vn 0 1 0
vn 0 1 0
vn 0 1 0
f 453/453/453 455/455/455 456/456/456 454/454/454
f 457/457/457 459/459/459 460/460/460 458/458/458
f 461/461/461 463/463/463 464/464/464 462/462/462
f 466/466/466 465/465/465 467/467/467
f 469/469/469 470/470/470 468/468/468
usemtl Default
v 269.05426025390625 0 32.962890625
v 269.05426025390625 6.3000001907348633 32.962890625
v 296.13330078125 0 43.999805450439453
v 296.13330078125 6.3000001907348633 43.999805450439453
v 296.13330078125 0 43.999805450439453
v 296.13330078125 6.3000001907348633 43.999805450439453
v 296.4425048828125 0 43.246330261230469
v 296.4425048828125 6.3000001907348633 43.246330261230469
v 296.4425048828125 0 43.246330261230469
v 296.4425048828125 6.3000001907348633 43.246330261230469
v 296.96014404296875 0 43.463962554931641
v 296.96014404296875 6.3000001907348633 43.463962554931641
v 296.96014404296875 0 43.463962554931641
v 296.96014404296875 6.3000001907348633 43.463962554931641
v 302.7122802734375 0 29.282922744750977
v 302.7122802734375 6.3000001907348633 29.282922744750977
v 302.7122802734375 0 29.282922744750977
v 302.7122802734375 6.3000001907348633 29.282922744750977
v 275.1402587890625 0 18.049289703369141
v 275.1402587890625 6.3000001907348633 18.049289703369141
v 275.1402587890625 0 18.049289703369141
v 275.1402587890625 6.3000001907348633 18.049289703369141
v 269.05426025390625 0 32.962890625
v 269.05426025390625 6.3000001907348633 32.962890625
v 269.05426025390625 0 32.962890625
v 296.13330078125 0 43.999805450439453
v 296.4425048828125 0 43.246330261230469
v 296.96014404296875 0 43.463962554931641
v 302.7122802734375 0 29.282922744750977
v 275.1402587890625 0 18.049289703369141
v 269.05426025390625 6.3000001907348633 32.962890625
v 296.13330078125 6.3000001907348633 43.999805450439453
v 296.4425048828125 6.3000001907348633 43.246330261230469
v 296.96014404296875 6.3000001907348633 43.463962554931641
v 302.7122802734375 6.3000001907348633 29.282922744750977
v 275.1402587890625 6.3000001907348633 18.049289703369141
vt 0 0
vt 0 0.54742342233657837
vt 0.1666666716337204 0
vt 0.1666666716337204 0.54742342233657837
vt 0.1666666716337204 0
vt 0.1666666716337204 0.54742342233657837
vt 0.3333333432674408 0
vt 0.3333333432674408 0.54742342233657837
vt 0.3333333432674408 0
vt 0.3333333432674408 0.54742342233657837
vt 0.5 0
vt 0.5 0.54742342233657837
vt 0.5 0
vt 0.5 0.54742342233657837
vt 0.66666668653488159 0
vt 0.66666668653488159 0.54742342233657837
vt 0.66666668653488159 0
vt 0.66666668653488159 0.54742342233657837
vt 0.83333331346511841 0
vt 0.83333331346511841 0.54742342233657837
vt 0.83333331346511841 0
vt 0.83333331346511841 0.54742342233657837
vt 1 0
vt 1 0.54742342233657837
vt 0.098534278571605682 1
vt 0.36202132701873779 0.75261604785919189
vt 0.35705354809761047 0.74245679378509521
vt 0.36215066909790039 0.73778331279754639
vt 0.26824569702148438 0.54742401838302612
vt 0 0.79934674501419067
vt 0.098534278571605682 0.54742401838302612
vt 0.36202132701873779 0.79480791091918945
vt 0.35705354809761047 0.80496722459793091
vt 0.36215066909790039 0.80964070558547974
vt 0.26824569702148438 1
vt 0 0.74807727336883545
vn -0.37743514776229858 0 0.92603600025177002
vn -0.37743514776229858 0 0.92603600025177002
vn -0.37743514776229858 0 0.92603600025177002
vn -0.37743514776229858 0 0.92603600025177002
vn 0.92512679100036621 0 0.3796582818031311
vn 0.92512679100036621 0 0.3796582818031311
vn 0.92512679100036621 0 0.3796582818031311
vn 0.92512679100036621 0 0.3796582818031311
vn -0.38757333159446716 0 0.92183887958526611
vn -0.38757333159446716 0 0.92183887958526611
vn -0.38757333159446716 0 0.92183887958526611
vn -0.38757333159446716 0 0.92183887958526611
vn 0.92666953802108765 0 0.37587711215019226
vn 0.92666953802108765 0 0.37587711215019226
vn 0.92666953802108765 0 0.37587711215019226
vn 0.92666953802108765 0 0.37587711215019226
vn 0.37731391191482544 0 -0.92608541250228882
vn 0.37731391191482544 0 -0.92608541250228882
vn 0.37731391191482544 0 -0.92608541250228882
vn 0.37731391191482544 0 -0.92608541250228882
vn -0.92587321996688843 0 -0.37783437967300415
vn -0.92587321996688843 0 -0.37783437967300415
vn -0.92587321996688843 0 -0.37783437967300415
vn -0.92587321996688843 0 -0.37783437967300415
vn 0 -1 0
vn 0 -1 0
vn 0 -1 0
vn 0 -1 0
vn 0 -1 0
vn 0 -1 0
vn 0 1 0
vn 0 1 0
vn 0 1 0
vn 0 1 0
vn 0 1 0
vn 0 1 0
f 471/471/471 473/473/473 474/474/474 472/472/472
f 475/475/475 477/477/477 478/478/478 476/476/476
f 479/479/479 481/481/481 482/482/482 480/480/480
f 483/483/483 485/485/485 486/486/486 484/484/484
f 487/487/487 489/489/489 490/490/490 488/488/488
f 491/491/491 493/493/493 494/494/494 492/492/492
f 497/497/497 500/500/500 499/499/499
f 495/495/495 500/500/500 497/497/497
f 495/495/495 497/497/497 496/496/496
f 499/499/499 498/498/498 497/497/497
f 503/503/503 505/505/505 506/506/506
f 501/501/501 503/503/503 506/506/506
f 501/501/501 502/502/502 503/503/503
f 505/505/505 503/503/503 504/504/504
usemtl Default
v 171.85054016113281 0 60.280967712402344
v 171.85054016113281 6 60.280967712402344
v 194.48941040039062 0 68.517234802246094
v 194.48941040039062 6 68.517234802246094
v 194.48941040039062 0 68.517234802246094
v 194.48941040039062 6 68.517234802246094
v 194.4024658203125 0 68.656547546386719
v 194.4024658203125 6 68.656547546386719
v 194.4024658203125 0 68.656547546386719
v 194.4024658203125 6 68.656547546386719
v 200.01753234863281 0 70.603965759277344
v 200.01753234863281 6 70.603965759277344
v 200.01753234863281 0 70.603965759277344
v 200.01753234863281 6 70.603965759277344
v 206.0478515625 0 56.749588012695312
v 206.0478515625 6 56.749588012695312
v 206.0478515625 0 56.749588012695312
v 206.0478515625 6 56.749588012695312
v 196.50334167480469 0 53.541511535644531
v 196.50334167480469 6 53.541511535644531
v 177.3006591796875 0 46.830257415771484
v 177.3006591796875 6 46.830257415771484
v 177.3006591796875 0 46.830257415771484
v 177.3006591796875 6 46.830257415771484
v 171.85054016113281 0 60.280967712402344
v 171.85054016113281 6 60.280967712402344
v 171.85054016113281 0 60.280967712402344
v 194.48941040039062 0 68.517234802246094
v 194.4024658203125 0 68.656547546386719
v 200.01753234863281 0 70.603965759277344
v 206.0478515625 0 56.749588012695312
v 196.50334167480469 0 53.541511535644531
v 177.3006591796875 0 46.830257415771484
v 171.85054016113281 6 60.280967712402344
v 194.48941040039062 6 68.517234802246094
v 194.4024658203125 6 68.656547546386719
v 200.01753234863281 6 70.603965759277344
v 206.0478515625 6 56.749588012695312
v 196.50334167480469 6 53.541511535644531
v 177.3006591796875 6 46.830257415771484
vt 0 0
vt 0 0.54487240314483643
vt 0.1428571492433548 0
vt 0.1428571492433548 0.54487240314483643
vt 0.1428571492433548 0
vt 0.1428571492433548 0.54487240314483643
vt 0.28571429848670959 0
vt 0.28571429848670959 0.54487240314483643
vt 0.28571429848670959 0
vt 0.28571429848670959 0.54487240314483643
vt 0.4285714328289032 0
vt 0.4285714328289032 0.54487240314483643
vt 0.4285714328289032 0
vt 0.4285714328289032 0.54487240314483643
vt 0.57142859697341919 0
vt 0.57142859697341919 0.54487240314483643
vt 0.57142859697341919 0
vt 0.57142859697341919 0.54487240314483643
vt 0.71428573131561279 0
vt 0.71428573131561279 0.54487240314483643
vt 0.8571428656578064 0
vt 0.8571428656578064 0.54487240314483643
vt 0.8571428656578064 0
vt 0.8571428656578064 0.54487240314483643
vt 1 0
vt 1 0.54487240314483643
vt 0.090653739869594574 1
vt 0.30562549829483032 0.78631043434143066
vt 0.30637717247009277 0.7885473370552063
vt 0.3588157594203949 0.73475605249404907
vt 0.2679990828037262 0.5448729395866394
vt 0.17980630695819855 0.63715392351150513
vt 0 0.82068663835525513
vt 0.090653739869594574 0.5448729395866394
vt 0.30562549829483032 0.75856250524520874
vt 0.30637717247009277 0.75632560253143311
vt 0.3588157594203949 0.81011688709259033
vt 0.2679990828037262 1
vt 0.17980630695819855 0.90771901607513428
vt 0 0.72418630123138428
vn -0.34188780188560486 0 0.93974077701568604
vn -0.34188780188560486 0 0.93974077701568604
vn -0.34188780188560486 0 0.93974077701568604
vn -0.34188780188560486 0 0.93974077701568604
vn -0.84833413362503052 0 -0.52946126461029053
vn -0.84833413362503052 0 -0.52946126461029053
vn -0.84833413362503052 0 -0.52946126461029053
vn -0.84833413362503052 0 -0.52946126461029053
vn -0.32767266035079956 0 0.94479131698608398
vn -0.32767266035079956 0 0.94479131698608398
vn -0.32767266035079956 0 0.94479131698608398
vn -0.32767266035079956 0 0.94479131698608398
vn 0.91690844297409058 0 0.39909756183624268
vn 0.91690844297409058 0 0.39909756183624268
vn 0.91690844297409058 0 0.39909756183624268
vn 0.91690844297409058 0 0.39909756183624268
vn 0.31860220432281494 0 -0.94788849353790283
vn 0.31860220432281494 0 -0.94788849353790283
vn 0.32992613315582275 0 -0.94400674104690552
vn 0.32992613315582275 0 -0.94400674104690552
vn 0.32992613315582275 0 -0.94400674104690552
vn 0.32992613315582275 0 -0.94400674104690552
vn -0.92680811882019043 0 -0.3755352795124054
vn -0.92680811882019043 0 -0.3755352795124054
vn -0.92680811882019043 0 -0.3755352795124054
vn -0.92680811882019043 0 -0.3755352795124054
vn 0 -1 0
vn 0 -1 0
vn 0 -1 0
vn 0 -1 0
vn 0 -1 0
vn 0 -1 0
vn 0 -1 0
vn 0 1 0
vn 0 1 0
vn 0 1 0
vn 0 1 0
vn 0 1 0
vn 0 1 0
vn 0 1 0
f 507/507/507 509/509/509 510/510/510 508/508/508
f 511/511/511 513/513/513 514/514/514 512/512/512
f 515/515/515 517/517/517 518/518/518 516/516/516
f 519/519/519 521/521/521 522/522/522 520/520/520
f 523/523/523 525/525/525 526/526/526 524/524/524
f 525/525/525 527/527/527 528/528/528 526/526/526
f 529/529/529 531/531/531 532/532/532 530/530/530
f 538/538/538 533/533/533 539/539/539
f 534/534/534 533/533/533 538/538/538
f 536/536/536 535/535/535 534/534/534
f 534/534/534 537/537/537 536/536/536
f 538/538/538 537/537/537 534/534/534
f 545/545/545 546/546/546 540/540/540
f 541/541/541 545/545/545 540/540/540
f 543/543/543 541/541/541 542/542/542
f 541/541/541 543/543/543 544/544/544
f 545/545/545 541/541/541 544/544/544
usemtl Default
v 245.58184814453125 0 110.14813232421875
v 245.58184814453125 6 110.14813232421875
v 238.1566162109375 0 107.13381195068359
v 238.1566162109375 6 107.13381195068359
v 238.1566162109375 0 107.13381195068359
v 238.1566162109375 6 107.13381195068359
v 237.14869689941406 0 109.61220550537109
v 237.14869689941406 6 109.61220550537109
v 237.14869689941406 0 109.61220550537109
v 237.14869689941406 6 109.61220550537109
v 240.41844177246094 0 110.931640625
v 240.41844177246094 6 110.931640625
v 240.41844177246094 0 110.931640625
v 240.41844177246094 6 110.931640625
v 238.11680603027344 0 116.62674713134766
v 238.11680603027344 6 116.62674713134766
v 238.11680603027344 0 116.62674713134766
v 238.11680603027344 6 116.62674713134766
v 244.67311096191406 0 119.29157257080078
v 244.67311096191406 6 119.29157257080078
v 244.67311096191406 0 119.29157257080078
v 244.67311096191406 6 119.29157257080078
v 244.5634765625 0 119.58386993408203
v 244.5634765625 6 119.58386993408203
v 244.5634765625 0 119.58386993408203
v 244.5634765625 6 119.58386993408203
v 246.65968322753906 0 120.43177795410156
v 246.65968322753906 6 120.43177795410156
v 246.65968322753906 0 120.43177795410156
v 246.65968322753906 6 120.43177795410156
v 256.014892578125 0 114.36905670166016
v 256.014892578125 6 114.36905670166016
v 256.014892578125 0 114.36905670166016
v 256.014892578125 6 114.36905670166016
v 245.58184814453125 0 110.14813232421875
v 245.58184814453125 6 110.14813232421875
v 245.58184814453125 0 110.14813232421875
v 238.1566162109375 0 107.13381195068359
v 237.14869689941406 0 109.61220550537109
v 240.41844177246094 0 110.931640625
v 238.11680603027344 0 116.62674713134766
v 244.67311096191406 0 119.29157257080078
v 244.5634765625 0 119.58386993408203
v 246.65968322753906 0 120.43177795410156
v 256.014892578125 0 114.36905670166016
v 245.58184814453125 6 110.14813232421875
v 238.1566162109375 6 107.13381195068359
v 237.14869689941406 6 109.61220550537109
v 240.41844177246094 6 110.931640625
v 238.11680603027344 6 116.62674713134766
v 244.67311096191406 6 119.29157257080078
v 244.5634765625 6 119.58386993408203
v 246.65968322753906 6 120.43177795410156
v 256.014892578125 6 114.36905670166016
vt 0 0
vt 0 0.57929843664169312
vt 0.1111111119389534 0
vt 0.1111111119389534 0.57929843664169312
vt 0.1111111119389534 0
vt 0.1111111119389534 0.57929843664169312
vt 0.2222222238779068 0
vt 0.2222222238779068 0.57929843664169312
vt 0.2222222238779068 0
vt 0.2222222238779068 0.57929843664169312
vt 0.3333333432674408 0
vt 0.3333333432674408 0.57929843664169312
vt 0.3333333432674408 0
vt 0.3333333432674408 0.57929843664169312
vt 0.4444444477558136 0
vt 0.4444444477558136 0.57929843664169312
vt 0.4444444477558136 0
vt 0.4444444477558136 0.57929843664169312
vt 0.55555558204650879 0
vt 0.55555558204650879 0.57929843664169312
vt 0.55555558204650879 0
vt 0.55555558204650879 0.57929843664169312
vt 0.66666668653488159 0
vt 0.66666668653488159 0.57929843664169312
vt 0.66666668653488159 0
vt 0.66666668653488159 0.57929843664169312
vt 0.77777779102325439 0
vt 0.77777779102325439 0.57929843664169312
vt 0.77777779102325439 0
vt 0.77777779102325439 0.57929843664169312
vt 0.8888888955116272 0
vt 0.8888888955116272 0.57929843664169312
vt 0.8888888955116272 0
vt 0.8888888955116272 0.57929843664169312
vt 1 0
vt 1 0.57929843664169312
vt 0.12112527340650558 0.82494604587554932
vt 0.2072218656539917 1
vt 0.24942646920681 0.96021437644958496
vt 0.21142947673797607 0.88330322504043579
vt 0.30818185210227966 0.79166823625564575
vt 0.23219488561153412 0.63702809810638428
vt 0.23702576756477356 0.63220083713531494
vt 0.21268761157989502 0.58284890651702881
vt 0 0.57929903268814087
vt 0.12112527340650558 0.75435298681259155
vt 0.2072218656539917 0.57929903268814087
vt 0.24942646920681 0.61908459663391113
vt 0.21142947673797607 0.6959957480430603
vt 0.30818185210227966 0.78763073682785034
vt 0.23219488561153412 0.94227087497711182
vt 0.23702576756477356 0.94709813594818115
vt 0.21268761157989502 0.99645006656646729
vt 0 1
vn 0.37614345550537109 0 -0.92656141519546509
vn 0.37614345550537109 0 -0.92656141519546509
vn 0.37614345550537109 0 -0.92656141519546509
vn 0.37614345550537109 0 -0.92656141519546509
vn -0.92632746696472168 0 -0.37671935558319092
vn -0.92632746696472168 0 -0.37671935558319092
vn -0.92632746696472168 0 -0.37671935558319092
vn -0.92632746696472168 0 -0.37671935558319092
vn -0.37420928478240967 0 0.92734426259994507
vn -0.37420928478240967 0 0.92734426259994507
vn -0.37420928478240967 0 0.92734426259994507
vn -0.37420928478240967 0 0.92734426259994507
vn -0.927146315574646 0 -0.37469947338104248
vn -0.927146315574646 0 -0.37469947338104248
vn -0.927146315574646 0 -0.37469947338104248
vn -0.927146315574646 0 -0.37469947338104248
vn -0.37653765082359314 0 0.92640131711959839
vn -0.37653765082359314 0 0.92640131711959839
vn -0.37653765082359314 0 0.92640131711959839
vn -0.37653765082359314 0 0.92640131711959839
vn -0.93629413843154907 0 -0.3512168824672699
vn -0.93629413843154907 0 -0.3512168824672699
vn -0.93629413843154907 0 -0.3512168824672699
vn -0.93629413843154907 0 -0.3512168824672699
vn -0.37498149275779724 0 0.92703229188919067
vn -0.37498149275779724 0 0.92703229188919067
vn -0.37498149275779724 0 0.92703229188919067
vn -0.37498149275779724 0 0.92703229188919067
vn 0.54384195804595947 0 0.83918768167495728
vn 0.54384195804595947 0 0.83918768167495728
vn 0.54384195804595947 0 0.83918768167495728
vn 0.54384195804595947 0 0.83918768167495728
vn 0.37504148483276367 0 -0.92700803279876709
vn 0.37504148483276367 0 -0.92700803279876709
vn 0.37504148483276367 0 -0.92700803279876709
vn 0.37504148483276367 0 -0.92700803279876709
vn 0 -1 0
vn 0 -1 0
vn 0 -1 0
vn 0 -1 0
vn 0 -1 0
vn 0 -1 0
vn 0 -1 0
vn 0 -1 0
vn 0 -1 0
vn 0 1 0
vn 0 1 0
vn 0 1 0
vn 0 1 0
vn 0 1 0
vn 0 1 0
vn 0 1 0
vn 0 1 0
vn 0 1 0
f 547/547/547 549/549/549 550/550/550 548/548/548
f 551/551/551 553/553/553 554/554/554 552/552/552
f 555/555/555 557/557/557 558/558/558 556/556/556
f 559/559/559 561/561/561 562/562/562 560/560/560
f 563/563/563 565/565/565 566/566/566 564/564/564
f 567/567/567 569/569/569 570/570/570 568/568/568
f 571/571/571 573/573/573 574/574/574 572/572/572
f 575/575/575 577/577/577 578/578/578 576/576/576
f 579/579/579 581/581/581 582/582/582 580/580/580
f 584/584/584 586/586/586 585/585/585
f 586/586/586 584/584/584 583/583/583
f 583/583/583 588/588/588 586/586/586
f 583/583/583 591/591/591 590/590/590
f 589/589/589 588/588/588 590/590/590
f 590/590/590 588/588/588 583/583/583
f 587/587/587 586/586/586 588/588/588
f 593/593/593 594/594/594 595/595/595
f 595/595/595 592/592/592 593/593/593
f 592/592/592 595/595/595 597/597/597
f 592/592/592 599/599/599 600/600/600
f 598/598/598 599/599/599 597/597/597
f 599/599/599 592/592/592 597/597/597
f 596/596/596 597/597/597 595/595/595
usemtl Default
v 307.04232788085938 0 79.121681213378906
v 307.04232788085938 8 79.121681213378906
v 285.89144897460938 0 70.566719055175781
v 285.89144897460938 8 70.566719055175781
v 285.89144897460938 0 70.566719055175781
v 285.89144897460938 8 70.566719055175781
v 272.29690551757812 0 103.81737518310547
v 272.29690551757812 8 103.81737518310547
v 272.29690551757812 0 103.81737518310547
v 272.29690551757812 8 103.81737518310547
v 305.86660766601562 0 82.062271118164062
v 305.86660766601562 8 82.062271118164062
v 305.86660766601562 0 82.062271118164062
v 305.86660766601562 8 82.062271118164062
v 307.04232788085938 0 79.121681213378906
v 307.04232788085938 8 79.121681213378906
v 307.04232788085938 0 79.121681213378906
v 285.89144897460938 0 70.566719055175781
v 272.29690551757812 0 103.81737518310547
v 305.86660766601562 0 82.062271118164062
v 307.04232788085938 8 79.121681213378906
v 285.89144897460938 8 70.566719055175781
v 272.29690551757812 8 103.81737518310547
v 305.86660766601562 8 82.062271118164062
vt 0 0
vt 0 0.58118367195129395
vt 0.25 0
vt 0.25 0.58118367195129395
vt 0.25 0
vt 0.25 0.58118367195129395
vt 0.5 0
vt 0.5 0.58118367195129395
vt 0.5 0
vt 0.5 0.58118367195129395
vt 0.75 0
vt 0.75 0.58118367195129395
vt 0.75 0
vt 0.75 0.58118367195129395
vt 1 0
vt 1 0.58118367195129395
vt 0 0.6176566481590271
vt 0.12630084156990051 1
vt 0.41809919476509094 0.59096509218215942
vt 0.025588778778910637 0.58118420839309692
vt 0.58190077543258667 0.96352756023406982
vt 0.70820164680480957 0.58118420839309692
vt 1 0.9902191162109375
vt 0.60748958587646484 1
vn 0.37496280670166016 0 -0.92703986167907715
vn 0.37496280670166016 0 -0.92703986167907715
vn 0.37496280670166016 0 -0.92703986167907715
vn 0.37496280670166016 0 -0.92703986167907715
vn -0.9256250262260437 0 -0.37844192981719971
vn -0.9256250262260437 0 -0.37844192981719971
vn -0.9256250262260437 0 -0.37844192981719971
vn -0.9256250262260437 0 -0.37844192981719971
vn 0.54384195804595947 0 0.83918768167495728
vn 0.54384195804595947 0 0.83918768167495728
vn 0.54384195804595947 0 0.83918768167495728
vn 0.54384195804595947 0 0.83918768167495728
vn 0.9285351037979126 0 0.3712446391582489
vn 0.9285351037979126 0 0.3712446391582489
vn 0.9285351037979126 0 0.3712446391582489
vn 0.9285351037979126 0 0.3712446391582489
vn 0 -1 0
vn 0 -1 0
vn 0 -1 0
vn 0 -1 0
vn 0 1 0
vn 0 1 0
vn 0 1 0
vn 0 1 0
f 601/601/601 603/603/603 604/604/604 602/602/602
f 605/605/605 607/607/607 608/608/608 606/606/606
f 609/609/609 611/611/611 612/612/612 610/610/610
f 613/613/613 615/615/615 616/616/616 614/614/614
f 620/620/620 618/618/618 617/617/617
f 618/618/618 620/620/620 619/619/619
f 624/624/624 621/621/621 622/622/622
f 622/622/622 623/623/623 624/624/624
usemtl Default
v 143.69131469726562 0 129.17462158203125
v 143.69131469726562 5.6999998092651367 129.17462158203125
v 145.39361572265625 0 132.92948913574219
v 145.39361572265625 5.6999998092651367 132.92948913574219
v 145.39361572265625 0 132.92948913574219
v 145.39361572265625 5.6999998092651367 132.92948913574219
v 146.52311706542969 0 133.32215881347656
v 146.52311706542969 5.6999998092651367 133.32215881347656
v 193.22911071777344 0 149.58818054199219
v 193.22911071777344 5.6999998092651367 149.58818054199219
v 193.22911071777344 0 149.58818054199219
v 193.22911071777344 5.6999998092651367 149.58818054199219
v 195.13069152832031 0 150.06123352050781
v 195.13069152832031 5.6999998092651367 150.06123352050781
v 195.13069152832031 0 150.06123352050781
v 195.13069152832031 5.6999998092651367 150.06123352050781
v 197.00668334960938 0 150.01620483398438
v 197.00668334960938 5.6999998092651367 150.01620483398438
v 197.00668334960938 0 150.01620483398438
v 197.00668334960938 5.6999998092651367 150.01620483398438
v 198.8017578125 0 149.35069274902344
v 198.8017578125 5.6999998092651367 149.35069274902344
v 198.8017578125 0 149.35069274902344
v 198.8017578125 5.6999998092651367 149.35069274902344
v 199.99514770507812 0 148.45747375488281
v 199.99514770507812 5.6999998092651367 148.45747375488281
v 199.99514770507812 0 148.45747375488281
v 199.99514770507812 5.6999998092651367 148.45747375488281
v 200.94276428222656 0 147.25338745117188
v 200.94276428222656 5.6999998092651367 147.25338745117188
v 200.94276428222656 0 147.25338745117188
v 200.94276428222656 5.6999998092651367 147.25338745117188
v 201.69747924804688 0 145.76872253417969
v 201.69747924804688 5.6999998092651367 145.76872253417969
v 201.69747924804688 0 145.76872253417969
v 201.69747924804688 5.6999998092651367 145.76872253417969
v 203.26341247558594 0 142.11746215820312
v 203.26341247558594 5.6999998092651367 142.11746215820312
v 203.26341247558594 0 142.11746215820312
v 203.26341247558594 5.6999998092651367 142.11746215820312
v 204.15492248535156 0 139.73292541503906
v 204.15492248535156 5.6999998092651367 139.73292541503906
v 204.15492248535156 0 139.73292541503906
v 204.15492248535156 5.6999998092651367 139.73292541503906
v 147.39045715332031 0 120.14942932128906
v 147.39045715332031 5.6999998092651367 120.14942932128906
v 147.39045715332031 0 120.14942932128906
v 147.39045715332031 5.6999998092651367 120.14942932128906
v 143.69131469726562 0 129.17462158203125
v 143.69131469726562 5.6999998092651367 129.17462158203125
v 143.69131469726562 0 129.17462158203125
v 145.39361572265625 0 132.92948913574219
v 146.52311706542969 0 133.32215881347656
v 193.22911071777344 0 149.58818054199219
v 195.13069152832031 0 150.06123352050781
v 197.00668334960938 0 150.01620483398438
v 198.8017578125 0 149.35069274902344
v 199.99514770507812 0 148.45747375488281
v 200.94276428222656 0 147.25338745117188
v 201.69747924804688 0 145.76872253417969
v 203.26341247558594 0 142.11746215820312
v 204.15492248535156 0 139.73292541503906
v 147.39045715332031 0 120.14942932128906
v 143.69131469726562 5.6999998092651367 129.17462158203125
v 145.39361572265625 5.6999998092651367 132.92948913574219
v 146.52311706542969 5.6999998092651367 133.32215881347656
v 193.22911071777344 5.6999998092651367 149.58818054199219
v 195.13069152832031 5.6999998092651367 150.06123352050781
v 197.00668334960938 5.6999998092651367 150.01620483398438
v 198.8017578125 5.6999998092651367 149.35069274902344
v 199.99514770507812 5.6999998092651367 148.45747375488281
v 200.94276428222656 5.6999998092651367 147.25338745117188
v 201.69747924804688 5.6999998092651367 145.76872253417969
v 203.26341247558594 5.6999998092651367 142.11746215820312
v 204.15492248535156 5.6999998092651367 139.73292541503906
v 147.39045715332031 5.6999998092651367 120.14942932128906
vt 0 0
vt 0 0.52968430519104004
vt 0.076923079788684845 0
vt 0.076923079788684845 0.52968430519104004
vt 0.076923079788684845 0
vt 0.076923079788684845 0.52968430519104004
vt 0.15384615957736969 0
vt 0.15384615957736969 0.52968430519104004
vt 0.23076923191547394 0
vt 0.23076923191547394 0.52968430519104004
vt 0.23076923191547394 0
vt 0.23076923191547394 0.52968430519104004
vt 0.30769231915473938 0
vt 0.30769231915473938 0.52968430519104004
vt 0.30769231915473938 0
vt 0.30769231915473938 0.52968430519104004
vt 0.38461539149284363 0
vt 0.38461539149284363 0.52968430519104004
vt 0.38461539149284363 0
vt 0.38461539149284363 0.52968430519104004
vt 0.46153846383094788 0
vt 0.46153846383094788 0.52968430519104004
vt 0.46153846383094788 0
vt 0.46153846383094788 0.52968430519104004
vt 0.53846156597137451 0
vt 0.53846156597137451 0.52968430519104004
vt 0.53846156597137451 0
vt 0.53846156597137451 0.52968430519104004
vt 0.61538463830947876 0
vt 0.61538463830947876 0.52968430519104004
vt 0.61538463830947876 0
vt 0.61538463830947876 0.52968430519104004
vt 0.69230771064758301 0
vt 0.69230771064758301 0.52968430519104004
vt 0.69230771064758301 0
vt 0.69230771064758301 0.52968430519104004
vt 0.76923078298568726 0
vt 0.76923078298568726 0.52968430519104004
vt 0.76923078298568726 0
vt 0.76923078298568726 0.52968430519104004
vt 0.8461538553237915 0
vt 0.8461538553237915 0.52968430519104004
vt 0.8461538553237915 0
vt 0.8461538553237915 0.52968430519104004
vt 0.92307692766189575 0
vt 0.92307692766189575 0.52968430519104004
vt 0.92307692766189575 0
vt 0.92307692766189575 0.52968430519104004
vt 1 0
vt 1 0.52968430519104004
vt 0.038613412529230118 0.99309885501861572
vt 0.067363478243350983 1
vt 0.074093706905841827 0.99247056245803833
vt 0.35256701707839966 0.68128973245620728
vt 0.36279177665710449 0.66752880811691284
vt 0.36986881494522095 0.65100091695785522
vt 0.37297910451889038 0.63159465789794922
vt 0.37239521741867065 0.61609262228012085
vt 0.36902084946632385 0.60092824697494507
vt 0.36324095726013184 0.58581799268722534
vt 0.34789106249809265 0.55117315053939819
vt 0.33735311031341553 0.52968484163284302
vt 0 0.90895110368728638
vt 0.038613412529230118 0.53658598661422729
vt 0.067363478243350983 0.52968484163284302
vt 0.074093706905841827 0.53721427917480469
vt 0.35256701707839966 0.84839510917663574
vt 0.36279177665710449 0.86215603351593018
vt 0.36986881494522095 0.87868392467498779
vt 0.37297910451889038 0.8980901837348938
vt 0.37239521741867065 0.91359221935272217
vt 0.36902084946632385 0.92875659465789795
vt 0.36324095726013184 0.94386684894561768
vt 0.34789106249809265 0.9785117506980896
vt 0.33735311031341553 1
vt 0 0.62073373794555664
vn -0.91077357530593872 0 0.41290616989135742
vn -0.91077357530593872 0 0.41290616989135742
vn -0.91077357530593872 0 0.41290616989135742
vn -0.91077357530593872 0 0.41290616989135742
vn -0.32836189866065979 0 0.94455200433731079
vn -0.32836189866065979 0 0.94455200433731079
vn -0.32888969779014587 0 0.94436836242675781
vn -0.32888969779014587 0 0.94436836242675781
vn -0.32888969779014587 0 0.94436836242675781
vn -0.32888969779014587 0 0.94436836242675781
vn -0.24141058325767517 0 0.97042304277420044
vn -0.24141058325767517 0 0.97042304277420044
vn -0.24141058325767517 0 0.97042304277420044
vn -0.24141058325767517 0 0.97042304277420044
vn 0.023990875110030174 0 0.99971216917037964
vn 0.023990875110030174 0 0.99971216917037964
vn 0.023990875110030174 0 0.99971216917037964
vn 0.023990875110030174 0 0.99971216917037964
vn 0.34762722253799438 0 0.93763279914855957
vn 0.34762722253799438 0 0.93763279914855957
vn 0.34762722253799438 0 0.93763279914855957
vn 0.34762722253799438 0 0.93763279914855957
vn 0.59921872615814209 0 0.80058538913726807
vn 0.59921872615814209 0 0.80058538913726807
vn 0.59921872615814209 0 0.80058538913726807
vn 0.59921872615814209 0 0.80058538913726807
vn 0.78582519292831421 0 0.61844873428344727
vn 0.78582519292831421 0 0.61844873428344727
vn 0.78582519292831421 0 0.61844873428344727
vn 0.78582519292831421 0 0.61844873428344727
vn 0.89143592119216919 0 0.45314678549766541
vn 0.89143592119216919 0 0.45314678549766541
vn 0.89143592119216919 0 0.45314678549766541
vn 0.89143592119216919 0 0.45314678549766541
vn 0.91904306411743164 0 0.39415717124938965
vn 0.91904306411743164 0 0.39415717124938965
vn 0.91904306411743164 0 0.39415717124938965
vn 0.91904306411743164 0 0.39415717124938965
vn 0.93667560815811157 0 0.3501981794834137
vn 0.93667560815811157 0 0.3501981794834137
vn 0.93667560815811157 0 0.3501981794834137
vn 0.93667560815811157 0 0.3501981794834137
vn 0.32613271474838257 0 -0.94532400369644165
vn 0.32613271474838257 0 -0.94532400369644165
vn 0.32613271474838257 0 -0.94532400369644165
vn 0.32613271474838257 0 -0.94532400369644165
vn -0.92529451847076416 0 -0.37924930453300476
vn -0.92529451847076416 0 -0.37924930453300476
vn -0.92529451847076416 0 -0.37924930453300476
vn -0.92529451847076416 0 -0.37924930453300476
vn 0 -1 0
vn 0 -1 0
vn 0 -1 0
vn 0 -1 0
vn 0 -1 0
vn 0 -1 0
vn 0 -1 0
vn 0 -1 0
vn 0 -1 0
vn 0 -1 0
vn 0 -1 0
vn 0 -1 0
vn 0 -1 0
vn 0 1 0
vn 0 1 0
vn 0 1 0
vn 0 1 0
vn 0 1 0
vn 0 1 0
vn 0 1 0
vn 0 1 0
vn 0 1 0
vn 0 1 0
vn 0 1 0
vn 0 1 0
vn 0 1 0
f 625/625/625 627/627/627 628/628/628 626/626/626
f 629/629/629 631/631/631 632/632/632 630/630/630
f 631/631/631 633/633/633 634/634/634 632/632/632
f 635/635/635 637/637/637 638/638/638 636/636/636
f 639/639/639 641/641/641 642/642/642 640/640/640
f 643/643/643 645/645/645 646/646/646 644/644/644
f 647/647/647 649/649/649 650/650/650 648/648/648
f 651/651/651 653/653/653 654/654/654 652/652/652
f 655/655/655 657/657/657 658/658/658 656/656/656
f 659/659/659 661/661/661 662/662/662 660/660/660
f 663/663/663 665/665/665 666/666/666 664/664/664
f 667/667/667 669/669/669 670/670/670 668/668/668
f 671/671/671 673/673/673 674/674/674 672/672/672
f 677/677/677 676/676/676 675/675/675
f 687/687/687 677/677/677 675/675/675
f 686/686/686 678/678/678 687/687/687
f 678/678/678 686/686/686 685/685/685
f 677/677/677 687/687/687 678/678/678
f 679/679/679 678/678/678 683/683/683
f 680/680/680 679/679/679 681/681/681
f 683/683/683 678/678/678 684/684/684
f 683/683/683 682/682/682 681/681/681
f 683/683/683 681/681/681 679/679/679
f 685/685/685 684/684/684 678/678/678
f 690/690/690 688/688/688 689/689/689
f 700/700/700 688/688/688 690/690/690
f 699/699/699 700/700/700 691/691/691
f 691/691/691 698/698/698 699/699/699
f 690/690/690 691/691/691 700/700/700
f 692/692/692 696/696/696 691/691/691
f 693/693/693 694/694/694 692/692/692
f 696/696/696 697/697/697 691/691/691
f 696/696/696 694/694/694 695/695/695
f 696/696/696 692/692/692 694/694/694
f 698/698/698 691/691/691 697/697/697
usemtl Default
v 302.7122802734375 0 29.282922744750977
v 302.7122802734375 9.3000001907348633 29.282922744750977
v 296.96014404296875 0 43.463962554931641
v 296.96014404296875 9.3000001907348633 43.463962554931641
v 296.96014404296875 0 43.463962554931641
v 296.96014404296875 9.3000001907348633 43.463962554931641
v 323.96231079101562 0 54.467617034912109
v 323.96231079101562 9.3000001907348633 54.467617034912109
v 323.96231079101562 0 54.467617034912109
v 323.96231079101562 9.3000001907348633 54.467617034912109
v 331.37680053710938 0 36.305561065673828
v 331.37680053710938 9.3000001907348633 36.305561065673828
v 331.37680053710938 0 36.305561065673828
v 331.37680053710938 9.3000001907348633 36.305561065673828
v 327.3348388671875 0 34.66619873046875
v 327.3348388671875 9.3000001907348633 34.66619873046875
v 327.3348388671875 0 34.66619873046875
v 327.3348388671875 9.3000001907348633 34.66619873046875
v 328.28762817382812 0 32.324943542480469
v 328.28762817382812 9.3000001907348633 32.324943542480469
v 328.28762817382812 0 32.324943542480469
v 328.28762817382812 9.3000001907348633 32.324943542480469
v 305.34368896484375 0 22.96858024597168
v 305.34368896484375 9.3000001907348633 22.96858024597168
v 305.34368896484375 0 22.96858024597168
v 305.34368896484375 9.3000001907348633 22.96858024597168
v 302.7122802734375 0 29.282922744750977
v 302.7122802734375 9.3000001907348633 29.282922744750977
v 302.7122802734375 0 29.282922744750977
v 296.96014404296875 0 43.463962554931641
v 323.96231079101562 0 54.467617034912109
v 331.37680053710938 0 36.305561065673828
v 327.3348388671875 0 34.66619873046875
v 328.28762817382812 0 32.324943542480469
v 305.34368896484375 0 22.96858024597168
v 302.7122802734375 9.3000001907348633 29.282922744750977
v 296.96014404296875 9.3000001907348633 43.463962554931641
v 323.96231079101562 9.3000001907348633 54.467617034912109
v 331.37680053710938 9.3000001907348633 36.305561065673828
v 327.3348388671875 9.3000001907348633 34.66619873046875
v 328.28762817382812 9.3000001907348633 32.324943542480469
v 305.34368896484375 9.3000001907348633 22.96858024597168
vt 0 0
vt 0 0.56238299608230591
vt 0.1428571492433548 0
vt 0.1428571492433548 0.56238299608230591
vt 0.1428571492433548 0
vt 0.1428571492433548 0.56238299608230591
vt 0.28571429848670959 0
vt 0.28571429848670959 0.56238299608230591
vt 0.28571429848670959 0
vt 0.28571429848670959 0.56238299608230591
vt 0.4285714328289032 0
vt 0.4285714328289032 0.56238299608230591
vt 0.4285714328289032 0
vt 0.4285714328289032 0.56238299608230591
vt 0.57142859697341919 0
vt 0.57142859697341919 0.56238299608230591
vt 0.57142859697341919 0
vt 0.57142859697341919 0.56238299608230591
vt 0.71428573131561279 0
vt 0.71428573131561279 0.56238299608230591
vt 0.71428573131561279 0
vt 0.71428573131561279 0.56238299608230591
vt 0.8571428656578064 0
vt 0.8571428656578064 0.56238299608230591
vt 0.8571428656578064 0
vt 0.8571428656578064 0.56238299608230591
vt 1 0
vt 1 0.56238299608230591
vt 0.037037752568721771 0.83036935329437256
vt 0.1210697665810585 1
vt 0.35616949200630188 0.78016567230224609
vt 0.24880412220954895 0.56238359212875366
vt 0.21367508172988892 0.59534847736358643
vt 0.19981855154037476 0.56730782985687256
vt 0 0.75405460596084595
vt 0.037037752568721771 0.7320142388343811
vt 0.1210697665810585 0.56238359212875366
vt 0.35616949200630188 0.78221786022186279
vt 0.24880412220954895 1
vt 0.21367508172988892 0.96703505516052246
vt 0.19981855154037476 0.99507570266723633
vt 0 0.80832892656326294
vn -0.92666953802108765 0 -0.37587711215019226
vn -0.92666953802108765 0 -0.37587711215019226
vn -0.92666953802108765 0 -0.37587711215019226
vn -0.92666953802108765 0 -0.37587711215019226
vn -0.3773784339427948 0 0.92605912685394287
vn -0.3773784339427948 0 0.92605912685394287
vn -0.3773784339427948 0 0.92605912685394287
vn -0.3773784339427948 0 0.92605912685394287
vn 0.92582261562347412 0 0.37795835733413696
vn 0.92582261562347412 0 0.37795835733413696
vn 0.92582261562347412 0 0.37795835733413696
vn 0.92582261562347412 0 0.37795835733413696
vn 0.37584817409515381 0 -0.9266812801361084
vn 0.37584817409515381 0 -0.9266812801361084
vn 0.37584817409515381 0 -0.9266812801361084
vn 0.37584817409515381 0 -0.9266812801361084
vn 0.92623639106750488 0 0.37694311141967773
vn 0.92623639106750488 0 0.37694311141967773
vn 0.92623639106750488 0 0.37694311141967773
vn 0.92623639106750488 0 0.37694311141967773
vn 0.37760251760482788 0 -0.92596781253814697
vn 0.37760251760482788 0 -0.92596781253814697
vn 0.37760251760482788 0 -0.92596781253814697
vn 0.37760251760482788 0 -0.92596781253814697
vn -0.92305445671081543 0 -0.38466924428939819
vn -0.92305445671081543 0 -0.38466924428939819
vn -0.92305445671081543 0 -0.38466924428939819
vn -0.92305445671081543 0 -0.38466924428939819
vn 0 -1 0
vn 0 -1 0
vn 0 -1 0
vn 0 -1 0
vn 0 -1 0
vn 0 -1 0
vn 0 -1 0
vn 0 1 0
vn 0 1 0
vn 0 1 0
vn 0 1 0
vn 0 1 0
vn 0 1 0
vn 0 1 0
f 701/701/701 703/703/703 704/704/704 702/702/702
f 705/705/705 707/707/707 708/708/708 706/706/706
f 709/709/709 711/711/711 712/712/712 710/710/710
f 713/713/713 715/715/715 716/716/716 714/714/714
f 717/717/717 719/719/719 720/720/720 718/718/718
f 721/721/721 723/723/723 724/724/724 722/722/722
f 725/725/725 727/727/727 728/728/728 726/726/726
f 729/729/729 735/735/735 733/733/733
f 730/730/730 729/729/729 733/733/733
f 732/732/732 731/731/731 733/733/733
f 730/730/730 733/733/733 731/731/731
f 735/735/735 734/734/734 733/733/733
f 736/736/736 740/740/740 742/742/742
f 737/737/737 740/740/740 736/736/736
f 739/739/739 740/740/740 738/738/738
f 737/737/737 738/738/738 740/740/740
f 742/742/742 740/740/740 741/741/741
usemtl Default
v 201.75407409667969 0 39.150718688964844
v 201.75407409667969 8.3000001907348633 39.150718688964844
v 196.50334167480469 0 53.541511535644531
v 196.50334167480469 8.3000001907348633 53.541511535644531
v 196.50334167480469 0 53.541511535644531
v 196.50334167480469 8.3000001907348633 53.541511535644531
v 206.0478515625 0 56.749588012695312
v 206.0478515625 8.3000001907348633 56.749588012695312
v 219.86361694335938 0 61.540660858154297
v 219.86361694335938 8.3000001907348633 61.540660858154297
v 219.86361694335938 0 61.540660858154297
v 219.86361694335938 8.3000001907348633 61.540660858154297
v 219.94688415527344 0 61.293121337890625
v 219.94688415527344 8.3000001907348633 61.293121337890625
v 219.94688415527344 0 61.293121337890625
v 219.94688415527344 8.3000001907348633 61.293121337890625
v 233.48744201660156 0 65.727859497070312
v 233.48744201660156 8.3000001907348633 65.727859497070312
v 233.48744201660156 0 65.727859497070312
v 233.48744201660156 8.3000001907348633 65.727859497070312
v 236.69345092773438 0 57.907283782958984
v 236.69345092773438 8.3000001907348633 57.907283782958984
v 236.69345092773438 0 57.907283782958984
v 236.69345092773438 8.3000001907348633 57.907283782958984
v 236.16818237304688 0 57.113842010498047
v 236.16818237304688 8.3000001907348633 57.113842010498047
v 236.16818237304688 0 57.113842010498047
v 236.16818237304688 8.3000001907348633 57.113842010498047
v 238.42997741699219 0 51.887069702148438
v 238.42997741699219 8.3000001907348633 51.887069702148438
v 240.59588623046875 0 46.88836669921875
v 240.59588623046875 8.3000001907348633 46.88836669921875
v 240.59588623046875 0 46.88836669921875
v 240.59588623046875 8.3000001907348633 46.88836669921875
v 241.24824523925781 0 46.613101959228516
v 241.24824523925781 8.3000001907348633 46.613101959228516
v 241.24824523925781 0 46.613101959228516
v 241.24824523925781 8.3000001907348633 46.613101959228516
v 244.13172912597656 0 38.56829833984375
v 244.13172912597656 8.3000001907348633 38.56829833984375
v 244.13172912597656 0 38.56829833984375
v 244.13172912597656 8.3000001907348633 38.56829833984375
v 217.41630554199219 0 28.964040756225586
v 217.41630554199219 8.3000001907348633 28.964040756225586
v 206.85504150390625 0 25.161209106445312
v 206.85504150390625 8.3000001907348633 25.161209106445312
v 206.85504150390625 0 25.161209106445312
v 206.85504150390625 8.3000001907348633 25.161209106445312
v 201.75407409667969 0 39.150718688964844
v 201.75407409667969 8.3000001907348633 39.150718688964844
v 201.75407409667969 0 39.150718688964844
v 196.50334167480469 0 53.541511535644531
v 206.0478515625 0 56.749588012695312
v 219.86361694335938 0 61.540660858154297
v 219.94688415527344 0 61.293121337890625
v 233.48744201660156 0 65.727859497070312
v 236.69345092773438 0 57.907283782958984
v 236.16818237304688 0 57.113842010498047
v 238.42997741699219 0 51.887069702148438
v 240.59588623046875 0 46.88836669921875
v 241.24824523925781 0 46.613101959228516
v 244.13172912597656 0 38.56829833984375
v 217.41630554199219 0 28.964040756225586
v 206.85504150390625 0 25.161209106445312
v 201.75407409667969 8.3000001907348633 39.150718688964844
v 196.50334167480469 8.3000001907348633 53.541511535644531
v 206.0478515625 8.3000001907348633 56.749588012695312
v 219.86361694335938 8.3000001907348633 61.540660858154297
v 219.94688415527344 8.3000001907348633 61.293121337890625
v 233.48744201660156 8.3000001907348633 65.727859497070312
v 236.69345092773438 8.3000001907348633 57.907283782958984
v 236.16818237304688 8.3000001907348633 57.113842010498047
v 238.42997741699219 8.3000001907348633 51.887069702148438
v 240.59588623046875 8.3000001907348633 46.88836669921875
v 241.24824523925781 8.3000001907348633 46.613101959228516
v 244.13172912597656 8.3000001907348633 38.56829833984375
v 217.41630554199219 8.3000001907348633 28.964040756225586
v 206.85504150390625 8.3000001907348633 25.161209106445312
vt 0 0
vt 0 0.53982847929000854
vt 0.071428574621677399 0
vt 0.071428574621677399 0.53982847929000854
vt 0.071428574621677399 0
vt 0.071428574621677399 0.53982847929000854
vt 0.1428571492433548 0
vt 0.1428571492433548 0.53982847929000854
vt 0.2142857164144516 0
vt 0.2142857164144516 0.53982847929000854
vt 0.2142857164144516 0
vt 0.2142857164144516 0.53982847929000854
vt 0.28571429848670959 0
vt 0.28571429848670959 0.53982847929000854
vt 0.28571429848670959 0
vt 0.28571429848670959 0.53982847929000854
vt 0.3571428656578064 0
vt 0.3571428656578064 0.53982847929000854
vt 0.3571428656578064 0
vt 0.3571428656578064 0.53982847929000854
vt 0.4285714328289032 0
vt 0.4285714328289032 0.53982847929000854
vt 0.4285714328289032 0
vt 0.4285714328289032 0.53982847929000854
vt 0.5 0
vt 0.5 0.53982847929000854
vt 0.5 0
vt 0.5 0.53982847929000854
vt 0.57142859697341919 0
vt 0.57142859697341919 0.53982847929000854
vt 0.6428571343421936 0
vt 0.6428571343421936 0.53982847929000854
vt 0.6428571343421936 0
vt 0.6428571343421936 0.53982847929000854
vt 0.71428573131561279 0
vt 0.71428573131561279 0.53982847929000854
vt 0.71428573131561279 0
vt 0.71428573131561279 0.53982847929000854
vt 0.78571426868438721 0
vt 0.78571426868438721 0.53982847929000854
vt 0.78571426868438721 0
vt 0.78571426868438721 0.53982847929000854
vt 0.8571428656578064 0
vt 0.8571428656578064 0.53982847929000854
vt 0.92857140302658081 0
vt 0.92857140302658081 0.53982847929000854
vt 0.92857140302658081 0
vt 0.92857140302658081 0.53982847929000854
vt 1 0
vt 1 0.53982847929000854
vt 0.063545972108840942 0.88154202699661255
vt 0.12890097498893738 1
vt 0.18622298538684845 0.94078934192657471
vt 0.27008086442947388 0.85586458444595337
vt 0.26892852783203125 0.85388332605361938
vt 0.34955132007598877 0.76926332712173462
vt 0.31544116139411926 0.70207130908966064
vt 0.30858689546585083 0.70205044746398926
vt 0.28626510500907898 0.65619182586669922
vt 0.26492851972579956 0.61231184005737305
vt 0.26588055491447449 0.60563594102859497
vt 0.2291388213634491 0.53982901573181152
vt 0.064945772290229797 0.7022407054901123
vt 0 0.76641404628753662
vt 0.063545972108840942 0.6582869291305542
vt 0.12890097498893738 0.53982901573181152
vt 0.18622298538684845 0.59903967380523682
vt 0.27008086442947388 0.68396443128585815
vt 0.26892852783203125 0.68594568967819214
vt 0.34955132007598877 0.7705656886100769
vt 0.31544116139411926 0.83775770664215088
vt 0.30858689546585083 0.83777856826782227
vt 0.28626510500907898 0.8836371898651123
vt 0.26492851972579956 0.92751717567443848
vt 0.26588055491447449 0.93419307470321655
vt 0.2291388213634491 1
vt 0.064945772290229797 0.83758831024169922
vt 0 0.7734149694442749
vn -0.93942147493362427 0 -0.3427642285823822
vn -0.93942147493362427 0 -0.3427642285823822
vn -0.93942147493362427 0 -0.3427642285823822
vn -0.93942147493362427 0 -0.3427642285823822
vn -0.31860220432281494 0 0.94788849353790283
vn -0.31860220432281494 0 0.94788849353790283
vn -0.32764130830764771 0 0.94480216503143311
vn -0.32764130830764771 0 0.94480216503143311
vn -0.32764130830764771 0 0.94480216503143311
vn -0.32764130830764771 0 0.94480216503143311
vn 0.94781821966171265 0 0.31881123781204224
vn 0.94781821966171265 0 0.31881123781204224
vn 0.94781821966171265 0 0.31881123781204224
vn 0.94781821966171265 0 0.31881123781204224
vn -0.31124734878540039 0 0.95032894611358643
vn -0.31124734878540039 0 0.95032894611358643
vn -0.31124734878540039 0 0.95032894611358643
vn -0.31124734878540039 0 0.95032894611358643
vn 0.92527002096176147 0 0.37930914759635925
vn 0.92527002096176147 0 0.37930914759635925
vn 0.92527002096176147 0 0.37930914759635925
vn 0.92527002096176147 0 0.37930914759635925
vn 0.83383870124816895 0 -0.55200815200805664
vn 0.83383870124816895 0 -0.55200815200805664
vn 0.83383870124816895 0 -0.55200815200805664
vn 0.83383870124816895 0 -0.55200815200805664
vn 0.91775655746459961 0 0.39714345335960388
vn 0.91775655746459961 0 0.39714345335960388
vn 0.91756844520568848 0 0.39757785201072693
vn 0.91756844520568848 0 0.39757785201072693
vn 0.91756844520568848 0 0.39757785201072693
vn 0.91756844520568848 0 0.39757785201072693
vn 0.38876387476921082 0 0.92133742570877075
vn 0.38876387476921082 0 0.92133742570877075
vn 0.38876387476921082 0 0.92133742570877075
vn 0.38876387476921082 0 0.92133742570877075
vn 0.94135820865631104 0 0.33740878105163574
vn 0.94135820865631104 0 0.33740878105163574
vn 0.94135820865631104 0 0.33740878105163574
vn 0.94135820865631104 0 0.33740878105163574
vn 0.33830499649047852 0 -0.94103652238845825
vn 0.33830499649047852 0 -0.94103652238845825
vn 0.33878058195114136 0 -0.94086539745330811
vn 0.33878058195114136 0 -0.94086539745330811
vn 0.33878058195114136 0 -0.94086539745330811
vn 0.33878058195114136 0 -0.94086539745330811
vn -0.93949395418167114 0 -0.34256553649902344
vn -0.93949395418167114 0 -0.34256553649902344
vn -0.93949395418167114 0 -0.34256553649902344
vn -0.93949395418167114 0 -0.34256553649902344
vn 0 -1 0
vn 0 -1 0
vn 0 -1 0
vn 0 -1 0
vn 0 -1 0
vn 0 -1 0
vn 0 -1 0
vn 0 -1 0
vn 0 -1 0
vn 0 -1 0
vn 0 -1 0
vn 0 -1 0
vn 0 -1 0
vn 0 -1 0
vn 0 1 0
vn 0 1 0
vn 0 1 0
vn 0 1 0
vn 0 1 0
vn 0 1 0
vn 0 1 0
vn 0 1 0
vn 0 1 0
vn 0 1 0
vn 0 1 0
vn 0 1 0
vn 0 1 0
vn 0 1 0
f 743/743/743 745/745/745 746/746/746 744/744/744
f 747/747/747 749/749/749 750/750/750 748/748/748
f 749/749/749 751/751/751 752/752/752 750/750/750
f 753/753/753 755/755/755 756/756/756 754/754/754
f 757/757/757 759/759/759 760/760/760 758/758/758
f 761/761/761 763/763/763 764/764/764 762/762/762
f 765/765/765 767/767/767 768/768/768 766/766/766
f 769/769/769 771/771/771 772/772/772 770/770/770
f 771/771/771 773/773/773 774/774/774 772/772/772
f 775/775/775 777/777/777 778/778/778 776/776/776
f 779/779/779 781/781/781 782/782/782 780/780/780
f 783/783/783 785/785/785 786/786/786 784/784/784
f 785/785/785 787/787/787 788/788/788 786/786/786
f 789/789/789 791/791/791 792/792/792 790/790/790
f 795/795/795 794/794/794 793/793/793
f 805/805/805 795/795/795 793/793/793
f 805/805/805 793/793/793 806/806/806
f 803/803/803 802/802/802 804/804/804
f 805/805/805 804/804/804 802/802/802
f 802/802/802 801/801/801 805/805/805
f 797/797/797 795/795/795 805/805/805
f 795/795/795 797/797/797 796/796/796
f 800/800/800 798/798/798 797/797/797
f 798/798/798 800/800/800 799/799/799
f 800/800/800 797/797/797 801/801/801
f 797/797/797 805/805/805 801/801/801
f 809/809/809 807/807/807 808/808/808
f 819/819/819 807/807/807 809/809/809
f 819/819/819 820/820/820 807/807/807
f 817/817/817 818/818/818 816/816/816
f 819/819/819 816/816/816 818/818/818
f 816/816/816 819/819/819 815/815/815
f 811/811/811 819/819/819 809/809/809
f 809/809/809 810/810/810 811/811/811
f 814/814/814 811/811/811 812/812/812
f 812/812/812 813/813/813 814/814/814
f 814/814/814 815/815/815 811/811/811
f 811/811/811 815/815/815 819/819/819
usemtl Default
v 285.89144897460938 0 70.566719055175781
v 285.89144897460938 7.3000001907348633 70.566719055175781
v 290.61273193359375 0 58.7774658203125
v 290.61273193359375 7.3000001907348633 58.7774658203125
v 290.61273193359375 0 58.7774658203125
v 290.61273193359375 7.3000001907348633 58.7774658203125
v 280.677978515625 0 54.642486572265625
v 280.677978515625 7.3000001907348633 54.642486572265625
v 280.677978515625 0 54.642486572265625
v 280.677978515625 7.3000001907348633 54.642486572265625
v 279.80062866210938 0 56.741260528564453
v 279.80062866210938 7.3000001907348633 56.741260528564453
v 279.80062866210938 0 56.741260528564453
v 279.80062866210938 7.3000001907348633 56.741260528564453
v 274.80322265625 0 54.670173645019531
v 274.80322265625 7.3000001907348633 54.670173645019531
v 274.80322265625 0 54.670173645019531
v 274.80322265625 7.3000001907348633 54.670173645019531
v 272.42233276367188 0 61.200145721435547
v 272.42233276367188 7.3000001907348633 61.200145721435547
v 272.42233276367188 0 61.200145721435547
v 272.42233276367188 7.3000001907348633 61.200145721435547
v 268.92147827148438 0 59.883007049560547
v 268.92147827148438 7.3000001907348633 59.883007049560547
v 268.92147827148438 0 59.883007049560547
v 268.92147827148438 7.3000001907348633 59.883007049560547
v 266.5245361328125 0 65.824195861816406
v 266.5245361328125 7.3000001907348633 65.824195861816406
v 266.5245361328125 0 65.824195861816406
v 266.5245361328125 7.3000001907348633 65.824195861816406
v 267.57180786132812 0 66.260902404785156
v 267.57180786132812 7.3000001907348633 66.260902404785156
v 267.57180786132812 0 66.260902404785156
v 267.57180786132812 7.3000001907348633 66.260902404785156
v 259.47311401367188 0 86.221527099609375
v 259.47311401367188 7.3000001907348633 86.221527099609375
v 259.47311401367188 0 86.221527099609375
v 259.47311401367188 7.3000001907348633 86.221527099609375
v 258.29733276367188 0 85.757476806640625
v 258.29733276367188 7.3000001907348633 85.757476806640625
v 258.29733276367188 0 85.757476806640625
v 258.29733276367188 7.3000001907348633 85.757476806640625
v 253.6304931640625 0 97.271812438964844
v 253.6304931640625 7.3000001907348633 97.271812438964844
v 253.6304931640625 0 97.271812438964844
v 253.6304931640625 7.3000001907348633 97.271812438964844
v 251.17324829101562 0 96.283149719238281
v 251.17324829101562 7.3000001907348633 96.283149719238281
v 251.17324829101562 0 96.283149719238281
v 251.17324829101562 7.3000001907348633 96.283149719238281
v 245.58184814453125 0 110.14813232421875
v 245.58184814453125 7.3000001907348633 110.14813232421875
v 245.58184814453125 0 110.14813232421875
v 245.58184814453125 7.3000001907348633 110.14813232421875
v 256.014892578125 0 114.36905670166016
v 256.014892578125 7.3000001907348633 114.36905670166016
v 256.014892578125 0 114.36905670166016
v 256.014892578125 7.3000001907348633 114.36905670166016
v 272.29690551757812 0 103.81737518310547
v 272.29690551757812 7.3000001907348633 103.81737518310547
v 272.29690551757812 0 103.81737518310547
v 272.29690551757812 7.3000001907348633 103.81737518310547
v 285.89144897460938 0 70.566719055175781
v 285.89144897460938 7.3000001907348633 70.566719055175781
v 285.89144897460938 0 70.566719055175781
v 290.61273193359375 0 58.7774658203125
v 280.677978515625 0 54.642486572265625
v 279.80062866210938 0 56.741260528564453
v 274.80322265625 0 54.670173645019531
v 272.42233276367188 0 61.200145721435547
v 268.92147827148438 0 59.883007049560547
v 266.5245361328125 0 65.824195861816406
v 267.57180786132812 0 66.260902404785156
v 259.47311401367188 0 86.221527099609375
v 258.29733276367188 0 85.757476806640625
v 253.6304931640625 0 97.271812438964844
v 251.17324829101562 0 96.283149719238281
v 245.58184814453125 0 110.14813232421875
v 256.014892578125 0 114.36905670166016
v 272.29690551757812 0 103.81737518310547
v 285.89144897460938 7.3000001907348633 70.566719055175781
v 290.61273193359375 7.3000001907348633 58.7774658203125
v 280.677978515625 7.3000001907348633 54.642486572265625
v 279.80062866210938 7.3000001907348633 56.741260528564453
v 274.80322265625 7.3000001907348633 54.670173645019531
v 272.42233276367188 7.3000001907348633 61.200145721435547
v 268.92147827148438 7.3000001907348633 59.883007049560547
v 266.5245361328125 7.3000001907348633 65.824195861816406
v 267.57180786132812 7.3000001907348633 66.260902404785156
v 259.47311401367188 7.3000001907348633 86.221527099609375
v 258.29733276367188 7.3000001907348633 85.757476806640625
v 253.6304931640625 7.3000001907348633 97.271812438964844
v 251.17324829101562 7.3000001907348633 96.283149719238281
v 245.58184814453125 7.3000001907348633 110.14813232421875
v 256.014892578125 7.3000001907348633 114.36905670166016
v 272.29690551757812 7.3000001907348633 103.81737518310547
vt 0 0
vt 0 0.54226416349411011
vt 0.0625 0
vt 0.0625 0.54226416349411011
vt 0.0625 0
vt 0.0625 0.54226416349411011
vt 0.125 0
vt 0.125 0.54226416349411011
vt 0.125 0
vt 0.125 0.54226416349411011
vt 0.1875 0
vt 0.1875 0.54226416349411011
vt 0.1875 0
vt 0.1875 0.54226416349411011
vt 0.25 0
vt 0.25 0.54226416349411011
vt 0.25 0
vt 0.25 0.54226416349411011
vt 0.3125 0
vt 0.3125 0.54226416349411011
vt 0.3125 0
vt 0.3125 0.54226416349411011
vt 0.375 0
vt 0.375 0.54226416349411011
vt 0.375 0
vt 0.375 0.54226416349411011
vt 0.4375 0
vt 0.4375 0.54226416349411011
vt 0.4375 0
vt 0.4375 0.54226416349411011
vt 0.5 0
vt 0.5 0.54226416349411011
vt 0.5 0
vt 0.5 0.54226416349411011
vt 0.5625 0
vt 0.5625 0.54226416349411011
vt 0.5625 0
vt 0.5625 0.54226416349411011
vt 0.625 0
vt 0.625 0.54226416349411011
vt 0.625 0
vt 0.625 0.54226416349411011
vt 0.6875 0
vt 0.6875 0.54226416349411011
vt 0.6875 0
vt 0.6875 0.54226416349411011
vt 0.75 0
vt 0.75 0.54226416349411011
vt 0.75 0
vt 0.75 0.54226416349411011
vt 0.8125 0
vt 0.8125 0.54226416349411011
vt 0.8125 0
vt 0.8125 0.54226416349411011
vt 0.875 0
vt 0.875 0.54226416349411011
vt 0.875 0
vt 0.875 0.54226416349411011
vt 0.9375 0
vt 0.9375 0.54226416349411011
vt 0.9375 0
vt 0.9375 0.54226416349411011
vt 1 0
vt 1 0.54226416349411011
vt 0.061978969722986221 0.77562808990478516
vt 0 0.85900211334228516
vt 0.03543606773018837 0.96258682012557983
vt 0.046651504933834076 0.94798046350479126
vt 0.064505815505981445 1
vt 0.097680270671844482 0.95231777429580688
vt 0.11062667518854141 0.98746997117996216
vt 0.14194796979427338 0.94556683301925659
vt 0.13821510970592499 0.93463951349258423
vt 0.24367083609104156 0.794150710105896
vt 0.24794775247573853 0.80616587400436401
vt 0.30875590443611145 0.72509294748306274
vt 0.31763243675231934 0.75038498640060425
vt 0.39071553945541382 0.6525803804397583
vt 0.35310360789299011 0.54497122764587402
vt 0.23815950751304626 0.54226475954055786
vt 0.061978969722986221 0.76663661003112793
vt 0 0.68326264619827271
vt 0.03543606773018837 0.57967793941497803
vt 0.046651504933834076 0.5942842960357666
vt 0.064505815505981445 0.54226475954055786
vt 0.097680270671844482 0.58994698524475098
vt 0.11062667518854141 0.55479472875595093
vt 0.14194796979427338 0.59669786691665649
vt 0.13821510970592499 0.60762518644332886
vt 0.24367083609104156 0.74811398983001709
vt 0.24794775247573853 0.73609888553619385
vt 0.30875590443611145 0.81717175245285034
vt 0.31763243675231934 0.79187977313995361
vt 0.39071553945541382 0.88968437910079956
vt 0.35310360789299011 0.99729347229003906
vt 0.23815950751304626 1
vn 0.92832481861114502 0 0.37177017331123352
vn 0.92832481861114502 0 0.37177017331123352
vn 0.92832481861114502 0 0.37177017331123352
vn 0.92832481861114502 0 0.37177017331123352
vn 0.38425815105438232 0 -0.92322570085525513
vn 0.38425815105438232 0 -0.92322570085525513
vn 0.38425815105438232 0 -0.92322570085525513
vn 0.38425815105438232 0 -0.92322570085525513
vn -0.92263209819793701 0 -0.38568124175071716
vn -0.92263209819793701 0 -0.38568124175071716
vn -0.92263209819793701 0 -0.38568124175071716
vn -0.92263209819793701 0 -0.38568124175071716
vn 0.38285580277442932 0 -0.92380809783935547
vn 0.38285580277442932 0 -0.92380809783935547
vn 0.38285580277442932 0 -0.92380809783935547
vn 0.38285580277442932 0 -0.92380809783935547
vn -0.93949908018112183 0 -0.34255144000053406
vn -0.93949908018112183 0 -0.34255144000053406
vn -0.93949908018112183 0 -0.34255144000053406
vn -0.93949908018112183 0 -0.34255144000053406
vn 0.35213550925254822 0 -0.93594902753829956
vn 0.35213550925254822 0 -0.93594902753829956
vn 0.35213550925254822 0 -0.93594902753829956
vn 0.35213550925254822 0 -0.93594902753829956
vn -0.9273713231086731 0 -0.37414219975471497
vn -0.9273713231086731 0 -0.37414219975471497
vn -0.9273713231086731 0 -0.37414219975471497
vn -0.9273713231086731 0 -0.37414219975471497
vn -0.38486811518669128 0 0.92297154664993286
vn -0.38486811518669128 0 0.92297154664993286
vn -0.38486811518669128 0 0.92297154664993286
vn -0.38486811518669128 0 0.92297154664993286
vn -0.92663323879241943 0 -0.37596657872200012
vn -0.92663323879241943 0 -0.37596657872200012
vn -0.92663323879241943 0 -0.37596657872200012
vn -0.92663323879241943 0 -0.37596657872200012
vn 0.36712118983268738 0 -0.93017309904098511
vn 0.36712118983268738 0 -0.93017309904098511
vn 0.36712118983268738 0 -0.93017309904098511
vn 0.36712118983268738 0 -0.93017309904098511
vn -0.92677110433578491 0 -0.37562662363052368
vn -0.92677110433578491 0 -0.37562662363052368
vn -0.92677110433578491 0 -0.37562662363052368
vn -0.92677110433578491 0 -0.37562662363052368
vn 0.37326616048812866 0 -0.92772430181503296
vn 0.37326616048812866 0 -0.92772430181503296
vn 0.37326616048812866 0 -0.92772430181503296
vn 0.37326616048812866 0 -0.92772430181503296
vn -0.92742586135864258 0 -0.37400710582733154
vn -0.92742586135864258 0 -0.37400710582733154
vn -0.92742586135864258 0 -0.37400710582733154
vn -0.92742586135864258 0 -0.37400710582733154
vn -0.37504148483276367 0 0.92700803279876709
vn -0.37504148483276367 0 0.92700803279876709
vn -0.37504148483276367 0 0.92700803279876709
vn -0.37504148483276367 0 0.92700803279876709
vn 0.54384195804595947 0 0.83918768167495728
vn 0.54384195804595947 0 0.83918768167495728
vn 0.54384195804595947 0 0.83918768167495728
vn 0.54384195804595947 0 0.83918768167495728
vn 0.9256250262260437 0 0.37844192981719971
vn 0.9256250262260437 0 0.37844192981719971
vn 0.9256250262260437 0 0.37844192981719971
vn 0.9256250262260437 0 0.37844192981719971
vn 0 -1 0
vn 0 -1 0
vn 0 -1 0
vn 0 -1 0
vn 0 -1 0
vn 0 -1 0
vn 0 -1 0
vn 0 -1 0
vn 0 -1 0
vn 0 -1 0
vn 0 -1 0
vn 0 -1 0
vn 0 -1 0
vn 0 -1 0
vn 0 -1 0
vn 0 -1 0
vn 0 1 0
vn 0 1 0
vn 0 1 0
vn 0 1 0
vn 0 1 0
vn 0 1 0
vn 0 1 0
vn 0 1 0
vn 0 1 0
vn 0 1 0
vn 0 1 0
vn 0 1 0
vn 0 1 0
vn 0 1 0
vn 0 1 0
vn 0 1 0
f 821/821/821 823/823/823 824/824/824 822/822/822
f 825/825/825 827/827/827 828/828/828 826/826/826
f 829/829/829 831/831/831 832/832/832 830/830/830
f 833/833/833 835/835/835 836/836/836 834/834/834
f 837/837/837 839/839/839 840/840/840 838/838/838
f 841/841/841 843/843/843 844/844/844 842/842/842
f 845/845/845 847/847/847 848/848/848 846/846/846
f 849/849/849 851/851/851 852/852/852 850/850/850
f 853/853/853 855/855/855 856/856/856 854/854/854
f 857/857/857 859/859/859 860/860/860 858/858/858
f 861/861/861 863/863/863 864/864/864 862/862/862
f 865/865/865 867/867/867 868/868/868 866/866/866
f 869/869/869 871/871/871 872/872/872 870/870/870
f 873/873/873 875/875/875 876/876/876 874/874/874
f 877/877/877 879/879/879 880/880/880 878/878/878
f 881/881/881 883/883/883 884/884/884 882/882/882
f 893/893/893 891/891/891 890/890/890
f 891/891/891 893/893/893 892/892/892
f 890/890/890 888/888/888 885/885/885
f 887/887/887 886/886/886 888/888/888
f 888/888/888 886/886/886 885/885/885
f 888/888/888 890/890/890 889/889/889
f 885/885/885 893/893/893 890/890/890
f 898/898/898 897/897/897 896/896/896
f 896/896/896 899/899/899 898/898/898
f 900/900/900 899/899/899 896/896/896
f 893/893/893 885/885/885 894/894/894
f 894/894/894 896/896/896 895/895/895
f 894/894/894 885/885/885 900/900/900
f 894/894/894 900/900/900 896/896/896
f 909/909/909 906/906/906 907/907/907
f 907/907/907 908/908/908 909/909/909
f 906/906/906 901/901/901 904/904/904
f 903/903/903 904/904/904 902/902/902
f 904/904/904 901/901/901 902/902/902
f 904/904/904 905/905/905 906/906/906
f 901/901/901 906/906/906 909/909/909
f 914/914/914 912/912/912 913/913/913
f 912/912/912 914/914/914 915/915/915
f 916/916/916 912/912/912 915/915/915
f 909/909/909 910/910/910 901/901/901
f 910/910/910 911/911/911 912/912/912
f 910/910/910 916/916/916 901/901/901
f 910/910/910 912/912/912 916/916/916
usemtl Default
v 104.28681182861328 0 -158.89216613769531
v 104.28681182861328 14 -158.89216613769531
v 122.01583862304688 0 -163.6331787109375
v 122.01583862304688 14 -163.6331787109375
v 122.01583862304688 0 -163.6331787109375
v 122.01583862304688 14 -163.6331787109375
v 119.91762542724609 0 -171.41777038574219
v 119.91762542724609 14 -171.41777038574219
v 119.91762542724609 0 -171.41777038574219
v 119.91762542724609 14 -171.41777038574219
v 102.18499755859375 0 -166.66523742675781
v 102.18499755859375 14 -166.66523742675781
v 102.18499755859375 0 -166.66523742675781
v 102.18499755859375 14 -166.66523742675781
v 104.28681182861328 0 -158.89216613769531
v 104.28681182861328 14 -158.89216613769531
v 104.28681182861328 0 -158.89216613769531
v 122.01583862304688 0 -163.6331787109375
v 119.91762542724609 0 -171.41777038574219
v 102.18499755859375 0 -166.66523742675781
v 104.28681182861328 14 -158.89216613769531
v 122.01583862304688 14 -163.6331787109375
v 119.91762542724609 14 -171.41777038574219
v 102.18499755859375 14 -166.66523742675781
vt 0 0
vt 0 0.67065662145614624
vt 0.25 0
vt 0.25 0.67065662145614624
vt 0.25 0
vt 0.25 0.67065662145614624
vt 0.5 0
vt 0.5 0.67065662145614624
vt 0.5 0
vt 0.5 0.67065662145614624
vt 0.75 0
vt 0.75 0.67065662145614624
vt 0.75 0
vt 0.75 0.67065662145614624
vt 1 0
vt 1 0.67065662145614624
vt 0.37769785523414612 0.81384050846099854
vt 0.048557739704847336 0.67065733671188354
vt 0 0.8570023775100708
vt 0.32931774854660034 1
vt 1 0.85681682825088501
vt 0.67085987329483032 1
vt 0.62230217456817627 0.81365495920181274
vt 0.95161992311477661 0.67065733671188354
vn 0.25833746790885925 0 0.96605473756790161
vn 0.25833746790885925 0 0.96605473756790161
vn 0.25833746790885925 0 0.96605473756790161
vn 0.25833746790885925 0 0.96605473756790161
vn 0.96554231643676758 0 -0.26024618744850159
vn 0.96554231643676758 0 -0.26024618744850159
vn 0.96554231643676758 0 -0.26024618744850159
vn 0.96554231643676758 0 -0.26024618744850159
vn -0.25887483358383179 0 -0.96591085195541382
vn -0.25887483358383179 0 -0.96591085195541382
vn -0.25887483358383179 0 -0.96591085195541382
vn -0.25887483358383179 0 -0.96591085195541382
vn -0.96533268690109253 0 0.26102250814437866
vn -0.96533268690109253 0 0.26102250814437866
vn -0.96533268690109253 0 0.26102250814437866
vn -0.96533268690109253 0 0.26102250814437866
vn 0 -1 0
vn 0 -1 0
vn 0 -1 0
vn 0 -1 0
vn 0 1 0
vn 0 1 0
vn 0 1 0
vn 0 1 0
f 917/917/917 919/919/919 920/920/920 918/918/918
f 921/921/921 923/923/923 924/924/924 922/922/922
f 925/925/925 927/927/927 928/928/928 926/926/926
f 929/929/929 931/931/931 932/932/932 930/930/930
f 933/933/933 936/936/936 935/935/935
f 935/935/935 934/934/934 933/933/933
f 937/937/937 939/939/939 940/940/940
f 939/939/939 937/937/937 938/938/938
usemtl Default
v -174.94105529785156 0 -51.696044921875
v -174.94105529785156 4.1999998092651367 -51.696044921875
v -170.06959533691406 0 -53.682041168212891
v -170.06959533691406 4.1999998092651367 -53.682041168212891
v -170.06959533691406 0 -53.682041168212891
v -170.06959533691406 4.1999998092651367 -53.682041168212891
v -167.84445190429688 0 -56.589645385742188
v -167.84445190429688 4.1999998092651367 -56.589645385742188
v -167.84445190429688 0 -56.589645385742188
v -167.84445190429688 4.1999998092651367 -56.589645385742188
v -170.4549560546875 0 -68.771522521972656
v -170.4549560546875 4.1999998092651367 -68.771522521972656
v -170.4549560546875 0 -68.771522521972656
v -170.4549560546875 4.1999998092651367 -68.771522521972656
v -178.42868041992188 0 -67.282638549804688
v -178.42868041992188 4.1999998092651367 -67.282638549804688
v -178.42868041992188 0 -67.282638549804688
v -178.42868041992188 4.1999998092651367 -67.282638549804688
v -174.94105529785156 0 -51.696044921875
v -174.94105529785156 4.1999998092651367 -51.696044921875
v -174.94105529785156 0 -51.696044921875
v -170.06959533691406 0 -53.682041168212891
v -167.84445190429688 0 -56.589645385742188
v -170.4549560546875 0 -68.771522521972656
v -178.42868041992188 0 -67.282638549804688
v -174.94105529785156 4.1999998092651367 -51.696044921875
v -170.06959533691406 4.1999998092651367 -53.682041168212891
v -167.84445190429688 4.1999998092651367 -56.589645385742188
v -170.4549560546875 4.1999998092651367 -68.771522521972656
v -178.42868041992188 4.1999998092651367 -67.282638549804688
vt 0 0
vt 0 0.5686570405960083
vt 0.20000000298023224 0
vt 0.20000000298023224 0.5686570405960083
vt 0.20000000298023224 0
vt 0.20000000298023224 0.5686570405960083
vt 0.40000000596046448 0
vt 0.40000000596046448 0.5686570405960083
vt 0.40000000596046448 0
vt 0.40000000596046448 0.5686570405960083
vt 0.60000002384185791 0
vt 0.60000002384185791 0.5686570405960083
vt 0.60000002384185791 0
vt 0.60000002384185791 0.5686570405960083
vt 0.80000001192092896 0
vt 0.80000001192092896 0.5686570405960083
vt 0.80000001192092896 0
vt 0.80000001192092896 0.5686570405960083
vt 1 0
vt 1 0.5686570405960083
vt 0.32792589068412781 1
vt 0.35090821981430054 0.83143246173858643
vt 0.32477191090583801 0.7182079553604126
vt 0.069882281124591827 0.56865763664245605
vt 0 0.81266677379608154
vt 0.32792589068412781 0.56865763664245605
vt 0.35090821981430054 0.73722517490386963
vt 0.32477191090583801 0.85044968128204346
vt 0.069882281124591827 1
vt 0 0.75599086284637451
vn 0.37751296162605286 0 0.92600429058074951
vn 0.37751296162605286 0 0.92600429058074951
vn 0.37751296162605286 0 0.92600429058074951
vn 0.37751296162605286 0 0.92600429058074951
vn 0.79413574934005737 0 0.60774040222167969
vn 0.79413574934005737 0 0.60774040222167969
vn 0.79413574934005737 0 0.60774040222167969
vn 0.79413574934005737 0 0.60774040222167969
vn 0.97780066728591919 0 -0.20953722298145294
vn 0.97780066728591919 0 -0.20953722298145294
vn 0.97780066728591919 0 -0.20953722298145294
vn 0.97780066728591919 0 -0.20953722298145294
vn -0.18355122208595276 0 -0.98301017284393311
vn -0.18355122208595276 0 -0.98301017284393311
vn -0.18355122208595276 0 -0.98301017284393311
vn -0.18355122208595276 0 -0.98301017284393311
vn -0.97586870193481445 0 0.21835806965827942
vn -0.97586870193481445 0 0.21835806965827942
vn -0.97586870193481445 0 0.21835806965827942
vn -0.97586870193481445 0 0.21835806965827942
vn 0 -1 0
vn 0 -1 0
vn 0 -1 0
vn 0 -1 0
vn 0 -1 0
vn 0 1 0
vn 0 1 0
vn 0 1 0
vn 0 1 0
vn 0 1 0
f 941/941/941 943/943/943 944/944/944 942/942/942
f 945/945/945 947/947/947 948/948/948 946/946/946
f 949/949/949 951/951/951 952/952/952 950/950/950
f 953/953/953 955/955/955 956/956/956 954/954/954
f 957/957/957 959/959/959 960/960/960 958/958/958
f 963/963/963 965/965/965 964/964/964
f 963/963/963 962/962/962 965/965/965
f 961/961/961 965/965/965 962/962/962
f 968/968/968 969/969/969 970/970/970
f 968/968/968 970/970/970 967/967/967
f 966/966/966 967/967/967 970/970/970
usemtl Default
v -152.69491577148438 0 80.985328674316406
v -152.69491577148438 8.1000003814697266 80.985328674316406
v -151.75674438476562 0 79.971763610839844
v -151.75674438476562 8.1000003814697266 79.971763610839844
v -151.75674438476562 0 79.971763610839844
v -151.75674438476562 8.1000003814697266 79.971763610839844
v -151.38380432128906 0 79.333694458007812
v -151.38380432128906 8.1000003814697266 79.333694458007812
v -151.38380432128906 0 79.333694458007812
v -151.38380432128906 8.1000003814697266 79.333694458007812
v -151.34892272949219 0 78.601272583007812
v -151.34892272949219 8.1000003814697266 78.601272583007812
v -151.34892272949219 0 78.601272583007812
v -151.34892272949219 8.1000003814697266 78.601272583007812
v -151.6141357421875 0 77.952705383300781
v -151.6141357421875 8.1000003814697266 77.952705383300781
v -151.6141357421875 0 77.952705383300781
v -151.6141357421875 8.1000003814697266 77.952705383300781
v -152.11215209960938 0 77.491859436035156
v -152.11215209960938 8.1000003814697266 77.491859436035156
v -152.11215209960938 0 77.491859436035156
v -152.11215209960938 8.1000003814697266 77.491859436035156
v -152.92515563964844 0 77.262802124023438
v -152.92515563964844 8.1000003814697266 77.262802124023438
v -152.92515563964844 0 77.262802124023438
v -152.92515563964844 8.1000003814697266 77.262802124023438
v -153.88729858398438 0 62.685146331787109
v -153.88729858398438 8.1000003814697266 62.685146331787109
v -153.88729858398438 0 62.685146331787109
v -153.88729858398438 8.1000003814697266 62.685146331787109
v -152.86454772949219 0 61.579898834228516
v -152.86454772949219 8.1000003814697266 61.579898834228516
v -152.86454772949219 0 61.579898834228516
v -152.86454772949219 8.1000003814697266 61.579898834228516
v -152.54856872558594 0 61.024845123291016
v -152.54856872558594 8.1000003814697266 61.024845123291016
v -152.54856872558594 0 61.024845123291016
v -152.54856872558594 8.1000003814697266 61.024845123291016
v -152.4571533203125 0 60.430938720703125
v -152.4571533203125 8.1000003814697266 60.430938720703125
v -152.4571533203125 0 60.430938720703125
v -152.4571533203125 8.1000003814697266 60.430938720703125
v -152.60641479492188 0 59.910030364990234
v -152.60641479492188 8.1000003814697266 59.910030364990234
v -152.60641479492188 0 59.910030364990234
v -152.60641479492188 8.1000003814697266 59.910030364990234
v -152.92965698242188 0 59.547954559326172
v -152.92965698242188 8.1000003814697266 59.547954559326172
v -152.92965698242188 0 59.547954559326172
v -152.92965698242188 8.1000003814697266 59.547954559326172
v -154.06802368164062 0 59.363796234130859
v -154.06802368164062 8.1000003814697266 59.363796234130859
v -154.06802368164062 0 59.363796234130859
v -154.06802368164062 8.1000003814697266 59.363796234130859
v -154.12699890136719 0 59.153121948242188
v -154.12699890136719 8.1000003814697266 59.153121948242188
v -154.12699890136719 0 59.153121948242188
v -154.12699890136719 8.1000003814697266 59.153121948242188
v -161.62345886230469 0 58.968502044677734
v -161.62345886230469 8.1000003814697266 58.968502044677734
v -161.62345886230469 0 58.968502044677734
v -161.62345886230469 8.1000003814697266 58.968502044677734
v -160.9591064453125 0 68.832450866699219
v -160.9591064453125 8.1000003814697266 68.832450866699219
v -160.9591064453125 0 68.832450866699219
v -160.9591064453125 8.1000003814697266 68.832450866699219
v -152.65383911132812 0 81.648658752441406
v -152.65383911132812 8.1000003814697266 81.648658752441406
v -152.65383911132812 0 81.648658752441406
v -152.65383911132812 8.1000003814697266 81.648658752441406
v -152.69491577148438 0 80.985328674316406
v -152.69491577148438 8.1000003814697266 80.985328674316406
v -152.69491577148438 0 80.985328674316406
v -151.75674438476562 0 79.971763610839844
v -151.38380432128906 0 79.333694458007812
v -151.34892272949219 0 78.601272583007812
v -151.6141357421875 0 77.952705383300781
v -152.11215209960938 0 77.491859436035156
v -152.92515563964844 0 77.262802124023438
v -153.88729858398438 0 62.685146331787109
v -152.86454772949219 0 61.579898834228516
v -152.54856872558594 0 61.024845123291016
v -152.4571533203125 0 60.430938720703125
v -152.60641479492188 0 59.910030364990234
v -152.92965698242188 0 59.547954559326172
v -154.06802368164062 0 59.363796234130859
v -154.12699890136719 0 59.153121948242188
v -161.62345886230469 0 58.968502044677734
v -160.9591064453125 0 68.832450866699219
v -152.65383911132812 0 81.648658752441406
v -152.69491577148438 8.1000003814697266 80.985328674316406
v -151.75674438476562 8.1000003814697266 79.971763610839844
v -151.38380432128906 8.1000003814697266 79.333694458007812
v -151.34892272949219 8.1000003814697266 78.601272583007812
v -151.6141357421875 8.1000003814697266 77.952705383300781
v -152.11215209960938 8.1000003814697266 77.491859436035156
v -152.92515563964844 8.1000003814697266 77.262802124023438
v -153.88729858398438 8.1000003814697266 62.685146331787109
v -152.86454772949219 8.1000003814697266 61.579898834228516
v -152.54856872558594 8.1000003814697266 61.024845123291016
v -152.4571533203125 8.1000003814697266 60.430938720703125
v -152.60641479492188 8.1000003814697266 59.910030364990234
v -152.92965698242188 8.1000003814697266 59.547954559326172
v -154.06802368164062 8.1000003814697266 59.363796234130859
v -154.12699890136719 8.1000003814697266 59.153121948242188
v -161.62345886230469 8.1000003814697266 58.968502044677734
v -160.9591064453125 8.1000003814697266 68.832450866699219
v -152.65383911132812 8.1000003814697266 81.648658752441406
vt 0 0
vt 0 0.62553602457046509
vt 0.0555555559694767 0
vt 0.0555555559694767 0.62553602457046509
vt 0.0555555559694767 0
vt 0.0555555559694767 0.62553602457046509
vt 0.1111111119389534 0
vt 0.1111111119389534 0.62553602457046509
vt 0.1111111119389534 0
vt 0.1111111119389534 0.62553602457046509
vt 0.1666666716337204 0
vt 0.1666666716337204 0.62553602457046509
vt 0.1666666716337204 0
vt 0.1666666716337204 0.62553602457046509
vt 0.2222222238779068 0
vt 0.2222222238779068 0.62553602457046509
vt 0.2222222238779068 0
vt 0.2222222238779068 0.62553602457046509
vt 0.27777779102325439 0
vt 0.27777779102325439 0.62553602457046509
vt 0.27777779102325439 0
vt 0.27777779102325439 0.62553602457046509
vt 0.3333333432674408 0
vt 0.3333333432674408 0.62553602457046509
vt 0.3333333432674408 0
vt 0.3333333432674408 0.62553602457046509
vt 0.3888888955116272 0
vt 0.3888888955116272 0.62553602457046509
vt 0.3888888955116272 0
vt 0.3888888955116272 0.62553602457046509
vt 0.4444444477558136 0
vt 0.4444444477558136 0.62553602457046509
vt 0.4444444477558136 0
vt 0.4444444477558136 0.62553602457046509
vt 0.5 0
vt 0.5 0.62553602457046509
vt 0.5 0
vt 0.5 0.62553602457046509
vt 0.55555558204650879 0
vt 0.55555558204650879 0.62553602457046509
vt 0.55555558204650879 0
vt 0.55555558204650879 0.62553602457046509
vt 0.6111111044883728 0
vt 0.6111111044883728 0.62553602457046509
vt 0.6111111044883728 0
vt 0.6111111044883728 0.62553602457046509
vt 0.66666668653488159 0
vt 0.66666668653488159 0.62553602457046509
vt 0.66666668653488159 0
vt 0.66666668653488159 0.62553602457046509
vt 0.72222220897674561 0
vt 0.72222220897674561 0.62553602457046509
vt 0.72222220897674561 0
vt 0.72222220897674561 0.62553602457046509
vt 0.77777779102325439 0
vt 0.77777779102325439 0.62553602457046509
vt 0.77777779102325439 0
vt 0.77777779102325439 0.62553602457046509
vt 0.83333331346511841 0
vt 0.83333331346511841 0.62553602457046509
vt 0.83333331346511841 0
vt 0.83333331346511841 0.62553602457046509
vt 0.8888888955116272 0
vt 0.8888888955116272 0.62553602457046509
vt 0.8888888955116272 0
vt 0.8888888955116272 0.62553602457046509
vt 0.94444441795349121 0
vt 0.94444441795349121 0.62553602457046509
vt 0.94444441795349121 0
vt 0.94444441795349121 0.62553602457046509
vt 1 0
vt 1 0.62553602457046509
vt 0.40026015043258667 0.98967105150222778
vt 0.39468511939048767 0.94805717468261719
vt 0.38910225033760071 0.92747747898101807
vt 0.37894842028617859 0.9140019416809082
vt 0.36713659763336182 0.90971088409423828
vt 0.35579511523246765 0.91465061902999878
vt 0.3447716236114502 0.93169927597045898
vt 0.12689889967441559 0.70623964071273804
vt 0.12081693112850189 0.66086882352828979
vt 0.11587988585233688 0.6431846022605896
vt 0.10824768245220184 0.63062834739685059
vt 0.09936811774969101 0.62553662061691284
vt 0.091105401515960693 0.62766194343566895
vt 0.077625781297683716 0.65387767553329468
vt 0.074047736823558807 0.65178275108337402
vt 0 0.84207415580749512
vt 0.14755024015903473 0.99428725242614746
vt 0.41014835238456726 1
vt 0.40026015043258667 0.63586556911468506
vt 0.39468511939048767 0.67747944593429565
vt 0.38910225033760071 0.69805914163589478
vt 0.37894842028617859 0.71153467893600464
vt 0.36713659763336182 0.71582573652267456
vt 0.35579511523246765 0.71088600158691406
vt 0.3447716236114502 0.69383734464645386
vt 0.12689889967441559 0.9192969799041748
vt 0.12081693112850189 0.96466779708862305
vt 0.11587988585233688 0.98235201835632324
vt 0.10824768245220184 0.99490827322006226
vt 0.09936811774969101 1
vt 0.091105401515960693 0.99787473678588867
vt 0.077625781297683716 0.97165894508361816
vt 0.074047736823558807 0.97375386953353882
vt 0 0.78346246480941772
vt 0.14755024015903473 0.63124936819076538
vt 0.41014835238456726 0.62553662061691284
vn 0.73387324810028076 0 0.6792864203453064
vn 0.73387324810028076 0 0.6792864203453064
vn 0.73387324810028076 0 0.6792864203453064
vn 0.73387324810028076 0 0.6792864203453064
vn 0.86334526538848877 0 0.50461369752883911
vn 0.86334526538848877 0 0.50461369752883911
vn 0.86334526538848877 0 0.50461369752883911
vn 0.86334526538848877 0 0.50461369752883911
vn 0.99886763095855713 0 0.047575954347848892
vn 0.99886763095855713 0 0.047575954347848892
vn 0.99886763095855713 0 0.047575954347848892
vn 0.99886763095855713 0 0.047575954347848892
vn 0.92559981346130371 0 -0.37850359082221985
vn 0.92559981346130371 0 -0.37850359082221985
vn 0.92559981346130371 0 -0.37850359082221985
vn 0.92559981346130371 0 -0.37850359082221985
vn 0.67918854951858521 0 -0.73396384716033936
vn 0.67918854951858521 0 -0.73396384716033936
vn 0.67918854951858521 0 -0.73396384716033936
vn 0.67918854951858521 0 -0.73396384716033936
vn 0.2711833119392395 0 -0.96252769231796265
vn 0.2711833119392395 0 -0.96252769231796265
vn 0.2711833119392395 0 -0.96252769231796265
vn 0.2711833119392395 0 -0.96252769231796265
vn 0.99782902002334595 0 -0.065857812762260437
vn 0.99782902002334595 0 -0.065857812762260437
vn 0.99782902002334595 0 -0.065857812762260437
vn 0.99782902002334595 0 -0.065857812762260437
vn 0.73396587371826172 0 0.67918640375137329
vn 0.73396587371826172 0 0.67918640375137329
vn 0.73396587371826172 0 0.67918640375137329
vn 0.73396587371826172 0 0.67918640375137329
vn 0.86905330419540405 0 0.49471840262413025
vn 0.86905330419540405 0 0.49471840262413025
vn 0.86905330419540405 0 0.49471840262413025
vn 0.86905330419540405 0 0.49471840262413025
vn 0.98835963010787964 0 0.15213561058044434
vn 0.98835963010787964 0 0.15213561058044434
vn 0.98835963010787964 0 0.15213561058044434
vn 0.98835963010787964 0 0.15213561058044434
vn 0.96131414175033569 0 -0.2754543125629425
vn 0.96131414175033569 0 -0.2754543125629425
vn 0.96131414175033569 0 -0.2754543125629425
vn 0.96131414175033569 0 -0.2754543125629425
vn 0.74597793817520142 0 -0.66597062349319458
vn 0.74597793817520142 0 -0.66597062349319458
vn 0.74597793817520142 0 -0.66597062349319458
vn 0.74597793817520142 0 -0.66597062349319458
vn 0.15970098972320557 0 -0.98716545104980469
vn 0.15970098972320557 0 -0.98716545104980469
vn 0.15970098972320557 0 -0.98716545104980469
vn 0.15970098972320557 0 -0.98716545104980469
vn 0.9629673957824707 0 -0.26961794495582581
vn 0.9629673957824707 0 -0.26961794495582581
vn 0.9629673957824707 0 -0.26961794495582581
vn 0.9629673957824707 0 -0.26961794495582581
vn 0.024620313197374344 0 -0.99969685077667236
vn 0.024620313197374344 0 -0.99969685077667236
vn 0.024620313197374344 0 -0.99969685077667236
vn 0.024620313197374344 0 -0.99969685077667236
vn -0.99773955345153809 0 0.067199751734733582
vn -0.99773955345153809 0 0.067199751734733582
vn -0.99773955345153809 0 0.067199751734733582
vn -0.99773955345153809 0 0.067199751734733582
vn -0.83919906616210938 0 0.54382437467575073
vn -0.83919906616210938 0 0.54382437467575073
vn -0.83919906616210938 0 0.54382437467575073
vn -0.83919906616210938 0 0.54382437467575073
vn 0.99808806180953979 0 -0.061808038502931595
vn 0.99808806180953979 0 -0.061808038502931595
vn 0.99808806180953979 0 -0.061808038502931595
vn 0.99808806180953979 0 -0.061808038502931595
vn 0 -1 0
vn 0 -1 0
vn 0 -1 0
vn 0 -1 0
vn 0 -1 0
vn 0 -1 0
vn 0 -1 0
vn 0 -1 0
vn 0 -1 0
vn 0 -1 0
vn 0 -1 0
vn 0 -1 0
vn 0 -1 0
vn 0 -1 0
vn 0 -1 0
vn 0 -1 0
vn 0 -1 0
vn 0 -1 0
vn 0 1 0
vn 0 1 0
vn 0 1 0
vn 0 1 0
vn 0 1 0
vn 0 1 0
vn 0 1 0
vn 0 1 0
vn 0 1 0
vn 0 1 0
vn 0 1 0
vn 0 1 0
vn 0 1 0
vn 0 1 0
vn 0 1 0
vn 0 1 0
vn 0 1 0
vn 0 1 0
f 971/971/971 973/973/973 974/974/974 972/972/972
f 975/975/975 977/977/977 978/978/978 976/976/976
f 979/979/979 981/981/981 982/982/982 980/980/980
f 983/983/983 985/985/985 986/986/986 984/984/984
f 987/987/987 989/989/989 990/990/990 988/988/988
f 991/991/991 993/993/993 994/994/994 992/992/992
f 995/995/995 997/997/997 998/998/998 996/996/996
f 999/999/999 1001/1001/1001 1002/1002/1002 1000/1000/1000
f 1003/1003/1003 1005/1005/1005 1006/1006/1006 1004/1004/1004
f 1007/1007/1007 1009/1009/1009 1010/1010/1010 1008/1008/1008
f 1011/1011/1011 1013/1013/1013 1014/1014/1014 1012/1012/1012
f 1015/1015/1015 1017/1017/1017 1018/1018/1018 1016/1016/1016
f 1019/1019/1019 1021/1021/1021 1022/1022/1022 1020/1020/1020
f 1023/1023/1023 1025/1025/1025 1026/1026/1026 1024/1024/1024
f 1027/1027/1027 1029/1029/1029 1030/1030/1030 1028/1028/1028
f 1031/1031/1031 1033/1033/1033 1034/1034/1034 1032/1032/1032
f 1035/1035/1035 1037/1037/1037 1038/1038/1038 1036/1036/1036
f 1039/1039/1039 1041/1041/1041 1042/1042/1042 1040/1040/1040
f 1057/1057/1057 1056/1056/1056 1058/1058/1058
f 1050/1050/1050 1058/1058/1058 1056/1056/1056
f 1056/1056/1056 1051/1051/1051 1050/1050/1050
f 1050/1050/1050 1059/1059/1059 1058/1058/1058
f 1052/1052/1052 1051/1051/1051 1056/1056/1056
f 1054/1054/1054 1053/1053/1053 1055/1055/1055
f 1053/1053/1053 1056/1056/1056 1055/1055/1055
f 1056/1056/1056 1053/1053/1053 1052/1052/1052
f 1044/1044/1044 1043/1043/1043 1049/1049/1049
f 1059/1059/1059 1049/1049/1049 1043/1043/1043
f 1059/1059/1059 1043/1043/1043 1060/1060/1060
f 1048/1048/1048 1044/1044/1044 1049/1049/1049
f 1047/1047/1047 1046/1046/1046 1048/1048/1048
f 1048/1048/1048 1046/1046/1046 1044/1044/1044
f 1046/1046/1046 1045/1045/1045 1044/1044/1044
f 1049/1049/1049 1059/1059/1059 1050/1050/1050
f 1075/1075/1075 1076/1076/1076 1074/1074/1074
f 1068/1068/1068 1074/1074/1074 1076/1076/1076
f 1074/1074/1074 1068/1068/1068 1069/1069/1069
f 1068/1068/1068 1076/1076/1076 1077/1077/1077
f 1070/1070/1070 1074/1074/1074 1069/1069/1069
f 1072/1072/1072 1073/1073/1073 1071/1071/1071
f 1071/1071/1071 1073/1073/1073 1074/1074/1074
f 1074/1074/1074 1070/1070/1070 1071/1071/1071
f 1062/1062/1062 1067/1067/1067 1061/1061/1061
f 1077/1077/1077 1061/1061/1061 1067/1067/1067
f 1077/1077/1077 1078/1078/1078 1061/1061/1061
f 1066/1066/1066 1067/1067/1067 1062/1062/1062
f 1065/1065/1065 1066/1066/1066 1064/1064/1064
f 1066/1066/1066 1062/1062/1062 1064/1064/1064
f 1064/1064/1064 1062/1062/1062 1063/1063/1063
f 1067/1067/1067 1068/1068/1068 1077/1077/1077
usemtl Default
v 102.58982086181641 0 210.50315856933594
v 102.58982086181641 9 210.50315856933594
v 105.59523773193359 0 211.55145263671875
v 105.59523773193359 9 211.55145263671875
v 105.59523773193359 0 211.55145263671875
v 105.59523773193359 9 211.55145263671875
v 108.251953125 0 203.87466430664062
v 108.251953125 9 203.87466430664062
v 108.251953125 0 203.87466430664062
v 108.251953125 9 203.87466430664062
v 105.19069671630859 0 202.82566833496094
v 105.19069671630859 9 202.82566833496094
v 105.19069671630859 0 202.82566833496094
v 105.19069671630859 9 202.82566833496094
v 108.3775634765625 0 193.62535095214844
v 108.3775634765625 9 193.62535095214844
v 108.3775634765625 0 193.62535095214844
v 108.3775634765625 9 193.62535095214844
v 111.52830505371094 0 194.72697448730469
v 111.52830505371094 9 194.72697448730469
v 111.52830505371094 0 194.72697448730469
v 111.52830505371094 9 194.72697448730469
v 114.16644287109375 0 187.08988952636719
v 114.16644287109375 9 187.08988952636719
v 114.16644287109375 0 187.08988952636719
v 114.16644287109375 9 187.08988952636719
v 111.00010681152344 0 185.99838256835938
v 111.00010681152344 9 185.99838256835938
v 111.00010681152344 0 185.99838256835938
v 111.00010681152344 9 185.99838256835938
v 112.89784240722656 0 180.50042724609375
v 112.89784240722656 9 180.50042724609375
v 112.89784240722656 0 180.50042724609375
v 112.89784240722656 9 180.50042724609375
v 114.32360076904297 0 181.2818603515625
v 114.32360076904297 9 181.2818603515625
v 114.32360076904297 0 181.2818603515625
v 114.32360076904297 9 181.2818603515625
v 115.45465087890625 0 178.90800476074219
v 115.45465087890625 9 178.90800476074219
v 115.45465087890625 0 178.90800476074219
v 115.45465087890625 9 178.90800476074219
v 117.23976898193359 0 173.73194885253906
v 117.23976898193359 9 173.73194885253906
v 117.23976898193359 0 173.73194885253906
v 117.23976898193359 9 173.73194885253906
v 116.76358795166016 0 173.56118774414062
v 116.76358795166016 9 173.56118774414062
v 116.76358795166016 0 173.56118774414062
v 116.76358795166016 9 173.56118774414062
v 118.04134368896484 0 169.87542724609375
v 118.04134368896484 9 169.87542724609375
v 118.04134368896484 0 169.87542724609375
v 118.04134368896484 9 169.87542724609375
v 117.18205261230469 0 169.57499694824219
v 117.18205261230469 9 169.57499694824219
v 117.18205261230469 0 169.57499694824219
v 117.18205261230469 9 169.57499694824219
v 117.54147338867188 0 168.54006958007812
v 117.54147338867188 9 168.54006958007812
v 117.54147338867188 0 168.54006958007812
v 117.54147338867188 9 168.54006958007812
v 29.670623779296875 0 138.13130187988281
v 29.670623779296875 9 138.13130187988281
v 29.670623779296875 0 138.13130187988281
v 29.670623779296875 9 138.13130187988281
v 27.908872604370117 0 143.29220581054688
v 27.908872604370117 9 143.29220581054688
v 27.908872604370117 0 143.29220581054688
v 27.908872604370117 9 143.29220581054688
v 28.062606811523438 0 143.35850524902344
v 28.062606811523438 9 143.35850524902344
v 28.062606811523438 0 143.35850524902344
v 28.062606811523438 9 143.35850524902344
v -0.26420694589614868 0 225.23983764648438
v -0.26420694589614868 9 225.23983764648438
v -0.26420694589614868 0 225.23983764648438
v -0.26420694589614868 9 225.23983764648438
v 6.3267087936401367 0 227.51371765136719
v 6.3267087936401367 9 227.51371765136719
v 6.3267087936401367 0 227.51371765136719
v 6.3267087936401367 9 227.51371765136719
v 3.3399415016174316 0 236.15113830566406
v 3.3399415016174316 9 236.15113830566406
v 3.3399415016174316 0 236.15113830566406
v 3.3399415016174316 9 236.15113830566406
v 10.201691627502441 0 238.53526306152344
v 10.201691627502441 9 238.53526306152344
v 10.201691627502441 0 238.53526306152344
v 10.201691627502441 9 238.53526306152344
v 3.0816586017608643 0 259.13430786132812
v 3.0816586017608643 9 259.13430786132812
v 3.0816586017608643 0 259.13430786132812
v 3.0816586017608643 9 259.13430786132812
v 22.248111724853516 0 265.8634033203125
v 22.248111724853516 9 265.8634033203125
v 22.248111724853516 0 265.8634033203125
v 22.248111724853516 9 265.8634033203125
v 101.11960601806641 0 214.7501220703125
v 101.11960601806641 9 214.7501220703125
v 101.11960601806641 0 214.7501220703125
v 101.11960601806641 9 214.7501220703125
v 102.58982086181641 0 210.50315856933594
v 102.58982086181641 9 210.50315856933594
v 102.58982086181641 0 210.50315856933594
v 105.59523773193359 0 211.55145263671875
v 108.251953125 0 203.87466430664062
v 105.19069671630859 0 202.82566833496094
v 108.3775634765625 0 193.62535095214844
v 111.52830505371094 0 194.72697448730469
v 114.16644287109375 0 187.08988952636719
v 111.00010681152344 0 185.99838256835938
v 112.89784240722656 0 180.50042724609375
v 114.32360076904297 0 181.2818603515625
v 115.45465087890625 0 178.90800476074219
v 117.23976898193359 0 173.73194885253906
v 116.76358795166016 0 173.56118774414062
v 118.04134368896484 0 169.87542724609375
v 117.18205261230469 0 169.57499694824219
v 117.54147338867188 0 168.54006958007812
v 29.670623779296875 0 138.13130187988281
v 27.908872604370117 0 143.29220581054688
v 28.062606811523438 0 143.35850524902344
v -0.26420694589614868 0 225.23983764648438
v 6.3267087936401367 0 227.51371765136719
v 3.3399415016174316 0 236.15113830566406
v 10.201691627502441 0 238.53526306152344
v 3.0816586017608643 0 259.13430786132812
v 22.248111724853516 0 265.8634033203125
v 101.11960601806641 0 214.7501220703125
v 102.58982086181641 9 210.50315856933594
v 105.59523773193359 9 211.55145263671875
v 108.251953125 9 203.87466430664062
v 105.19069671630859 9 202.82566833496094
v 108.3775634765625 9 193.62535095214844
v 111.52830505371094 9 194.72697448730469
v 114.16644287109375 9 187.08988952636719
v 111.00010681152344 9 185.99838256835938
v 112.89784240722656 9 180.50042724609375
v 114.32360076904297 9 181.2818603515625
v 115.45465087890625 9 178.90800476074219
v 117.23976898193359 9 173.73194885253906
v 116.76358795166016 9 173.56118774414062
v 118.04134368896484 9 169.87542724609375
v 117.18205261230469 9 169.57499694824219
v 117.54147338867188 9 168.54006958007812
v 29.670623779296875 9 138.13130187988281
v 27.908872604370117 9 143.29220581054688
v 28.062606811523438 9 143.35850524902344
v -0.26420694589614868 9 225.23983764648438
v 6.3267087936401367 9 227.51371765136719
v 3.3399415016174316 9 236.15113830566406
v 10.201691627502441 9 238.53526306152344
v 3.0816586017608643 9 259.13430786132812
v 22.248111724853516 9 265.8634033203125
v 101.11960601806641 9 214.7501220703125
vt 0 0
vt 0 0.52085864543914795
vt 0.038461539894342422 0
vt 0.038461539894342422 0.52085864543914795
vt 0.038461539894342422 0
vt 0.038461539894342422 0.52085864543914795
vt 0.076923079788684845 0
vt 0.076923079788684845 0.52085864543914795
vt 0.076923079788684845 0
vt 0.076923079788684845 0.52085864543914795
vt 0.11538461595773697 0
vt 0.11538461595773697 0.52085864543914795
vt 0.11538461595773697 0
vt 0.11538461595773697 0.52085864543914795
vt 0.15384615957736969 0
vt 0.15384615957736969 0.52085864543914795
vt 0.15384615957736969 0
vt 0.15384615957736969 0.52085864543914795
vt 0.19230769574642181 0
vt 0.19230769574642181 0.52085864543914795
vt 0.19230769574642181 0
vt 0.19230769574642181 0.52085864543914795
vt 0.23076923191547394 0
vt 0.23076923191547394 0.52085864543914795
vt 0.23076923191547394 0
vt 0.23076923191547394 0.52085864543914795
vt 0.26923078298568726 0
vt 0.26923078298568726 0.52085864543914795
vt 0.26923078298568726 0
vt 0.26923078298568726 0.52085864543914795
vt 0.30769231915473938 0
vt 0.30769231915473938 0.52085864543914795
vt 0.30769231915473938 0
vt 0.30769231915473938 0.52085864543914795
vt 0.3461538553237915 0
vt 0.3461538553237915 0.52085864543914795
vt 0.3461538553237915 0
vt 0.3461538553237915 0.52085864543914795
vt 0.38461539149284363 0
vt 0.38461539149284363 0.52085864543914795
vt 0.38461539149284363 0
vt 0.38461539149284363 0.52085864543914795
vt 0.42307692766189575 0
vt 0.42307692766189575 0.52085864543914795
vt 0.42307692766189575 0
vt 0.42307692766189575 0.52085864543914795
vt 0.46153846383094788 0
vt 0.46153846383094788 0.52085864543914795
vt 0.46153846383094788 0
vt 0.46153846383094788 0.52085864543914795
vt 0.5 0
vt 0.5 0.52085864543914795
vt 0.5 0
vt 0.5 0.52085864543914795
vt 0.53846156597137451 0
vt 0.53846156597137451 0.52085864543914795
vt 0.53846156597137451 0
vt 0.53846156597137451 0.52085864543914795
vt 0.57692307233810425 0
vt 0.57692307233810425 0.52085864543914795
vt 0.57692307233810425 0
vt 0.57692307233810425 0.52085864543914795
vt 0.61538463830947876 0
vt 0.61538463830947876 0.52085864543914795
vt 0.61538463830947876 0
vt 0.61538463830947876 0.52085864543914795
vt 0.6538461446762085 0
vt 0.6538461446762085 0.52085864543914795
vt 0.6538461446762085 0
vt 0.6538461446762085 0.52085864543914795
vt 0.69230771064758301 0
vt 0.69230771064758301 0.52085864543914795
vt 0.69230771064758301 0
vt 0.69230771064758301 0.52085864543914795
vt 0.73076921701431274 0
vt 0.73076921701431274 0.52085864543914795
vt 0.73076921701431274 0
vt 0.73076921701431274 0.52085864543914795
vt 0.76923078298568726 0
vt 0.76923078298568726 0.52085864543914795
vt 0.76923078298568726 0
vt 0.76923078298568726 0.52085864543914795
vt 0.80769228935241699 0
vt 0.80769228935241699 0.52085864543914795
vt 0.80769228935241699 0
vt 0.80769228935241699 0.52085864543914795
vt 0.8461538553237915 0
vt 0.8461538553237915 0.52085864543914795
vt 0.8461538553237915 0
vt 0.8461538553237915 0.52085864543914795
vt 0.88461536169052124 0
vt 0.88461536169052124 0.52085864543914795
vt 0.88461536169052124 0
vt 0.88461536169052124 0.52085864543914795
vt 0.92307692766189575 0
vt 0.92307692766189575 0.52085864543914795
vt 0.92307692766189575 0
vt 0.92307692766189575 0.52085864543914795
vt 0.96153843402862549 0
vt 0.96153843402862549 0.52085864543914795
vt 0.96153843402862549 0
vt 0.96153843402862549 0.52085864543914795
vt 1 0
vt 1 0.52085864543914795
vt 0.087008334696292877 0.53347450494766235
vt 0.082324042916297913 0.52171224355697632
vt 0.066566064953804016 0.5445176362991333
vt 0.07136274129152298 0.55642592906951904
vt 0.05247155949473381 0.58374977111816406
vt 0.047564323991537094 0.57140862941741943
vt 0.031897649168968201 0.5941084623336792
vt 0.036850195378065109 0.60645061731338501
vt 0.025574702769517899 0.62279605865478516
vt 0.023736143484711647 0.6161196231842041
vt 0.01823517307639122 0.62237685918807983
vt 0.0076228892430663109 0.63776916265487671
vt 0.0083587802946567535 0.63965082168579102
vt 0.00078861031215637922 0.65059435367584229
vt 0.0021269437856972218 0.65396010875701904
vt 0 0.65703129768371582
vt 0.13728195428848267 1
vt 0.14782632887363434 0.98460620641708374
vt 0.147603839635849 0.98395556211471558
vt 0.31565973162651062 0.74068570137023926
vt 0.30535319447517395 0.71498769521713257
vt 0.32307818531990051 0.68932247161865234
vt 0.31237083673477173 0.66250354051589966
vt 0.35463643074035645 0.60128772258758545
vt 0.32482239603996277 0.52610749006271362
vt 0.095726937055587769 0.52085918188095093
vt 0.087008334696292877 0.98738473653793335
vt 0.082324042916297913 0.99914693832397461
vt 0.066566064953804016 0.97634154558181763
vt 0.07136274129152298 0.96443331241607666
vt 0.05247155949473381 0.93710947036743164
vt 0.047564323991537094 0.94945055246353149
vt 0.031897649168968201 0.92675071954727173
vt 0.036850195378065109 0.91440856456756592
vt 0.025574702769517899 0.89806312322616577
vt 0.023736143484711647 0.9047396183013916
vt 0.01823517307639122 0.89848232269287109
vt 0.0076228892430663109 0.88309001922607422
vt 0.0083587802946567535 0.88120836019515991
vt 0.00078861031215637922 0.87026482820510864
vt 0.0021269437856972218 0.86689907312393188
vt 0 0.86382788419723511
vt 0.13728195428848267 0.52085918188095093
vt 0.14782632887363434 0.53625303506851196
vt 0.147603839635849 0.53690361976623535
vt 0.31565973162651062 0.78017348051071167
vt 0.30535319447517395 0.80587148666381836
vt 0.32307818531990051 0.83153676986694336
vt 0.31237083673477173 0.85835564136505127
vt 0.35463643074035645 0.91957145929336548
vt 0.32482239603996277 0.9947516918182373
vt 0.095726937055587769 1
vn -0.32934251427650452 0 0.94421052932739258
vn -0.32934251427650452 0 0.94421052932739258
vn -0.32934251427650452 0 0.94421052932739258
vn -0.32934251427650452 0 0.94421052932739258
vn 0.94501054286956787 0 0.32703986763954163
vn 0.94501054286956787 0 0.32703986763954163
vn 0.94501054286956787 0 0.32703986763954163
vn 0.94501054286956787 0 0.32703986763954163
vn 0.32416322827339172 0 -0.94600117206573486
vn 0.32416322827339172 0 -0.94600117206573486
vn 0.32416322827339172 0 -0.94600117206573486
vn 0.32416322827339172 0 -0.94600117206573486
vn 0.94491797685623169 0 0.32730725407600403
vn 0.94491797685623169 0 0.32730725407600403
vn 0.94491797685623169 0 0.32730725407600403
vn 0.94491797685623169 0 0.32730725407600403
vn -0.33004584908485413 0 0.94396489858627319
vn -0.33004584908485413 0 0.94396489858627319
vn -0.33004584908485413 0 0.94396489858627319
vn -0.33004584908485413 0 0.94396489858627319
vn 0.94519501924514771 0 0.32650640606880188
vn 0.94519501924514771 0 0.32650640606880188
vn 0.94519501924514771 0 0.32650640606880188
vn 0.94519501924514771 0 0.32650640606880188
vn 0.32590171694755554 0 -0.94540363550186157
vn 0.32590171694755554 0 -0.94540363550186157
vn 0.32590171694755554 0 -0.94540363550186157
vn 0.32590171694755554 0 -0.94540363550186157
vn 0.94527262449264526 0 0.32628163695335388
vn 0.94527262449264526 0 0.32628163695335388
vn 0.94527262449264526 0 0.32628163695335388
vn 0.94527262449264526 0 0.32628163695335388
vn -0.48062613606452942 0 0.87692558765411377
vn -0.48062613606452942 0 0.87692558765411377
vn -0.48062613606452942 0 0.87692558765411377
vn -0.48062613606452942 0 0.87692558765411377
vn 0.90276563167572021 0 0.43013274669647217
vn 0.90276563167572021 0 0.43013274669647217
vn 0.90276563167572021 0 0.43013274669647217
vn 0.90276563167572021 0 0.43013274669647217
vn 0.9453577995300293 0 0.32603475451469421
vn 0.9453577995300293 0 0.32603475451469421
vn 0.9453577995300293 0 0.32603475451469421
vn 0.9453577995300293 0 0.32603475451469421
vn 0.33755338191986084 0 -0.94130641222000122
vn 0.33755338191986084 0 -0.94130641222000122
vn 0.33755338191986084 0 -0.94130641222000122
vn 0.33755338191986084 0 -0.94130641222000122
vn 0.94483393430709839 0 0.32754981517791748
vn 0.94483393430709839 0 0.32754981517791748
vn 0.94483393430709839 0 0.32754981517791748
vn 0.94483393430709839 0 0.32754981517791748
vn 0.33004656434059143 0 -0.94396466016769409
vn 0.33004656434059143 0 -0.94396466016769409
vn 0.33004656434059143 0 -0.94396466016769409
vn 0.33004656434059143 0 -0.94396466016769409
vn 0.94465178251266479 0 0.32807469367980957
vn 0.94465178251266479 0 0.32807469367980957
vn 0.94465178251266479 0 0.32807469367980957
vn 0.94465178251266479 0 0.32807469367980957
vn 0.32703307271003723 0 -0.94501286745071411
vn 0.32703307271003723 0 -0.94501286745071411
vn 0.32703307271003723 0 -0.94501286745071411
vn 0.32703307271003723 0 -0.94501286745071411
vn -0.94637840986251831 0 -0.32306015491485596
vn -0.94637840986251831 0 -0.32306015491485596
vn -0.94637840986251831 0 -0.32306015491485596
vn -0.94637840986251831 0 -0.32306015491485596
vn -0.39603617787361145 0 0.91823488473892212
vn -0.39603617787361145 0 0.91823488473892212
vn -0.39603617787361145 0 0.91823488473892212
vn -0.39603617787361145 0 0.91823488473892212
vn -0.94504570960998535 0 -0.32693818211555481
vn -0.94504570960998535 0 -0.32693818211555481
vn -0.94504570960998535 0 -0.32693818211555481
vn -0.94504570960998535 0 -0.32693818211555481
vn -0.32613670825958252 0 0.94532263278961182
vn -0.32613670825958252 0 0.94532263278961182
vn -0.32613670825958252 0 0.94532263278961182
vn -0.32613670825958252 0 0.94532263278961182
vn -0.94509118795394897 0 -0.3268066942691803
vn -0.94509118795394897 0 -0.3268066942691803
vn -0.94509118795394897 0 -0.3268066942691803
vn -0.94509118795394897 0 -0.3268066942691803
vn -0.32820460200309753 0 0.94460666179656982
vn -0.32820460200309753 0 0.94460666179656982
vn -0.32820460200309753 0 0.94460666179656982
vn -0.32820460200309753 0 0.94460666179656982
vn -0.94513362646102905 0 -0.32668399810791016
vn -0.94513362646102905 0 -0.32668399810791016
vn -0.94513362646102905 0 -0.32668399810791016
vn -0.94513362646102905 0 -0.32668399810791016
vn -0.33126336336135864 0 0.94353830814361572
vn -0.33126336336135864 0 0.94353830814361572
vn -0.33126336336135864 0 0.94353830814361572
vn -0.33126336336135864 0 0.94353830814361572
vn 0.54384195804595947 0 0.83918768167495728
vn 0.54384195804595947 0 0.83918768167495728
vn 0.54384195804595947 0 0.83918768167495728
vn 0.54384195804595947 0 0.83918768167495728
vn 0.94497883319854736 0 0.3271314799785614
vn 0.94497883319854736 0 0.3271314799785614
vn 0.94497883319854736 0 0.3271314799785614
vn 0.94497883319854736 0 0.3271314799785614
vn 0 -1 0
vn 0 -1 0
vn 0 -1 0
vn 0 -1 0
vn 0 -1 0
vn 0 -1 0
vn 0 -1 0
vn 0 -1 0
vn 0 -1 0
vn 0 -1 0
vn 0 -1 0
vn 0 -1 0
vn 0 -1 0
vn 0 -1 0
vn 0 -1 0
vn 0 -1 0
vn 0 -1 0
vn 0 -1 0
vn 0 -1 0
vn 0 -1 0
vn 0 -1 0
vn 0 -1 0
vn 0 -1 0
vn 0 -1 0
vn 0 -1 0
vn 0 -1 0
vn 0 1 0
vn 0 1 0
vn 0 1 0
vn 0 1 0
vn 0 1 0
vn 0 1 0
vn 0 1 0
vn 0 1 0
vn 0 1 0
vn 0 1 0
vn 0 1 0
vn 0 1 0
vn 0 1 0
vn 0 1 0
vn 0 1 0
vn 0 1 0
vn 0 1 0
vn 0 1 0
vn 0 1 0
vn 0 1 0
vn 0 1 0
vn 0 1 0
vn 0 1 0
vn 0 1 0
vn 0 1 0
vn 0 1 0
f 1079/1079/1079 1081/1081/1081 1082/1082/1082 1080/1080/1080
f 1083/1083/1083 1085/1085/1085 1086/1086/1086 1084/1084/1084
f 1087/1087/1087 1089/1089/1089 1090/1090/1090 1088/1088/1088
f 1091/1091/1091 1093/1093/1093 1094/1094/1094 1092/1092/1092
f 1095/1095/1095 1097/1097/1097 1098/1098/1098 1096/1096/1096
f 1099/1099/1099 1101/1101/1101 1102/1102/1102 1100/1100/1100
f 1103/1103/1103 1105/1105/1105 1106/1106/1106 1104/1104/1104
f 1107/1107/1107 1109/1109/1109 1110/1110/1110 1108/1108/1108
f 1111/1111/1111 1113/1113/1113 1114/1114/1114 1112/1112/1112
f 1115/1115/1115 1117/1117/1117 1118/1118/1118 1116/1116/1116
f 1119/1119/1119 1121/1121/1121 1122/1122/1122 1120/1120/1120
f 1123/1123/1123 1125/1125/1125 1126/1126/1126 1124/1124/1124
f 1127/1127/1127 1129/1129/1129 1130/1130/1130 1128/1128/1128
f 1131/1131/1131 1133/1133/1133 1134/1134/1134 1132/1132/1132
f 1135/1135/1135 1137/1137/1137 1138/1138/1138 1136/1136/1136
f 1139/1139/1139 1141/1141/1141 1142/1142/1142 1140/1140/1140
f 1143/1143/1143 1145/1145/1145 1146/1146/1146 1144/1144/1144
f 1147/1147/1147 1149/1149/1149 1150/1150/1150 1148/1148/1148
f 1151/1151/1151 1153/1153/1153 1154/1154/1154 1152/1152/1152
f 1155/1155/1155 1157/1157/1157 1158/1158/1158 1156/1156/1156
f 1159/1159/1159 1161/1161/1161 1162/1162/1162 1160/1160/1160
f 1163/1163/1163 1165/1165/1165 1166/1166/1166 1164/1164/1164
f 1167/1167/1167 1169/1169/1169 1170/1170/1170 1168/1168/1168
f 1171/1171/1171 1173/1173/1173 1174/1174/1174 1172/1172/1172
f 1175/1175/1175 1177/1177/1177 1178/1178/1178 1176/1176/1176
f 1179/1179/1179 1181/1181/1181 1182/1182/1182 1180/1180/1180
f 1203/1203/1203 1202/1202/1202 1201/1201/1201
f 1199/1199/1199 1201/1201/1201 1200/1200/1200
f 1205/1205/1205 1204/1204/1204 1203/1203/1203
f 1190/1190/1190 1201/1201/1201 1191/1191/1191
f 1201/1201/1201 1183/1183/1183 1203/1203/1203
f 1198/1198/1198 1197/1197/1197 1199/1199/1199
f 1197/1197/1197 1201/1201/1201 1199/1199/1199
f 1193/1193/1193 1195/1195/1195 1194/1194/1194
f 1197/1197/1197 1196/1196/1196 1195/1195/1195
f 1193/1193/1193 1191/1191/1191 1195/1195/1195
f 1191/1191/1191 1197/1197/1197 1195/1195/1195
f 1197/1197/1197 1191/1191/1191 1201/1201/1201
f 1208/1208/1208 1205/1205/1205 1203/1203/1203
f 1201/1201/1201 1186/1186/1186 1183/1183/1183
f 1183/1183/1183 1208/1208/1208 1203/1203/1203
f 1183/1183/1183 1186/1186/1186 1185/1185/1185
f 1201/1201/1201 1187/1187/1187 1186/1186/1186
f 1208/1208/1208 1207/1207/1207 1205/1205/1205
f 1184/1184/1184 1183/1183/1183 1185/1185/1185
f 1193/1193/1193 1192/1192/1192 1191/1191/1191
f 1187/1187/1187 1189/1189/1189 1188/1188/1188
f 1190/1190/1190 1189/1189/1189 1187/1187/1187
f 1190/1190/1190 1187/1187/1187 1201/1201/1201
f 1205/1205/1205 1207/1207/1207 1206/1206/1206
f 1229/1229/1229 1227/1227/1227 1228/1228/1228
f 1225/1225/1225 1226/1226/1226 1227/1227/1227
f 1231/1231/1231 1229/1229/1229 1230/1230/1230
f 1216/1216/1216 1217/1217/1217 1227/1227/1227
f 1227/1227/1227 1229/1229/1229 1209/1209/1209
f 1224/1224/1224 1225/1225/1225 1223/1223/1223
f 1223/1223/1223 1225/1225/1225 1227/1227/1227
f 1219/1219/1219 1220/1220/1220 1221/1221/1221
f 1223/1223/1223 1221/1221/1221 1222/1222/1222
f 1219/1219/1219 1221/1221/1221 1217/1217/1217
f 1217/1217/1217 1221/1221/1221 1223/1223/1223
f 1223/1223/1223 1227/1227/1227 1217/1217/1217
f 1234/1234/1234 1229/1229/1229 1231/1231/1231
f 1227/1227/1227 1209/1209/1209 1212/1212/1212
f 1209/1209/1209 1229/1229/1229 1234/1234/1234
f 1209/1209/1209 1211/1211/1211 1212/1212/1212
f 1227/1227/1227 1212/1212/1212 1213/1213/1213
f 1234/1234/1234 1231/1231/1231 1233/1233/1233
f 1210/1210/1210 1211/1211/1211 1209/1209/1209
f 1219/1219/1219 1217/1217/1217 1218/1218/1218
f 1213/1213/1213 1214/1214/1214 1215/1215/1215
f 1216/1216/1216 1213/1213/1213 1215/1215/1215
f 1216/1216/1216 1227/1227/1227 1213/1213/1213
f 1231/1231/1231 1232/1232/1232 1233/1233/1233
usemtl Default
v -186.22817993164062 0 28.092555999755859
v -186.22817993164062 8.6999998092651367 28.092555999755859
v -186.14727783203125 0 29.963489532470703
v -186.14727783203125 8.6999998092651367 29.963489532470703
v -186.14727783203125 0 29.963489532470703
v -186.14727783203125 8.6999998092651367 29.963489532470703
v -184.88754272460938 0 31.907444000244141
v -184.88754272460938 8.6999998092651367 31.907444000244141
v -184.88754272460938 0 31.907444000244141
v -184.88754272460938 8.6999998092651367 31.907444000244141
v -157.86514282226562 0 30.343652725219727
v -157.86514282226562 8.6999998092651367 30.343652725219727
v -157.86514282226562 0 30.343652725219727
v -157.86514282226562 8.6999998092651367 30.343652725219727
v -160.1556396484375 0 -3.2570877075195312
v -160.1556396484375 8.6999998092651367 -3.2570877075195312
v -160.1556396484375 0 -3.2570877075195312
v -160.1556396484375 8.6999998092651367 -3.2570877075195312
v -160.88140869140625 0 -5.7274236679077148
v -160.88140869140625 8.6999998092651367 -5.7274236679077148
v -160.88140869140625 0 -5.7274236679077148
v -160.88140869140625 8.6999998092651367 -5.7274236679077148
v -162.73135375976562 0 -7.8472418785095215
v -162.73135375976562 8.6999998092651367 -7.8472418785095215
v -162.73135375976562 0 -7.8472418785095215
v -162.73135375976562 8.6999998092651367 -7.8472418785095215
v -165.45216369628906 0 -8.8496265411376953
v -165.45216369628906 8.6999998092651367 -8.8496265411376953
v -165.45216369628906 0 -8.8496265411376953
v -165.45216369628906 8.6999998092651367 -8.8496265411376953
v -168.79484558105469 0 -8.9143743515014648
v -168.79484558105469 8.6999998092651367 -8.9143743515014648
v -168.79484558105469 0 -8.9143743515014648
v -168.79484558105469 8.6999998092651367 -8.9143743515014648
v -196.91058349609375 0 -0.3744257390499115
v -196.91058349609375 8.6999998092651367 -0.3744257390499115
v -196.91058349609375 0 -0.3744257390499115
v -196.91058349609375 8.6999998092651367 -0.3744257390499115
v -199.09599304199219 0 1.0048623085021973
v -199.09599304199219 8.6999998092651367 1.0048623085021973
v -199.09599304199219 0 1.0048623085021973
v -199.09599304199219 8.6999998092651367 1.0048623085021973
v -200.4739990234375 0 3.1515209674835205
v -200.4739990234375 8.6999998092651367 3.1515209674835205
v -200.4739990234375 0 3.1515209674835205
v -200.4739990234375 8.6999998092651367 3.1515209674835205
v -201.08448791503906 0 5.713437557220459
v -201.08448791503906 8.6999998092651367 5.713437557220459
v -201.08448791503906 0 5.713437557220459
v -201.08448791503906 8.6999998092651367 5.713437557220459
v -199.99114990234375 0 8.6003904342651367
v -199.99114990234375 8.6999998092651367 8.6003904342651367
v -199.99114990234375 0 8.6003904342651367
v -199.99114990234375 8.6999998092651367 8.6003904342651367
v -187.34785461425781 0 28.11082649230957
v -187.34785461425781 8.6999998092651367 28.11082649230957
v -187.34785461425781 0 28.11082649230957
v -187.34785461425781 8.6999998092651367 28.11082649230957
v -186.22817993164062 0 28.092555999755859
v -186.22817993164062 8.6999998092651367 28.092555999755859
v -186.22817993164062 0 28.092555999755859
v -186.14727783203125 0 29.963489532470703
v -184.88754272460938 0 31.907444000244141
v -157.86514282226562 0 30.343652725219727
v -160.1556396484375 0 -3.2570877075195312
v -160.88140869140625 0 -5.7274236679077148
v -162.73135375976562 0 -7.8472418785095215
v -165.45216369628906 0 -8.8496265411376953
v -168.79484558105469 0 -8.9143743515014648
v -196.91058349609375 0 -0.3744257390499115
v -199.09599304199219 0 1.0048623085021973
v -200.4739990234375 0 3.1515209674835205
v -201.08448791503906 0 5.713437557220459
v -199.99114990234375 0 8.6003904342651367
v -187.34785461425781 0 28.11082649230957
v -186.22817993164062 8.6999998092651367 28.092555999755859
v -186.14727783203125 8.6999998092651367 29.963489532470703
v -184.88754272460938 8.6999998092651367 31.907444000244141
v -157.86514282226562 8.6999998092651367 30.343652725219727
v -160.1556396484375 8.6999998092651367 -3.2570877075195312
v -160.88140869140625 8.6999998092651367 -5.7274236679077148
v -162.73135375976562 8.6999998092651367 -7.8472418785095215
v -165.45216369628906 8.6999998092651367 -8.8496265411376953
v -168.79484558105469 8.6999998092651367 -8.9143743515014648
v -196.91058349609375 8.6999998092651367 -0.3744257390499115
v -199.09599304199219 8.6999998092651367 1.0048623085021973
v -200.4739990234375 8.6999998092651367 3.1515209674835205
v -201.08448791503906 8.6999998092651367 5.713437557220459
v -199.99114990234375 8.6999998092651367 8.6003904342651367
v -187.34785461425781 8.6999998092651367 28.11082649230957
vt 0 0
vt 0 0.54813694953918457
vt 0.066666670143604279 0
vt 0.066666670143604279 0.54813694953918457
vt 0.066666670143604279 0
vt 0.066666670143604279 0.54813694953918457
vt 0.13333334028720856 0
vt 0.13333334028720856 0.54813694953918457
vt 0.13333334028720856 0
vt 0.13333334028720856 0.54813694953918457
vt 0.20000000298023224 0
vt 0.20000000298023224 0.54813694953918457
vt 0.20000000298023224 0
vt 0.20000000298023224 0.54813694953918457
vt 0.26666668057441711 0
vt 0.26666668057441711 0.54813694953918457
vt 0.26666668057441711 0
vt 0.26666668057441711 0.54813694953918457
vt 0.3333333432674408 0
vt 0.3333333432674408 0.54813694953918457
vt 0.3333333432674408 0
vt 0.3333333432674408 0.54813694953918457
vt 0.40000000596046448 0
vt 0.40000000596046448 0.54813694953918457
vt 0.40000000596046448 0
vt 0.40000000596046448 0.54813694953918457
vt 0.46666666865348816 0
vt 0.46666666865348816 0.54813694953918457
vt 0.46666666865348816 0
vt 0.46666666865348816 0.54813694953918457
vt 0.53333336114883423 0
vt 0.53333336114883423 0.54813694953918457
vt 0.53333336114883423 0
vt 0.53333336114883423 0.54813694953918457
vt 0.60000002384185791 0
vt 0.60000002384185791 0.54813694953918457
vt 0.60000002384185791 0
vt 0.60000002384185791 0.54813694953918457
vt 0.66666668653488159 0
vt 0.66666668653488159 0.54813694953918457
vt 0.66666668653488159 0
vt 0.66666668653488159 0.54813694953918457
vt 0.73333334922790527 0
vt 0.73333334922790527 0.54813694953918457
vt 0.73333334922790527 0
vt 0.73333334922790527 0.54813694953918457
vt 0.80000001192092896 0
vt 0.80000001192092896 0.54813694953918457
vt 0.80000001192092896 0
vt 0.80000001192092896 0.54813694953918457
vt 0.86666667461395264 0
vt 0.86666667461395264 0.54813694953918457
vt 0.86666667461395264 0
vt 0.86666667461395264 0.54813694953918457
vt 0.93333333730697632 0
vt 0.93333333730697632 0.54813694953918457
vt 0.93333333730697632 0
vt 0.93333333730697632 0.54813694953918457
vt 1 0
vt 1 0.54813694953918457
vt 0.21023638546466827 0.98896795511245728
vt 0.22158755362033844 0.99969065189361572
vt 0.23799462616443634 1
vt 0.33479669690132141 0.74144917726516724
vt 0.12765084207057953 0.55659288167953491
vt 0.11023449897766113 0.54813748598098755
vt 0.090474575757980347 0.55218786001205444
vt 0.073887728154659271 0.57111132144927979
vt 0.060390599071979523 0.60151159763336182
vt 0.00044033871381543577 0.91289669275283813
vt 0 0.94148600101470947
vt 0.0072530792094767094 0.96734023094177246
vt 0.019966555759310722 0.98866844177246094
vt 0.041282035410404205 0.99629110097885132
vt 0.20595099031925201 0.99939584732055664
vt 0.21023638546466827 0.55916953086853027
vt 0.22158755362033844 0.54844683408737183
vt 0.23799462616443634 0.54813748598098755
vt 0.33479669690132141 0.80668830871582031
vt 0.12765084207057953 0.99154460430145264
vt 0.11023449897766113 1
vt 0.090474575757980347 0.99594962596893311
vt 0.073887728154659271 0.97702616453170776
vt 0.060390599071979523 0.94662588834762573
vt 0.00044033871381543577 0.63524079322814941
vt 0 0.60665148496627808
vt 0.0072530792094767094 0.58079725503921509
vt 0.019966555759310722 0.55946904420852661
vt 0.041282035410404205 0.55184638500213623
vt 0.20595099031925201 0.54874163866043091
vn -0.99906635284423828 0 0.043201833963394165
vn -0.99906635284423828 0 0.043201833963394165
vn -0.99906635284423828 0 0.043201833963394165
vn -0.99906635284423828 0 0.043201833963394165
vn -0.83919906616210938 0 0.54382437467575073
vn -0.83919906616210938 0 0.54382437467575073
vn -0.83919906616210938 0 0.54382437467575073
vn -0.83919906616210938 0 0.54382437467575073
vn 0.057773590087890625 0 0.99832969903945923
vn 0.057773590087890625 0 0.99832969903945923
vn 0.057773590087890625 0 0.99832969903945923
vn 0.057773590087890625 0 0.99832969903945923
vn 0.99768465757369995 0 -0.068010114133358002
vn 0.99768465757369995 0 -0.068010114133358002
vn 0.99768465757369995 0 -0.068010114133358002
vn 0.99768465757369995 0 -0.068010114133358002
vn 0.95944893360137939 0 -0.28188243508338928
vn 0.95944893360137939 0 -0.28188243508338928
vn 0.95944893360137939 0 -0.28188243508338928
vn 0.95944893360137939 0 -0.28188243508338928
vn 0.75343924760818481 0 -0.65751755237579346
vn 0.75343924760818481 0 -0.65751755237579346
vn 0.75343924760818481 0 -0.65751755237579346
vn 0.75343924760818481 0 -0.65751755237579346
vn 0.34569907188415527 0 -0.93834543228149414
vn 0.34569907188415527 0 -0.93834543228149414
vn 0.34569907188415527 0 -0.93834543228149414
vn 0.34569907188415527 0 -0.93834543228149414
vn 0.019366370514035225 0 -0.99981248378753662
vn 0.019366370514035225 0 -0.99981248378753662
vn 0.019366370514035225 0 -0.99981248378753662
vn 0.019366370514035225 0 -0.99981248378753662
vn -0.29063171148300171 0 -0.95683497190475464
vn -0.29063171148300171 0 -0.95683497190475464
vn -0.29063171148300171 0 -0.95683497190475464
vn -0.29063171148300171 0 -0.95683497190475464
vn -0.53372418880462646 0 -0.84565860033035278
vn -0.53372418880462646 0 -0.84565860033035278
vn -0.53372418880462646 0 -0.84565860033035278
vn -0.53372418880462646 0 -0.84565860033035278
vn -0.84153139591217041 0 -0.54020816087722778
vn -0.84153139591217041 0 -0.54020816087722778
vn -0.84153139591217041 0 -0.54020816087722778
vn -0.84153139591217041 0 -0.54020816087722778
vn -0.9727623462677002 0 -0.23180468380451202
vn -0.9727623462677002 0 -0.23180468380451202
vn -0.9727623462677002 0 -0.23180468380451202
vn -0.9727623462677002 0 -0.23180468380451202
vn -0.93518131971359253 0 0.3541693389415741
vn -0.93518131971359253 0 0.3541693389415741
vn -0.93518131971359253 0 0.3541693389415741
vn -0.93518131971359253 0 0.3541693389415741
vn -0.83919906616210938 0 0.54382437467575073
vn -0.83919906616210938 0 0.54382437467575073
vn -0.83919906616210938 0 0.54382437467575073
vn -0.83919906616210938 0 0.54382437467575073
vn 0.01631464809179306 0 0.99986690282821655
vn 0.01631464809179306 0 0.99986690282821655
vn 0.01631464809179306 0 0.99986690282821655
vn 0.01631464809179306 0 0.99986690282821655
vn 0 -1 0
vn 0 -1 0
vn 0 -1 0
vn 0 -1 0
vn 0 -1 0
vn 0 -1 0
vn 0 -1 0
vn 0 -1 0
vn 0 -1 0
vn 0 -1 0
vn 0 -1 0
vn 0 -1 0
vn 0 -1 0
vn 0 -1 0
vn 0 -1 0
vn 0 1 0
vn 0 1 0
vn 0 1 0
vn 0 1 0
vn 0 1 0
vn 0 1 0
vn 0 1 0
vn 0 1 0
vn 0 1 0
vn 0 1 0
vn 0 1 0
vn 0 1 0
vn 0 1 0
vn 0 1 0
vn 0 1 0
f 1235/1235/1235 1237/1237/1237 1238/1238/1238 1236/1236/1236
f 1239/1239/1239 1241/1241/1241 1242/1242/1242 1240/1240/1240
f 1243/1243/1243 1245/1245/1245 1246/1246/1246 1244/1244/1244
f 1247/1247/1247 1249/1249/1249 1250/1250/1250 1248/1248/1248
f 1251/1251/1251 1253/1253/1253 1254/1254/1254 1252/1252/1252
f 1255/1255/1255 1257/1257/1257 1258/1258/1258 1256/1256/1256
f 1259/1259/1259 1261/1261/1261 1262/1262/1262 1260/1260/1260
f 1263/1263/1263 1265/1265/1265 1266/1266/1266 1264/1264/1264
f 1267/1267/1267 1269/1269/1269 1270/1270/1270 1268/1268/1268
f 1271/1271/1271 1273/1273/1273 1274/1274/1274 1272/1272/1272
f 1275/1275/1275 1277/1277/1277 1278/1278/1278 1276/1276/1276
f 1279/1279/1279 1281/1281/1281 1282/1282/1282 1280/1280/1280
f 1283/1283/1283 1285/1285/1285 1286/1286/1286 1284/1284/1284
f 1287/1287/1287 1289/1289/1289 1290/1290/1290 1288/1288/1288
f 1291/1291/1291 1293/1293/1293 1294/1294/1294 1292/1292/1292
f 1308/1308/1308 1307/1307/1307 1306/1306/1306
f 1304/1304/1304 1308/1308/1308 1306/1306/1306
f 1304/1304/1304 1306/1306/1306 1305/1305/1305
f 1304/1304/1304 1303/1303/1303 1295/1295/1295
f 1303/1303/1303 1302/1302/1302 1299/1299/1299
f 1308/1308/1308 1304/1304/1304 1295/1295/1295
f 1295/1295/1295 1303/1303/1303 1299/1299/1299
f 1295/1295/1295 1297/1297/1297 1296/1296/1296
f 1298/1298/1298 1297/1297/1297 1295/1295/1295
f 1300/1300/1300 1302/1302/1302 1301/1301/1301
f 1300/1300/1300 1299/1299/1299 1302/1302/1302
f 1299/1299/1299 1298/1298/1298 1295/1295/1295
f 1309/1309/1309 1308/1308/1308 1295/1295/1295
f 1323/1323/1323 1321/1321/1321 1322/1322/1322
f 1319/1319/1319 1321/1321/1321 1323/1323/1323
f 1319/1319/1319 1320/1320/1320 1321/1321/1321
f 1319/1319/1319 1310/1310/1310 1318/1318/1318
f 1318/1318/1318 1314/1314/1314 1317/1317/1317
f 1323/1323/1323 1310/1310/1310 1319/1319/1319
f 1310/1310/1310 1314/1314/1314 1318/1318/1318
f 1310/1310/1310 1311/1311/1311 1312/1312/1312
f 1313/1313/1313 1310/1310/1310 1312/1312/1312
f 1315/1315/1315 1316/1316/1316 1317/1317/1317
f 1315/1315/1315 1317/1317/1317 1314/1314/1314
f 1314/1314/1314 1310/1310/1310 1313/1313/1313
f 1324/1324/1324 1310/1310/1310 1323/1323/1323
usemtl Default
v 14.228557586669922 0 -184.39045715332031
v 14.228557586669922 23.5 -184.39045715332031
v 15.152917861938477 0 -182.87850952148438
v 15.152917861938477 23.5 -182.87850952148438
v 15.152917861938477 0 -182.87850952148438
v 15.152917861938477 23.5 -182.87850952148438
v -19.258930206298828 0 -162.3126220703125
v -19.258930206298828 23.5 -162.3126220703125
v -19.258930206298828 0 -162.3126220703125
v -19.258930206298828 23.5 -162.3126220703125
v -16.638492584228516 0 -155.46549987792969
v -16.638492584228516 23.5 -155.46549987792969
v -16.638492584228516 0 -155.46549987792969
v -16.638492584228516 23.5 -155.46549987792969
v -10.161720275878906 0 -144.48138427734375
v -10.161720275878906 23.5 -144.48138427734375
v -10.161720275878906 0 -144.48138427734375
v -10.161720275878906 23.5 -144.48138427734375
v -19.115421295166016 0 -140.80189514160156
v -19.115421295166016 23.5 -140.80189514160156
v -19.115421295166016 0 -140.80189514160156
v -19.115421295166016 23.5 -140.80189514160156
v -12.41948127746582 0 -129.61222839355469
v -12.41948127746582 23.5 -129.61222839355469
v -12.41948127746582 0 -129.61222839355469
v -12.41948127746582 23.5 -129.61222839355469
v -7.764005184173584 0 -132.67695617675781
v -7.764005184173584 23.5 -132.67695617675781
v -7.764005184173584 0 -132.67695617675781
v -7.764005184173584 23.5 -132.67695617675781
v -2.7564027309417725 0 -122.0947265625
v -2.7564027309417725 23.5 -122.0947265625
v -2.7564027309417725 0 -122.0947265625
v -2.7564027309417725 23.5 -122.0947265625
v 21.197162628173828 0 -127.24643707275391
v 21.197162628173828 23.5 -127.24643707275391
v 21.197162628173828 0 -127.24643707275391
v 21.197162628173828 23.5 -127.24643707275391
v 50.233436584472656 0 -143.76686096191406
v 50.233436584472656 23.5 -143.76686096191406
v 50.233436584472656 0 -143.76686096191406
v 50.233436584472656 23.5 -143.76686096191406
v 41.922466278076172 0 -157.48112487792969
v 41.922466278076172 23.5 -157.48112487792969
v 41.922466278076172 0 -157.48112487792969
v 41.922466278076172 23.5 -157.48112487792969
v 49.260612487792969 0 -162.07035827636719
v 49.260612487792969 23.5 -162.07035827636719
v 49.260612487792969 0 -162.07035827636719
v 49.260612487792969 23.5 -162.07035827636719
v 40.850849151611328 0 -177.16783142089844
v 40.850849151611328 23.5 -177.16783142089844
v 35.058429718017578 0 -187.26904296875
v 35.058429718017578 23.5 -187.26904296875
v 35.058429718017578 0 -187.26904296875
v 35.058429718017578 23.5 -187.26904296875
v 42.012935638427734 0 -191.06578063964844
v 42.012935638427734 23.5 -191.06578063964844
v 42.012935638427734 0 -191.06578063964844
v 42.012935638427734 23.5 -191.06578063964844
v 39.331459045410156 0 -195.9559326171875
v 39.331459045410156 23.5 -195.9559326171875
v 39.331459045410156 0 -195.9559326171875
v 39.331459045410156 23.5 -195.9559326171875
v 32.751102447509766 0 -194.52178955078125
v 32.751102447509766 23.5 -194.52178955078125
v 32.751102447509766 0 -194.52178955078125
v 32.751102447509766 23.5 -194.52178955078125
v 27.89385986328125 0 -192.821533203125
v 27.89385986328125 23.5 -192.821533203125
v 27.89385986328125 0 -192.821533203125
v 27.89385986328125 23.5 -192.821533203125
v 22.609310150146484 0 -190.0885009765625
v 22.609310150146484 23.5 -190.0885009765625
v 22.609310150146484 0 -190.0885009765625
v 22.609310150146484 23.5 -190.0885009765625
v 14.228557586669922 0 -184.39045715332031
v 14.228557586669922 23.5 -184.39045715332031
v 14.228557586669922 0 -184.39045715332031
v 15.152917861938477 0 -182.87850952148438
v -19.258930206298828 0 -162.3126220703125
v -16.638492584228516 0 -155.46549987792969
v -10.161720275878906 0 -144.48138427734375
v -19.115421295166016 0 -140.80189514160156
v -12.41948127746582 0 -129.61222839355469
v -7.764005184173584 0 -132.67695617675781
v -2.7564027309417725 0 -122.0947265625
v 21.197162628173828 0 -127.24643707275391
v 50.233436584472656 0 -143.76686096191406
v 41.922466278076172 0 -157.48112487792969
v 49.260612487792969 0 -162.07035827636719
v 40.850849151611328 0 -177.16783142089844
v 35.058429718017578 0 -187.26904296875
v 42.012935638427734 0 -191.06578063964844
v 39.331459045410156 0 -195.9559326171875
v 32.751102447509766 0 -194.52178955078125
v 27.89385986328125 0 -192.821533203125
v 22.609310150146484 0 -190.0885009765625
v 14.228557586669922 23.5 -184.39045715332031
v 15.152917861938477 23.5 -182.87850952148438
v -19.258930206298828 23.5 -162.3126220703125
v -16.638492584228516 23.5 -155.46549987792969
v -10.161720275878906 23.5 -144.48138427734375
v -19.115421295166016 23.5 -140.80189514160156
v -12.41948127746582 23.5 -129.61222839355469
v -7.764005184173584 23.5 -132.67695617675781
v -2.7564027309417725 23.5 -122.0947265625
v 21.197162628173828 23.5 -127.24643707275391
v 50.233436584472656 23.5 -143.76686096191406
v 41.922466278076172 23.5 -157.48112487792969
v 49.260612487792969 23.5 -162.07035827636719
v 40.850849151611328 23.5 -177.16783142089844
v 35.058429718017578 23.5 -187.26904296875
v 42.012935638427734 23.5 -191.06578063964844
v 39.331459045410156 23.5 -195.9559326171875
v 32.751102447509766 23.5 -194.52178955078125
v 27.89385986328125 23.5 -192.821533203125
v 22.609310150146484 23.5 -190.0885009765625
vt 0 0
vt 0 0.5894438624382019
vt 0.05000000074505806 0
vt 0.05000000074505806 0.5894438624382019
vt 0.05000000074505806 0
vt 0.05000000074505806 0.5894438624382019
vt 0.10000000149011612 0
vt 0.10000000149011612 0.5894438624382019
vt 0.10000000149011612 0
vt 0.10000000149011612 0.5894438624382019
vt 0.15000000596046448 0
vt 0.15000000596046448 0.5894438624382019
vt 0.15000000596046448 0
vt 0.15000000596046448 0.5894438624382019
vt 0.20000000298023224 0
vt 0.20000000298023224 0.5894438624382019
vt 0.20000000298023224 0
vt 0.20000000298023224 0.5894438624382019
vt 0.25 0
vt 0.25 0.5894438624382019
vt 0.25 0
vt 0.25 0.5894438624382019
vt 0.30000001192092896 0
vt 0.30000001192092896 0.5894438624382019
vt 0.30000001192092896 0
vt 0.30000001192092896 0.5894438624382019
vt 0.34999999403953552 0
vt 0.34999999403953552 0.5894438624382019
vt 0.34999999403953552 0
vt 0.34999999403953552 0.5894438624382019
vt 0.40000000596046448 0
vt 0.40000000596046448 0.5894438624382019
vt 0.40000000596046448 0
vt 0.40000000596046448 0.5894438624382019
vt 0.44999998807907104 0
vt 0.44999998807907104 0.5894438624382019
vt 0.44999998807907104 0
vt 0.44999998807907104 0.5894438624382019
vt 0.5 0
vt 0.5 0.5894438624382019
vt 0.5 0
vt 0.5 0.5894438624382019
vt 0.55000001192092896 0
vt 0.55000001192092896 0.5894438624382019
vt 0.55000001192092896 0
vt 0.55000001192092896 0.5894438624382019
vt 0.60000002384185791 0
vt 0.60000002384185791 0.5894438624382019
vt 0.60000002384185791 0
vt 0.60000002384185791 0.5894438624382019
vt 0.64999997615814209 0
vt 0.64999997615814209 0.5894438624382019
vt 0.69999998807907104 0
vt 0.69999998807907104 0.5894438624382019
vt 0.69999998807907104 0
vt 0.69999998807907104 0.5894438624382019
vt 0.75 0
vt 0.75 0.5894438624382019
vt 0.75 0
vt 0.75 0.5894438624382019
vt 0.80000001192092896 0
vt 0.80000001192092896 0.5894438624382019
vt 0.80000001192092896 0
vt 0.80000001192092896 0.5894438624382019
vt 0.85000002384185791 0
vt 0.85000002384185791 0.5894438624382019
vt 0.85000002384185791 0
vt 0.85000002384185791 0.5894438624382019
vt 0.89999997615814209 0
vt 0.89999997615814209 0.5894438624382019
vt 0.89999997615814209 0
vt 0.89999997615814209 0.5894438624382019
vt 0.94999998807907104 0
vt 0.94999998807907104 0.5894438624382019
vt 0.94999998807907104 0
vt 0.94999998807907104 0.5894438624382019
vt 1 0
vt 1 0.5894438624382019
vt 0.10711052268743515 0.99872362613677979
vt 0.1073768138885498 0.98524361848831177
vt 0.26444429159164429 1
vt 0.27076351642608643 0.94555526971817017
vt 0.27347728610038757 0.84863078594207764
vt 0.31071308255195618 0.86306458711624146
vt 0.31315767765045166 0.76391321420669556
vt 0.29129487276077271 0.76370680332183838
vt 0.29793345928192139 0.67552429437637329
vt 0.20851200819015503 0.60717380046844482
vt 0.077789947390556335 0.58944445848464966
vt 0.075134411454200745 0.71140599250793457
vt 0.041198078542947769 0.70955002307891846
vt 0.035859838128089905 0.84069454669952393
vt 0.032829433679580688 0.9291377067565918
vt 0.0018678874475881457 0.92387676239013672
vt 0 0.96617609262466431
vt 0.024606311693787575 0.98483306169509888
vt 0.04416343942284584 0.99453788995742798
vt 0.067360043525695801 0.99949896335601807
vt 0.10711052268743515 0.59072083234786987
vt 0.1073768138885498 0.60420083999633789
vt 0.26444429159164429 0.58944445848464966
vt 0.27076351642608643 0.64388918876647949
vt 0.27347728610038757 0.74081367254257202
vt 0.31071308255195618 0.7263798713684082
vt 0.31315767765045166 0.8255312442779541
vt 0.29129487276077271 0.82573765516281128
vt 0.29793345928192139 0.91392016410827637
vt 0.20851200819015503 0.98227065801620483
vt 0.077789947390556335 1
vt 0.075134411454200745 0.87803846597671509
vt 0.041198078542947769 0.87989437580108643
vt 0.035859838128089905 0.74874991178512573
vt 0.032829433679580688 0.66030675172805786
vt 0.0018678874475881457 0.66556769609451294
vt 0 0.62326836585998535
vt 0.024606311693787575 0.60461139678955078
vt 0.04416343942284584 0.59490656852722168
vt 0.067360043525695801 0.58994549512863159
vn -0.85318320989608765 0 0.52161139249801636
vn -0.85318320989608765 0 0.52161139249801636
vn -0.85318320989608765 0 0.52161139249801636
vn -0.85318320989608765 0 0.52161139249801636
vn -0.51300513744354248 0 -0.85838550329208374
vn -0.51300513744354248 0 -0.85838550329208374
vn -0.51300513744354248 0 -0.85838550329208374
vn -0.51300513744354248 0 -0.85838550329208374
vn -0.93394166231155396 0 0.35742548108100891
vn -0.93394166231155396 0 0.35742548108100891
vn -0.93394166231155396 0 0.35742548108100891
vn -0.93394166231155396 0 0.35742548108100891
vn -0.86140161752700806 0 0.50792449712753296
vn -0.86140161752700806 0 0.50792449712753296
vn -0.86140161752700806 0 0.50792449712753296
vn -0.86140161752700806 0 0.50792449712753296
vn -0.38010174036026001 0 -0.92494469881057739
vn -0.38010174036026001 0 -0.92494469881057739
vn -0.38010174036026001 0 -0.92494469881057739
vn -0.38010174036026001 0 -0.92494469881057739
vn -0.8580966591835022 0 0.51348823308944702
vn -0.8580966591835022 0 0.51348823308944702
vn -0.8580966591835022 0 0.51348823308944702
vn -0.8580966591835022 0 0.51348823308944702
vn 0.54985493421554565 0 0.83526015281677246
vn 0.54985493421554565 0 0.83526015281677246
vn 0.54985493421554565 0 0.83526015281677246
vn 0.54985493421554565 0 0.83526015281677246
vn -0.90390390157699585 0 0.4277355968952179
vn -0.90390390157699585 0 0.4277355968952179
vn -0.90390390157699585 0 0.4277355968952179
vn -0.90390390157699585 0 0.4277355968952179
vn 0.21026258170604706 0 0.97764492034912109
vn 0.21026258170604706 0 0.97764492034912109
vn 0.21026258170604706 0 0.97764492034912109
vn 0.21026258170604706 0 0.97764492034912109
vn 0.49451947212219238 0 0.86916655302047729
vn 0.49451947212219238 0 0.86916655302047729
vn 0.49451947212219238 0 0.86916655302047729
vn 0.49451947212219238 0 0.86916655302047729
vn 0.8552173376083374 0 -0.51826947927474976
vn 0.8552173376083374 0 -0.51826947927474976
vn 0.8552173376083374 0 -0.51826947927474976
vn 0.8552173376083374 0 -0.51826947927474976
vn 0.53023922443389893 0 0.84784805774688721
vn 0.53023922443389893 0 0.84784805774688721
vn 0.53023922443389893 0 0.84784805774688721
vn 0.53023922443389893 0 0.84784805774688721
vn 0.87360930442810059 0 -0.4866279661655426
vn 0.87360930442810059 0 -0.4866279661655426
vn 0.86749118566513062 0 -0.49745255708694458
vn 0.86749118566513062 0 -0.49745255708694458
vn 0.86749118566513062 0 -0.49745255708694458
vn 0.86749118566513062 0 -0.49745255708694458
vn 0.47918012738227844 0 0.87771660089492798
vn 0.47918012738227844 0 0.87771660089492798
vn 0.47918012738227844 0 0.87771660089492798
vn 0.47918012738227844 0 0.87771660089492798
vn 0.87682962417602539 0 -0.48080125451087952
vn 0.87682962417602539 0 -0.48080125451087952
vn 0.87682962417602539 0 -0.48080125451087952
vn 0.87682962417602539 0 -0.48080125451087952
vn -0.21294394135475159 0 -0.97706443071365356
vn -0.21294394135475159 0 -0.97706443071365356
vn -0.21294394135475159 0 -0.97706443071365356
vn -0.21294394135475159 0 -0.97706443071365356
vn -0.33038967847824097 0 -0.94384461641311646
vn -0.33038967847824097 0 -0.94384461641311646
vn -0.33038967847824097 0 -0.94384461641311646
vn -0.33038967847824097 0 -0.94384461641311646
vn -0.45937606692314148 0 -0.88824188709259033
vn -0.45937606692314148 0 -0.88824188709259033
vn -0.45937606692314148 0 -0.88824188709259033
vn -0.45937606692314148 0 -0.88824188709259033
vn -0.56225180625915527 0 -0.82696610689163208
vn -0.56225180625915527 0 -0.82696610689163208
vn -0.56225180625915527 0 -0.82696610689163208
vn -0.56225180625915527 0 -0.82696610689163208
vn 0 -1 0
vn 0 -1 0
vn 0 -1 0
vn 0 -1 0
vn 0 -1 0
vn 0 -1 0
vn 0 -1 0
vn 0 -1 0
vn 0 -1 0
vn 0 -1 0
vn 0 -1 0
vn 0 -1 0
vn 0 -1 0
vn 0 -1 0
vn 0 -1 0
vn 0 -1 0
vn 0 -1 0
vn 0 -1 0
vn 0 -1 0
vn 0 -1 0
vn 0 1 0
vn 0 1 0
vn 0 1 0
vn 0 1 0
vn 0 1 0
vn 0 1 0
vn 0 1 0
vn 0 1 0
vn 0 1 0
vn 0 1 0
vn 0 1 0
vn 0 1 0
vn 0 1 0
vn 0 1 0
vn 0 1 0
vn 0 1 0
vn 0 1 0
vn 0 1 0
vn 0 1 0
vn 0 1 0
f 1325/1325/1325 1327/1327/1327 1328/1328/1328 1326/1326/1326
f 1329/1329/1329 1331/1331/1331 1332/1332/1332 1330/1330/1330
f 1333/1333/1333 1335/1335/1335 1336/1336/1336 1334/1334/1334
f 1337/1337/1337 1339/1339/1339 1340/1340/1340 1338/1338/1338
f 1341/1341/1341 1343/1343/1343 1344/1344/1344 1342/1342/1342
f 1345/1345/1345 1347/1347/1347 1348/1348/1348 1346/1346/1346
f 1349/1349/1349 1351/1351/1351 1352/1352/1352 1350/1350/1350
f 1353/1353/1353 1355/1355/1355 1356/1356/1356 1354/1354/1354
f 1357/1357/1357 1359/1359/1359 1360/1360/1360 1358/1358/1358
f 1361/1361/1361 1363/1363/1363 1364/1364/1364 1362/1362/1362
f 1365/1365/1365 1367/1367/1367 1368/1368/1368 1366/1366/1366
f 1369/1369/1369 1371/1371/1371 1372/1372/1372 1370/1370/1370
f 1373/1373/1373 1375/1375/1375 1376/1376/1376 1374/1374/1374
f 1375/1375/1375 1377/1377/1377 1378/1378/1378 1376/1376/1376
f 1379/1379/1379 1381/1381/1381 1382/1382/1382 1380/1380/1380
f 1383/1383/1383 1385/1385/1385 1386/1386/1386 1384/1384/1384
f 1387/1387/1387 1389/1389/1389 1390/1390/1390 1388/1388/1388
f 1391/1391/1391 1393/1393/1393 1394/1394/1394 1392/1392/1392
f 1395/1395/1395 1397/1397/1397 1398/1398/1398 1396/1396/1396
f 1399/1399/1399 1401/1401/1401 1402/1402/1402 1400/1400/1400
f 1406/1406/1406 1405/1405/1405 1404/1404/1404
f 1416/1416/1416 1404/1404/1404 1417/1417/1417
f 1422/1422/1422 1404/1404/1404 1403/1403/1403
f 1417/1417/1417 1404/1404/1404 1422/1422/1422
f 1417/1417/1417 1421/1421/1421 1420/1420/1420
f 1418/1418/1418 1417/1417/1417 1419/1419/1419
f 1420/1420/1420 1419/1419/1419 1417/1417/1417
f 1417/1417/1417 1422/1422/1422 1421/1421/1421
f 1406/1406/1406 1404/1404/1404 1407/1407/1407
f 1407/1407/1407 1404/1404/1404 1414/1414/1414
f 1410/1410/1410 1408/1408/1408 1407/1407/1407
f 1412/1412/1412 1410/1410/1410 1407/1407/1407
f 1408/1408/1408 1410/1410/1410 1409/1409/1409
f 1411/1411/1411 1410/1410/1410 1412/1412/1412
f 1415/1415/1415 1414/1414/1414 1416/1416/1416
f 1416/1416/1416 1414/1414/1414 1404/1404/1404
f 1412/1412/1412 1414/1414/1414 1413/1413/1413
f 1414/1414/1414 1412/1412/1412 1407/1407/1407
f 1426/1426/1426 1424/1424/1424 1425/1425/1425
f 1436/1436/1436 1437/1437/1437 1424/1424/1424
f 1442/1442/1442 1423/1423/1423 1424/1424/1424
f 1437/1437/1437 1442/1442/1442 1424/1424/1424
f 1437/1437/1437 1440/1440/1440 1441/1441/1441
f 1438/1438/1438 1439/1439/1439 1437/1437/1437
f 1440/1440/1440 1437/1437/1437 1439/1439/1439
f 1437/1437/1437 1441/1441/1441 1442/1442/1442
f 1426/1426/1426 1427/1427/1427 1424/1424/1424
f 1427/1427/1427 1434/1434/1434 1424/1424/1424
f 1430/1430/1430 1427/1427/1427 1428/1428/1428
f 1432/1432/1432 1427/1427/1427 1430/1430/1430
f 1428/1428/1428 1429/1429/1429 1430/1430/1430
f 1431/1431/1431 1432/1432/1432 1430/1430/1430
f 1435/1435/1435 1436/1436/1436 1434/1434/1434
f 1436/1436/1436 1424/1424/1424 1434/1434/1434
f 1432/1432/1432 1433/1433/1433 1434/1434/1434
f 1434/1434/1434 1427/1427/1427 1432/1432/1432
usemtl Default
v -12.41948127746582 0 -129.61222839355469
v -12.41948127746582 14 -129.61222839355469
v -15.543026924133301 0 -127.57157897949219
v -15.543026924133301 14 -127.57157897949219
v -15.543026924133301 0 -127.57157897949219
v -15.543026924133301 14 -127.57157897949219
v -12.962052345275879 0 -122.23828887939453
v -12.962052345275879 14 -122.23828887939453
v -12.962052345275879 0 -122.23828887939453
v -12.962052345275879 14 -122.23828887939453
v -2.7564027309417725 0 -122.0947265625
v -2.7564027309417725 14 -122.0947265625
v -2.7564027309417725 0 -122.0947265625
v -2.7564027309417725 14 -122.0947265625
v -7.764005184173584 0 -132.67695617675781
v -7.764005184173584 14 -132.67695617675781
v -7.764005184173584 0 -132.67695617675781
v -7.764005184173584 14 -132.67695617675781
v -12.41948127746582 0 -129.61222839355469
v -12.41948127746582 14 -129.61222839355469
v -12.41948127746582 0 -129.61222839355469
v -15.543026924133301 0 -127.57157897949219
v -12.962052345275879 0 -122.23828887939453
v -2.7564027309417725 0 -122.0947265625
v -7.764005184173584 0 -132.67695617675781
v -12.41948127746582 14 -129.61222839355469
v -15.543026924133301 14 -127.57157897949219
v -12.962052345275879 14 -122.23828887939453
v -2.7564027309417725 14 -122.0947265625
v -7.764005184173584 14 -132.67695617675781
vt 0 0
vt 0 0.70455986261367798
vt 0.20000000298023224 0
vt 0.20000000298023224 0.70455986261367798
vt 0.20000000298023224 0
vt 0.20000000298023224 0.70455986261367798
vt 0.40000000596046448 0
vt 0.40000000596046448 0.70455986261367798
vt 0.40000000596046448 0
vt 0.40000000596046448 0.70455986261367798
vt 0.60000002384185791 0
vt 0.60000002384185791 0.70455986261367798
vt 0.60000002384185791 0
vt 0.60000002384185791 0.70455986261367798
vt 0.80000001192092896 0
vt 0.80000001192092896 0.70455986261367798
vt 0.80000001192092896 0
vt 0.80000001192092896 0.70455986261367798
vt 1 0
vt 1 0.70455986261367798
vt 0.00083927199011668563 0.86743777990341187
vt 0 0.97646629810333252
vt 0.15803511440753937 1
vt 0.31344696879386902 0.75401782989501953
vt 0.0015693416353315115 0.70456057786941528
vt 0.00083927199011668563 0.83712279796600342
vt 0 0.72809427976608276
vt 0.15803511440753937 0.70456057786941528
vt 0.31344696879386902 0.95054274797439575
vt 0.0015693416353315115 1
vn -0.5469365119934082 0 -0.83717405796051025
vn -0.5469365119934082 0 -0.83717405796051025
vn -0.5469365119934082 0 -0.83717405796051025
vn -0.5469365119934082 0 -0.83717405796051025
vn -0.90013599395751953 0 0.43560898303985596
vn -0.90013599395751953 0 0.43560898303985596
vn -0.90013599395751953 0 0.43560898303985596
vn -0.90013599395751953 0 0.43560898303985596
vn -0.014065394178032875 0 0.99990105628967285
vn -0.014065394178032875 0 0.99990105628967285
vn -0.014065394178032875 0 0.99990105628967285
vn -0.014065394178032875 0 0.99990105628967285
vn 0.90390390157699585 0 -0.4277355968952179
vn 0.90390390157699585 0 -0.4277355968952179
vn 0.90390390157699585 0 -0.4277355968952179
vn 0.90390390157699585 0 -0.4277355968952179
vn -0.54985493421554565 0 -0.83526015281677246
vn -0.54985493421554565 0 -0.83526015281677246
vn -0.54985493421554565 0 -0.83526015281677246
vn -0.54985493421554565 0 -0.83526015281677246
vn 0 -1 0
vn 0 -1 0
vn 0 -1 0
vn 0 -1 0
vn 0 -1 0
vn 0 1 0
vn 0 1 0
vn 0 1 0
vn 0 1 0
vn 0 1 0
f 1443/1443/1443 1445/1445/1445 1446/1446/1446 1444/1444/1444
f 1447/1447/1447 1449/1449/1449 1450/1450/1450 1448/1448/1448
f 1451/1451/1451 1453/1453/1453 1454/1454/1454 1452/1452/1452
f 1455/1455/1455 1457/1457/1457 1458/1458/1458 1456/1456/1456
f 1459/1459/1459 1461/1461/1461 1462/1462/1462 1460/1460/1460
f 1465/1465/1465 1464/1464/1464 1463/1463/1463
f 1467/1467/1467 1466/1466/1466 1463/1463/1463
f 1465/1465/1465 1463/1463/1463 1466/1466/1466
f 1470/1470/1470 1468/1468/1468 1469/1469/1469
f 1472/1472/1472 1468/1468/1468 1471/1471/1471
f 1470/1470/1470 1471/1471/1471 1468/1468/1468
usemtl Default
v 193.79347229003906 0 6.5611042976379395
v 193.79347229003906 7.4000000953674316 6.5611042976379395
v 251.03054809570312 0 26.925815582275391
v 251.03054809570312 7.4000000953674316 26.925815582275391
v 251.03054809570312 0 26.925815582275391
v 251.03054809570312 7.4000000953674316 26.925815582275391
v 266.48178100585938 0 -10.916770935058594
v 266.48178100585938 7.4000000953674316 -10.916770935058594
v 266.48178100585938 0 -10.916770935058594
v 266.48178100585938 7.4000000953674316 -10.916770935058594
v 266.29562377929688 0 -10.998929977416992
v 266.29562377929688 7.4000000953674316 -10.998929977416992
v 266.29562377929688 0 -10.998929977416992
v 266.29562377929688 7.4000000953674316 -10.998929977416992
v 272.2635498046875 0 -25.752962112426758
v 272.2635498046875 7.4000000953674316 -25.752962112426758
v 272.2635498046875 0 -25.752962112426758
v 272.2635498046875 7.4000000953674316 -25.752962112426758
v 256.27822875976562 0 -25.653566360473633
v 256.27822875976562 7.4000000953674316 -25.653566360473633
v 256.27822875976562 0 -25.653566360473633
v 256.27822875976562 7.4000000953674316 -25.653566360473633
v 256.187255859375 0 -26.101608276367188
v 256.187255859375 7.4000000953674316 -26.101608276367188
v 256.187255859375 0 -26.101608276367188
v 256.187255859375 7.4000000953674316 -26.101608276367188
v 204.58493041992188 0 -19.910091400146484
v 204.58493041992188 7.4000000953674316 -19.910091400146484
v 204.58493041992188 0 -19.910091400146484
v 204.58493041992188 7.4000000953674316 -19.910091400146484
v 193.79347229003906 0 6.5611042976379395
v 193.79347229003906 7.4000000953674316 6.5611042976379395
v 193.79347229003906 0 6.5611042976379395
v 251.03054809570312 0 26.925815582275391
v 266.48178100585938 0 -10.916770935058594
v 266.29562377929688 0 -10.998929977416992
v 272.2635498046875 0 -25.752962112426758
v 256.27822875976562 0 -25.653566360473633
v 256.187255859375 0 -26.101608276367188
v 204.58493041992188 0 -19.910091400146484
v 193.79347229003906 7.4000000953674316 6.5611042976379395
v 251.03054809570312 7.4000000953674316 26.925815582275391
v 266.48178100585938 7.4000000953674316 -10.916770935058594
v 266.29562377929688 7.4000000953674316 -10.998929977416992
v 272.2635498046875 7.4000000953674316 -25.752962112426758
v 256.27822875976562 7.4000000953674316 -25.653566360473633
v 256.187255859375 7.4000000953674316 -26.101608276367188
v 204.58493041992188 7.4000000953674316 -19.910091400146484
vt 0 0
vt 0 0.5270380973815918
vt 0.125 0
vt 0.125 0.5270380973815918
vt 0.125 0
vt 0.125 0.5270380973815918
vt 0.25 0
vt 0.25 0.5270380973815918
vt 0.25 0
vt 0.25 0.5270380973815918
vt 0.375 0
vt 0.375 0.5270380973815918
vt 0.375 0
vt 0.375 0.5270380973815918
vt 0.5 0
vt 0.5 0.5270380973815918
vt 0.5 0
vt 0.5 0.5270380973815918
vt 0.625 0
vt 0.625 0.5270380973815918
vt 0.625 0
vt 0.625 0.5270380973815918
vt 0.75 0
vt 0.75 0.5270380973815918
vt 0.75 0
vt 0.75 0.5270380973815918
vt 0.875 0
vt 0.875 0.5270380973815918
vt 0.875 0
vt 0.875 0.5270380973815918
vt 1 0
vt 1 0.5270380973815918
vt 0.38757726550102234 0.88262611627578735
vt 0.21819765865802765 0.52703863382339478
vt 0.060683760792016983 0.69473636150360107
vt 0.06119358167052269 0.69598978757858276
vt 0 0.76159900426864624
vt 0.062231302261352539 0.82569980621337891
vt 0.061428342014551163 0.82879400253295898
vt 0.27746012806892395 1
vt 0.38757726550102234 0.6444125771522522
vt 0.21819765865802765 1
vt 0.060683760792016983 0.8323022723197937
vt 0.06119358167052269 0.83104884624481201
vt 0 0.76543962955474854
vt 0.062231302261352539 0.70133882761001587
vt 0.061428342014551163 0.69824463129043579
vt 0.27746012806892395 0.52703863382339478
vn -0.33521059155464172 0 0.94214320182800293
vn -0.33521059155464172 0 0.94214320182800293
vn -0.33521059155464172 0 0.94214320182800293
vn -0.33521059155464172 0 0.94214320182800293
vn 0.92580252885818481 0 0.37800753116607666
vn 0.92580252885818481 0 0.37800753116607666
vn 0.92580252885818481 0 0.37800753116607666
vn 0.92580252885818481 0 0.37800753116607666
vn 0.40376248955726624 0 -0.91486382484436035
vn 0.40376248955726624 0 -0.91486382484436035
vn 0.40376248955726624 0 -0.91486382484436035
vn 0.40376248955726624 0 -0.91486382484436035
vn 0.92703282833099365 0 0.37498018145561218
vn 0.92703282833099365 0 0.37498018145561218
vn 0.92703282833099365 0 0.37498018145561218
vn 0.92703282833099365 0 0.37498018145561218
vn -0.0062178079970180988 0 -0.99998068809509277
vn -0.0062178079970180988 0 -0.99998068809509277
vn -0.0062178079970180988 0 -0.99998068809509277
vn -0.0062178079970180988 0 -0.99998068809509277
vn 0.98000252246856689 0 -0.19898493587970734
vn 0.98000252246856689 0 -0.19898493587970734
vn 0.98000252246856689 0 -0.19898493587970734
vn 0.98000252246856689 0 -0.19898493587970734
vn -0.11913076788187027 0 -0.99287855625152588
vn -0.11913076788187027 0 -0.99287855625152588
vn -0.11913076788187027 0 -0.99287855625152588
vn -0.11913076788187027 0 -0.99287855625152588
vn -0.92600798606872559 0 -0.37750387191772461
vn -0.92600798606872559 0 -0.37750387191772461
vn -0.92600798606872559 0 -0.37750387191772461
vn -0.92600798606872559 0 -0.37750387191772461
vn 0 -1 0
vn 0 -1 0
vn 0 -1 0
vn 0 -1 0
vn 0 -1 0
vn 0 -1 0
vn 0 -1 0
vn 0 -1 0
vn 0 1 0
vn 0 1 0
vn 0 1 0
vn 0 1 0
vn 0 1 0
vn 0 1 0
vn 0 1 0
vn 0 1 0
f 1473/1473/1473 1475/1475/1475 1476/1476/1476 1474/1474/1474
f 1477/1477/1477 1479/1479/1479 1480/1480/1480 1478/1478/1478
f 1481/1481/1481 1483/1483/1483 1484/1484/1484 1482/1482/1482
f 1485/1485/1485 1487/1487/1487 1488/1488/1488 1486/1486/1486
f 1489/1489/1489 1491/1491/1491 1492/1492/1492 1490/1490/1490
f 1493/1493/1493 1495/1495/1495 1496/1496/1496 1494/1494/1494
f 1497/1497/1497 1499/1499/1499 1500/1500/1500 1498/1498/1498
f 1501/1501/1501 1503/1503/1503 1504/1504/1504 1502/1502/1502
f 1506/1506/1506 1512/1512/1512 1510/1510/1510
f 1512/1512/1512 1511/1511/1511 1510/1510/1510
f 1506/1506/1506 1505/1505/1505 1512/1512/1512
f 1507/1507/1507 1506/1506/1506 1508/1508/1508
f 1510/1510/1510 1508/1508/1508 1506/1506/1506
f 1510/1510/1510 1509/1509/1509 1508/1508/1508
f 1514/1514/1514 1518/1518/1518 1520/1520/1520
f 1520/1520/1520 1518/1518/1518 1519/1519/1519
f 1514/1514/1514 1520/1520/1520 1513/1513/1513
f 1515/1515/1515 1516/1516/1516 1514/1514/1514
f 1518/1518/1518 1514/1514/1514 1516/1516/1516
f 1518/1518/1518 1516/1516/1516 1517/1517/1517
usemtl Default
v -44.609386444091797 0 98.748245239257812
v -44.609386444091797 10 98.748245239257812
v -21.975362777709961 0 99.337059020996094
v -21.975362777709961 10 99.337059020996094
v -5.393979549407959 0 99.764411926269531
v -5.393979549407959 10 99.764411926269531
v -5.393979549407959 0 99.764411926269531
v -5.393979549407959 10 99.764411926269531
v 7.329246997833252 0 78.291007995605469
v 7.329246997833252 10 78.291007995605469
v 7.329246997833252 0 78.291007995605469
v 7.329246997833252 10 78.291007995605469
v 18.435684204101562 0 62.373153686523438
v 18.435684204101562 10 62.373153686523438
v 18.435684204101562 0 62.373153686523438
v 18.435684204101562 10 62.373153686523438
v 20.724409103393555 0 59.461151123046875
v 20.724409103393555 10 59.461151123046875
v 20.724409103393555 0 59.461151123046875
v 20.724409103393555 10 59.461151123046875
v -24.418684005737305 0 62.424606323242188
v -24.418684005737305 10 62.424606323242188
v -46.989944458007812 0 63.915287017822266
v -46.989944458007812 10 63.915287017822266
v -46.989944458007812 0 63.915287017822266
v -46.989944458007812 10 63.915287017822266
v -44.609386444091797 0 98.748245239257812
v -44.609386444091797 10 98.748245239257812
v -44.609386444091797 0 98.748245239257812
v -21.975362777709961 0 99.337059020996094
v -5.393979549407959 0 99.764411926269531
v 7.329246997833252 0 78.291007995605469
v 18.435684204101562 0 62.373153686523438
v 20.724409103393555 0 59.461151123046875
v -24.418684005737305 0 62.424606323242188
v -46.989944458007812 0 63.915287017822266
v -44.609386444091797 10 98.748245239257812
v -21.975362777709961 10 99.337059020996094
v -5.393979549407959 10 99.764411926269531
v 7.329246997833252 10 78.291007995605469
v 18.435684204101562 10 62.373153686523438
v 20.724409103393555 10 59.461151123046875
v -24.418684005737305 10 62.424606323242188
v -46.989944458007812 10 63.915287017822266
vt 0 0
vt 0 0.54318684339523315
vt 0.125 0
vt 0.125 0.54318684339523315
vt 0.25 0
vt 0.25 0.54318684339523315
vt 0.25 0
vt 0.25 0.54318684339523315
vt 0.375 0
vt 0.375 0.54318684339523315
vt 0.375 0
vt 0.375 0.54318684339523315
vt 0.5 0
vt 0.5 0.54318684339523315
vt 0.5 0
vt 0.5 0.54318684339523315
vt 0.625 0
vt 0.625 0.54318684339523315
vt 0.625 0
vt 0.625 0.54318684339523315
vt 0.75 0
vt 0.75 0.54318684339523315
vt 0.875 0
vt 0.875 0.54318684339523315
vt 0.875 0
vt 0.875 0.54318684339523315
vt 1 0
vt 1 0.54318684339523315
vt 0.40066435933113098 0.73811614513397217
vt 0.30323848128318787 0.62559211254119873
vt 0.2318539023399353 0.54318737983703613
vt 0.11354672163724899 0.63673645257949829
vt 0.018511118367314339 0.69806927442550659
vt 0 0.70806026458740234
vt 0.20637218654155731 0.90273058414459229
vt 0.30958312749862671 1
vt 0.40066435933113098 0.80507129430770874
vt 0.30323848128318787 0.9175952672958374
vt 0.2318539023399353 1
vt 0.11354672163724899 0.90645092725753784
vt 0.018511118367314339 0.84511816501617432
vt 0 0.83512717485427856
vt 0.20637218654155731 0.64045679569244385
vt 0.30958312749862671 0.54318737983703613
vn -0.026005841791629791 0 0.99966180324554443
vn -0.026005841791629791 0 0.99966180324554443
vn -0.025764260441064835 0 0.99966806173324585
vn -0.025764260441064835 0 0.99966806173324585
vn -0.025764260441064835 0 0.99966806173324585
vn -0.025764260441064835 0 0.99966806173324585
vn 0.86032229661941528 0 0.50975048542022705
vn 0.86032229661941528 0 0.50975048542022705
vn 0.86032229661941528 0 0.50975048542022705
vn 0.86032229661941528 0 0.50975048542022705
vn 0.82010382413864136 0 0.57221472263336182
vn 0.82010382413864136 0 0.57221472263336182
vn 0.82010382413864136 0 0.57221472263336182
vn 0.82010382413864136 0 0.57221472263336182
vn 0.78622359037399292 0 0.61794215440750122
vn 0.78622359037399292 0 0.61794215440750122
vn 0.78622359037399292 0 0.61794215440750122
vn 0.78622359037399292 0 0.61794215440750122
vn -0.065504834055900574 0 -0.99785226583480835
vn -0.065504834055900574 0 -0.99785226583480835
vn -0.065899722278118134 0 -0.99782627820968628
vn -0.065899722278118134 0 -0.99782627820968628
vn -0.065899722278118134 0 -0.99782627820968628
vn -0.065899722278118134 0 -0.99782627820968628
vn -0.99767279624938965 0 0.068183094263076782
vn -0.99767279624938965 0 0.068183094263076782
vn -0.99767279624938965 0 0.068183094263076782
vn -0.99767279624938965 0 0.068183094263076782
vn 0 -1 0
vn 0 -1 0
vn 0 -1 0
vn 0 -1 0
vn 0 -1 0
vn 0 -1 0
vn 0 -1 0
vn 0 -1 0
vn 0 1 0
vn 0 1 0
vn 0 1 0
vn 0 1 0
vn 0 1 0
vn 0 1 0
vn 0 1 0
vn 0 1 0
f 1521/1521/1521 1523/1523/1523 1524/1524/1524 1522/1522/1522
f 1523/1523/1523 1525/1525/1525 1526/1526/1526 1524/1524/1524
f 1527/1527/1527 1529/1529/1529 1530/1530/1530 1528/1528/1528
f 1531/1531/1531 1533/1533/1533 1534/1534/1534 1532/1532/1532
f 1535/1535/1535 1537/1537/1537 1538/1538/1538 1536/1536/1536
f 1539/1539/1539 1541/1541/1541 1542/1542/1542 1540/1540/1540
f 1541/1541/1541 1543/1543/1543 1544/1544/1544 1542/1542/1542
f 1545/1545/1545 1547/1547/1547 1548/1548/1548 1546/1546/1546
f 1555/1555/1555 1549/1549/1549 1556/1556/1556
f 1555/1555/1555 1554/1554/1554 1553/1553/1553
f 1550/1550/1550 1549/1549/1549 1555/1555/1555
f 1552/1552/1552 1551/1551/1551 1550/1550/1550
f 1552/1552/1552 1555/1555/1555 1553/1553/1553
f 1550/1550/1550 1555/1555/1555 1552/1552/1552
f 1563/1563/1563 1564/1564/1564 1557/1557/1557
f 1563/1563/1563 1561/1561/1561 1562/1562/1562
f 1558/1558/1558 1563/1563/1563 1557/1557/1557
f 1560/1560/1560 1558/1558/1558 1559/1559/1559
f 1560/1560/1560 1561/1561/1561 1563/1563/1563
f 1558/1558/1558 1560/1560/1560 1563/1563/1563
usemtl Default
v 151.02383422851562 0 -245.38925170898438
v 151.02383422851562 10.699999809265137 -245.38925170898438
v 150.81782531738281 0 -248.98899841308594
v 150.81782531738281 10.699999809265137 -248.98899841308594
v 150.81782531738281 0 -248.98899841308594
v 150.81782531738281 10.699999809265137 -248.98899841308594
v 147.48017883300781 0 -248.78961181640625
v 147.48017883300781 10.699999809265137 -248.78961181640625
v 147.48017883300781 0 -248.78961181640625
v 147.48017883300781 10.699999809265137 -248.78961181640625
v 147.30647277832031 0 -251.67288208007812
v 147.30647277832031 10.699999809265137 -251.67288208007812
v 147.30647277832031 0 -251.67288208007812
v 147.30647277832031 10.699999809265137 -251.67288208007812
v 142.98674011230469 0 -251.39938354492188
v 142.98674011230469 10.699999809265137 -251.39938354492188
v 142.98674011230469 0 -251.39938354492188
v 142.98674011230469 10.699999809265137 -251.39938354492188
v 142.9326171875 0 -252.40594482421875
v 142.9326171875 10.699999809265137 -252.40594482421875
v 142.9326171875 0 -252.40594482421875
v 142.9326171875 10.699999809265137 -252.40594482421875
v 114.94304656982422 0 -250.83328247070312
v 114.94304656982422 10.699999809265137 -250.83328247070312
v 114.94304656982422 0 -250.83328247070312
v 114.94304656982422 10.699999809265137 -250.83328247070312
v 114.97299194335938 0 -250.06916809082031
v 114.97299194335938 10.699999809265137 -250.06916809082031
v 114.97299194335938 0 -250.06916809082031
v 114.97299194335938 10.699999809265137 -250.06916809082031
v 114.20880126953125 0 -250.03488159179688
v 114.20880126953125 10.699999809265137 -250.03488159179688
v 114.20880126953125 0 -250.03488159179688
v 114.20880126953125 10.699999809265137 -250.03488159179688
v 114.19233703613281 0 -250.40214538574219
v 114.19233703613281 10.699999809265137 -250.40214538574219
v 114.19233703613281 0 -250.40214538574219
v 114.19233703613281 10.699999809265137 -250.40214538574219
v 105.38353729248047 0 -249.91139221191406
v 105.38353729248047 10.699999809265137 -249.91139221191406
v 105.38353729248047 0 -249.91139221191406
v 105.38353729248047 10.699999809265137 -249.91139221191406
v 105.40122222900391 0 -249.508056640625
v 105.40122222900391 10.699999809265137 -249.508056640625
v 105.55371856689453 0 -246.89678955078125
v 105.55371856689453 10.699999809265137 -246.89678955078125
v 105.55371856689453 0 -246.89678955078125
v 105.55371856689453 10.699999809265137 -246.89678955078125
v 105.85206604003906 0 -246.91497802734375
v 105.85206604003906 10.699999809265137 -246.91497802734375
v 105.85206604003906 0 -246.91497802734375
v 105.85206604003906 10.699999809265137 -246.91497802734375
v 106.54866790771484 0 -234.50735473632812
v 106.54866790771484 10.699999809265137 -234.50735473632812
v 106.54866790771484 0 -234.50735473632812
v 106.54866790771484 10.699999809265137 -234.50735473632812
v 108.35917663574219 0 -234.60206604003906
v 108.35917663574219 10.699999809265137 -234.60206604003906
v 108.35917663574219 0 -234.60206604003906
v 108.35917663574219 10.699999809265137 -234.60206604003906
v 108.42662811279297 0 -233.43821716308594
v 108.42662811279297 10.699999809265137 -233.43821716308594
v 108.42662811279297 0 -233.43821716308594
v 108.42662811279297 10.699999809265137 -233.43821716308594
v 145.2052001953125 0 -235.498046875
v 145.2052001953125 10.699999809265137 -235.498046875
v 145.2052001953125 0 -235.498046875
v 145.2052001953125 10.699999809265137 -235.498046875
v 145.1468505859375 0 -236.51109313964844
v 145.1468505859375 10.699999809265137 -236.51109313964844
v 145.1468505859375 0 -236.51109313964844
v 145.1468505859375 10.699999809265137 -236.51109313964844
v 147.91183471679688 0 -236.67123413085938
v 147.91183471679688 10.699999809265137 -236.67123413085938
v 147.91183471679688 0 -236.67123413085938
v 147.91183471679688 10.699999809265137 -236.67123413085938
v 147.59028625488281 0 -242.38076782226562
v 147.59028625488281 10.699999809265137 -242.38076782226562
v 147.59028625488281 0 -242.38076782226562
v 147.59028625488281 10.699999809265137 -242.38076782226562
v 150.66983032226562 0 -242.55117797851562
v 150.66983032226562 10.699999809265137 -242.55117797851562
v 150.66983032226562 0 -242.55117797851562
v 150.66983032226562 10.699999809265137 -242.55117797851562
v 150.54116821289062 0 -237.65605163574219
v 150.54116821289062 10.699999809265137 -237.65605163574219
v 150.54116821289062 0 -237.65605163574219
v 150.54116821289062 10.699999809265137 -237.65605163574219
v 150.78900146484375 0 -236.93171691894531
v 150.78900146484375 10.699999809265137 -236.93171691894531
v 150.78900146484375 0 -236.93171691894531
v 150.78900146484375 10.699999809265137 -236.93171691894531
v 151.46693420410156 0 -236.68890380859375
v 151.46693420410156 10.699999809265137 -236.68890380859375
v 151.46693420410156 0 -236.68890380859375
v 151.46693420410156 10.699999809265137 -236.68890380859375
v 156.93263244628906 0 -237.02285766601562
v 156.93263244628906 10.699999809265137 -237.02285766601562
v 158.72048950195312 0 -237.13528442382812
v 158.72048950195312 10.699999809265137 -237.13528442382812
v 158.72048950195312 0 -237.13528442382812
v 158.72048950195312 10.699999809265137 -237.13528442382812
v 153.28985595703125 0 -245.51556396484375
v 153.28985595703125 10.699999809265137 -245.51556396484375
v 153.28985595703125 0 -245.51556396484375
v 153.28985595703125 10.699999809265137 -245.51556396484375
v 151.02383422851562 0 -245.38925170898438
v 151.02383422851562 10.699999809265137 -245.38925170898438
v 151.02383422851562 0 -245.38925170898438
v 150.81782531738281 0 -248.98899841308594
v 147.48017883300781 0 -248.78961181640625
v 147.30647277832031 0 -251.67288208007812
v 142.98674011230469 0 -251.39938354492188
v 142.9326171875 0 -252.40594482421875
v 114.94304656982422 0 -250.83328247070312
v 114.97299194335938 0 -250.06916809082031
v 114.20880126953125 0 -250.03488159179688
v 114.19233703613281 0 -250.40214538574219
v 105.38353729248047 0 -249.91139221191406
v 105.40122222900391 0 -249.508056640625
v 105.55371856689453 0 -246.89678955078125
v 105.85206604003906 0 -246.91497802734375
v 106.54866790771484 0 -234.50735473632812
v 108.35917663574219 0 -234.60206604003906
v 108.42662811279297 0 -233.43821716308594
v 145.2052001953125 0 -235.498046875
v 145.1468505859375 0 -236.51109313964844
v 147.91183471679688 0 -236.67123413085938
v 147.59028625488281 0 -242.38076782226562
v 150.66983032226562 0 -242.55117797851562
v 150.54116821289062 0 -237.65605163574219
v 150.78900146484375 0 -236.93171691894531
v 151.46693420410156 0 -236.68890380859375
v 156.93263244628906 0 -237.02285766601562
v 158.72048950195312 0 -237.13528442382812
v 153.28985595703125 0 -245.51556396484375
v 151.02383422851562 10.699999809265137 -245.38925170898438
v 150.81782531738281 10.699999809265137 -248.98899841308594
v 147.48017883300781 10.699999809265137 -248.78961181640625
v 147.30647277832031 10.699999809265137 -251.67288208007812
v 142.98674011230469 10.699999809265137 -251.39938354492188
v 142.9326171875 10.699999809265137 -252.40594482421875
v 114.94304656982422 10.699999809265137 -250.83328247070312
v 114.97299194335938 10.699999809265137 -250.06916809082031
v 114.20880126953125 10.699999809265137 -250.03488159179688
v 114.19233703613281 10.699999809265137 -250.40214538574219
v 105.38353729248047 10.699999809265137 -249.91139221191406
v 105.40122222900391 10.699999809265137 -249.508056640625
v 105.55371856689453 10.699999809265137 -246.89678955078125
v 105.85206604003906 10.699999809265137 -246.91497802734375
v 106.54866790771484 10.699999809265137 -234.50735473632812
v 108.35917663574219 10.699999809265137 -234.60206604003906
v 108.42662811279297 10.699999809265137 -233.43821716308594
v 145.2052001953125 10.699999809265137 -235.498046875
v 145.1468505859375 10.699999809265137 -236.51109313964844
v 147.91183471679688 10.699999809265137 -236.67123413085938
v 147.59028625488281 10.699999809265137 -242.38076782226562
v 150.66983032226562 10.699999809265137 -242.55117797851562
v 150.54116821289062 10.699999809265137 -237.65605163574219
v 150.78900146484375 10.699999809265137 -236.93171691894531
v 151.46693420410156 10.699999809265137 -236.68890380859375
v 156.93263244628906 10.699999809265137 -237.02285766601562
v 158.72048950195312 10.699999809265137 -237.13528442382812
v 153.28985595703125 10.699999809265137 -245.51556396484375
vt 0 0
vt 0 0.55875080823898315
vt 0.035714287310838699 0
vt 0.035714287310838699 0.55875080823898315
vt 0.035714287310838699 0
vt 0.035714287310838699 0.55875080823898315
vt 0.071428574621677399 0
vt 0.071428574621677399 0.55875080823898315
vt 0.071428574621677399 0
vt 0.071428574621677399 0.55875080823898315
vt 0.1071428582072258 0
vt 0.1071428582072258 0.55875080823898315
vt 0.1071428582072258 0
vt 0.1071428582072258 0.55875080823898315
vt 0.1428571492433548 0
vt 0.1428571492433548 0.55875080823898315
vt 0.1428571492433548 0
vt 0.1428571492433548 0.55875080823898315
vt 0.1785714328289032 0
vt 0.1785714328289032 0.55875080823898315
vt 0.1785714328289032 0
vt 0.1785714328289032 0.55875080823898315
vt 0.2142857164144516 0
vt 0.2142857164144516 0.55875080823898315
vt 0.2142857164144516 0
vt 0.2142857164144516 0.55875080823898315
vt 0.25 0
vt 0.25 0.55875080823898315
vt 0.25 0
vt 0.25 0.55875080823898315
vt 0.28571429848670959 0
vt 0.28571429848670959 0.55875080823898315
vt 0.28571429848670959 0
vt 0.28571429848670959 0.55875080823898315
vt 0.3214285671710968 0
vt 0.3214285671710968 0.55875080823898315
vt 0.3214285671710968 0
vt 0.3214285671710968 0.55875080823898315
vt 0.3571428656578064 0
vt 0.3571428656578064 0.55875080823898315
vt 0.3571428656578064 0
vt 0.3571428656578064 0.55875080823898315
vt 0.3928571343421936 0
vt 0.3928571343421936 0.55875080823898315
vt 0.4285714328289032 0
vt 0.4285714328289032 0.55875080823898315
vt 0.4285714328289032 0
vt 0.4285714328289032 0.55875080823898315
vt 0.46428570151329041 0
vt 0.46428570151329041 0.55875080823898315
vt 0.46428570151329041 0
vt 0.46428570151329041 0.55875080823898315
vt 0.5 0
vt 0.5 0.55875080823898315
vt 0.5 0
vt 0.5 0.55875080823898315
vt 0.53571426868438721 0
vt 0.53571426868438721 0.55875080823898315
vt 0.53571426868438721 0
vt 0.53571426868438721 0.55875080823898315
vt 0.57142859697341919 0
vt 0.57142859697341919 0.55875080823898315
vt 0.57142859697341919 0
vt 0.57142859697341919 0.55875080823898315
vt 0.6071428656578064 0
vt 0.6071428656578064 0.55875080823898315
vt 0.6071428656578064 0
vt 0.6071428656578064 0.55875080823898315
vt 0.6428571343421936 0
vt 0.6428571343421936 0.55875080823898315
vt 0.6428571343421936 0
vt 0.6428571343421936 0.55875080823898315
vt 0.67857140302658081 0
vt 0.67857140302658081 0.55875080823898315
vt 0.67857140302658081 0
vt 0.67857140302658081 0.55875080823898315
vt 0.71428573131561279 0
vt 0.71428573131561279 0.55875080823898315
vt 0.71428573131561279 0
vt 0.71428573131561279 0.55875080823898315
vt 0.75 0
vt 0.75 0.55875080823898315
vt 0.75 0
vt 0.75 0.55875080823898315
vt 0.78571426868438721 0
vt 0.78571426868438721 0.55875080823898315
vt 0.78571426868438721 0
vt 0.78571426868438721 0.55875080823898315
vt 0.82142859697341919 0
vt 0.82142859697341919 0.55875080823898315
vt 0.82142859697341919 0
vt 0.82142859697341919 0.55875080823898315
vt 0.8571428656578064 0
vt 0.8571428656578064 0.55875080823898315
vt 0.8571428656578064 0
vt 0.8571428656578064 0.55875080823898315
vt 0.8928571343421936 0
vt 0.8928571343421936 0.55875080823898315
vt 0.92857140302658081 0
vt 0.92857140302658081 0.55875080823898315
vt 0.92857140302658081 0
vt 0.92857140302658081 0.55875080823898315
vt 0.96428573131561279 0
vt 0.96428573131561279 0.55875080823898315
vt 0.96428573131561279 0
vt 0.96428573131561279 0.55875080823898315
vt 1 0
vt 1 0.55875080823898315
vt 0.013221940957009792 0.68103379011154175
vt 0.00090662279399111867 0.71519929170608521
vt 0.020431451499462128 0.73367851972579956
vt 0.0106162428855896 0.76109659671783447
vt 0.035943817347288132 0.78487217426300049
vt 0.032480701804161072 0.79440420866012573
vt 0.19584354758262634 0.95028030872344971
vt 0.1985352635383606 0.94311189651489258
vt 0.20296314358711243 0.94744670391082764
vt 0.20168104767799377 0.9509047269821167
vt 0.25307849049568176 1
vt 0.2544887363910675 0.996204674243927
vt 0.26340505480766296 0.97140252590179443
vt 0.26165840029716492 0.96975404024124146
vt 0.30418264865875244 0.85207462310791016
vt 0.29364174604415894 0.84192764759063721
vt 0.29761871695518494 0.83087641000747681
vt 0.082983225584030151 0.62599289417266846
vt 0.079519487917423248 0.63560986518859863
vt 0.063363626599311829 0.62025529146194458
vt 0.043801106512546539 0.67441314458847046
vt 0.025837033987045288 0.65723890066146851
vt 0.044884070754051208 0.6132657527923584
vt 0.046200912445783615 0.60513573884963989
vt 0.043295610696077347 0.59879189729690552
vt 0.011294130235910416 0.56859856843948364
vt 0.00081445294199511409 0.55875134468078613
vt 0 0.66840505599975586
vt 0.013221940957009792 0.87771755456924438
vt 0.00090662279399111867 0.84355205297470093
vt 0.020431451499462128 0.82507282495498657
vt 0.0106162428855896 0.79765480756759644
vt 0.035943817347288132 0.77387923002243042
vt 0.032480701804161072 0.7643471360206604
vt 0.19584354758262634 0.60847103595733643
vt 0.1985352635383606 0.61563944816589355
vt 0.20296314358711243 0.6113046407699585
vt 0.20168104767799377 0.60784661769866943
vt 0.25307849049568176 0.55875134468078613
vt 0.2544887363910675 0.56254673004150391
vt 0.26340505480766296 0.5873488187789917
vt 0.26165840029716492 0.58899730443954468
vt 0.30418264865875244 0.70667672157287598
vt 0.29364174604415894 0.7168237566947937
vt 0.29761871695518494 0.72787493467330933
vt 0.082983225584030151 0.93275851011276245
vt 0.079519487917423248 0.9231414794921875
vt 0.063363626599311829 0.93849611282348633
vt 0.043801106512546539 0.88433820009231567
vt 0.025837033987045288 0.90151244401931763
vt 0.044884070754051208 0.94548565149307251
vt 0.046200912445783615 0.95361560583114624
vt 0.043295610696077347 0.95995944738388062
vt 0.011294130235910416 0.99015277624130249
vt 0.00081445294199511409 1
vt 0 0.89034628868103027
vn 0.99836641550064087 0 -0.057136218994855881
vn 0.99836641550064087 0 -0.057136218994855881
vn 0.99836641550064087 0 -0.057136218994855881
vn 0.99836641550064087 0 -0.057136218994855881
vn -0.059634160250425339 0 -0.99822032451629639
vn -0.059634160250425339 0 -0.99822032451629639
vn -0.059634160250425339 0 -0.99822032451629639
vn -0.059634160250425339 0 -0.99822032451629639
vn 0.99819034337997437 0 -0.060133956372737885
vn 0.99819034337997437 0 -0.060133956372737885
vn 0.99819034337997437 0 -0.060133956372737885
vn 0.99819034337997437 0 -0.060133956372737885
vn -0.063184343278408051 0 -0.99800187349319458
vn -0.063184343278408051 0 -0.99800187349319458
vn -0.063184343278408051 0 -0.99800187349319458
vn -0.063184343278408051 0 -0.99800187349319458
vn 0.99855720996856689 0 -0.05369836837053299
vn 0.99855720996856689 0 -0.05369836837053299
vn 0.99855720996856689 0 -0.05369836837053299
vn 0.99855720996856689 0 -0.05369836837053299
vn -0.056098464876413345 0 -0.99842524528503418
vn -0.056098464876413345 0 -0.99842524528503418
vn -0.056098464876413345 0 -0.99842524528503418
vn -0.056098464876413345 0 -0.99842524528503418
vn -0.99923288822174072 0 0.039161000400781631
vn -0.99923288822174072 0 0.039161000400781631
vn -0.99923288822174072 0 0.039161000400781631
vn -0.99923288822174072 0 0.039161000400781631
vn -0.044834882020950317 0 -0.99899441003799438
vn -0.044834882020950317 0 -0.99899441003799438
vn -0.044834882020950317 0 -0.99899441003799438
vn -0.044834882020950317 0 -0.99899441003799438
vn 0.99899673461914062 0 -0.044783096760511398
vn 0.99899673461914062 0 -0.044783096760511398
vn 0.99899673461914062 0 -0.044783096760511398
vn 0.99899673461914062 0 -0.044783096760511398
vn -0.055624768137931824 0 -0.99845176935195923
vn -0.055624768137931824 0 -0.99845176935195923
vn -0.055624768137931824 0 -0.99845176935195923
vn -0.055624768137931824 0 -0.99845176935195923
vn -0.99903964996337891 0 0.043815046548843384
vn -0.99903964996337891 0 0.043815046548843384
vn -0.99829912185668945 0 0.05829991027712822
vn -0.99829912185668945 0 0.05829991027712822
vn -0.99829912185668945 0 0.05829991027712822
vn -0.99829912185668945 0 0.05829991027712822
vn 0.060851115733385086 0 0.99814683198928833
vn 0.060851115733385086 0 0.99814683198928833
vn 0.060851115733385086 0 0.99814683198928833
vn 0.060851115733385086 0 0.99814683198928833
vn -0.99842768907546997 0 0.056054756045341492
vn -0.99842768907546997 0 0.056054756045341492
vn -0.99842768907546997 0 0.056054756045341492
vn -0.99842768907546997 0 0.056054756045341492
vn 0.052240848541259766 0 0.99863451719284058
vn 0.052240848541259766 0 0.99863451719284058
vn 0.052240848541259766 0 0.99863451719284058
vn 0.052240848541259766 0 0.99863451719284058
vn -0.99832504987716675 0 0.057854320853948593
vn -0.99832504987716675 0 0.057854320853948593
vn -0.99832504987716675 0 0.057854320853948593
vn -0.99832504987716675 0 0.057854320853948593
vn 0.055918555706739426 0 0.99843531847000122
vn 0.055918555706739426 0 0.99843531847000122
vn 0.055918555706739426 0 0.99843531847000122
vn 0.055918555706739426 0 0.99843531847000122
vn 0.99834603071212769 0 -0.057490594685077667
vn 0.99834603071212769 0 -0.057490594685077667
vn 0.99834603071212769 0 -0.057490594685077667
vn 0.99834603071212769 0 -0.057490594685077667
vn 0.057820878922939301 0 0.99832695722579956
vn 0.057820878922939301 0 0.99832695722579956
vn 0.057820878922939301 0 0.99832695722579956
vn 0.057820878922939301 0 0.99832695722579956
vn 0.99841791391372681 0 -0.056228324770927429
vn 0.99841791391372681 0 -0.056228324770927429
vn 0.99841791391372681 0 -0.056228324770927429
vn 0.99841791391372681 0 -0.056228324770927429
vn 0.055249020457267761 0 0.99847263097763062
vn 0.055249020457267761 0 0.99847263097763062
vn 0.055249020457267761 0 0.99847263097763062
vn 0.055249020457267761 0 0.99847263097763062
vn -0.99965476989746094 0 -0.026274694129824638
vn -0.99965476989746094 0 -0.026274694129824638
vn -0.99965476989746094 0 -0.026274694129824638
vn -0.99965476989746094 0 -0.026274694129824638
vn -0.94614654779434204 0 0.32373872399330139
vn -0.94614654779434204 0 0.32373872399330139
vn -0.94614654779434204 0 0.32373872399330139
vn -0.94614654779434204 0 0.32373872399330139
vn -0.33720263838768005 0 0.94143205881118774
vn -0.33720263838768005 0 0.94143205881118774
vn -0.33720263838768005 0 0.94143205881118774
vn -0.33720263838768005 0 0.94143205881118774
vn 0.060987871140241623 0 0.99813848733901978
vn 0.060987871140241623 0 0.99813848733901978
vn 0.062758065760135651 0 0.99802875518798828
vn 0.062758065760135651 0 0.99802875518798828
vn 0.062758065760135651 0 0.99802875518798828
vn 0.062758065760135651 0 0.99802875518798828
vn 0.8391997218132019 0 -0.54382330179214478
vn 0.8391997218132019 0 -0.54382330179214478
vn 0.8391997218132019 0 -0.54382330179214478
vn 0.8391997218132019 0 -0.54382330179214478
vn -0.055657744407653809 0 -0.99844992160797119
vn -0.055657744407653809 0 -0.99844992160797119
vn -0.055657744407653809 0 -0.99844992160797119
vn -0.055657744407653809 0 -0.99844992160797119
vn 0 -1 0
vn 0 -1 0
vn 0 -1 0
vn 0 -1 0
vn 0 -1 0
vn 0 -1 0
vn 0 -1 0
vn 0 -1 0
vn 0 -1 0
vn 0 -1 0
vn 0 -1 0
vn 0 -1 0
vn 0 -1 0
vn 0 -1 0
vn 0 -1 0
vn 0 -1 0
vn 0 -1 0
vn 0 -1 0
vn 0 -1 0
vn 0 -1 0
vn 0 -1 0
vn 0 -1 0
vn 0 -1 0
vn 0 -1 0
vn 0 -1 0
vn 0 -1 0
vn 0 -1 0
vn 0 -1 0
vn 0 1 0
vn 0 1 0
vn 0 1 0
vn 0 1 0
vn 0 1 0
vn 0 1 0
vn 0 1 0
vn 0 1 0
vn 0 1 0
vn 0 1 0
vn 0 1 0
vn 0 1 0
vn 0 1 0
vn 0 1 0
vn 0 1 0
vn 0 1 0
vn 0 1 0
vn 0 1 0
vn 0 1 0
vn 0 1 0
vn 0 1 0
vn 0 1 0
vn 0 1 0
vn 0 1 0
vn 0 1 0
vn 0 1 0
vn 0 1 0
vn 0 1 0
f 1565/1565/1565 1567/1567/1567 1568/1568/1568 1566/1566/1566
f 1569/1569/1569 1571/1571/1571 1572/1572/1572 1570/1570/1570
f 1573/1573/1573 1575/1575/1575 1576/1576/1576 1574/1574/1574
f 1577/1577/1577 1579/1579/1579 1580/1580/1580 1578/1578/1578
f 1581/1581/1581 1583/1583/1583 1584/1584/1584 1582/1582/1582
f 1585/1585/1585 1587/1587/1587 1588/1588/1588 1586/1586/1586
f 1589/1589/1589 1591/1591/1591 1592/1592/1592 1590/1590/1590
f 1593/1593/1593 1595/1595/1595 1596/1596/1596 1594/1594/1594
f 1597/1597/1597 1599/1599/1599 1600/1600/1600 1598/1598/1598
f 1601/1601/1601 1603/1603/1603 1604/1604/1604 1602/1602/1602
f 1605/1605/1605 1607/1607/1607 1608/1608/1608 1606/1606/1606
f 1607/1607/1607 1609/1609/1609 1610/1610/1610 1608/1608/1608
f 1611/1611/1611 1613/1613/1613 1614/1614/1614 1612/1612/1612
f 1615/1615/1615 1617/1617/1617 1618/1618/1618 1616/1616/1616
f 1619/1619/1619 1621/1621/1621 1622/1622/1622 1620/1620/1620
f 1623/1623/1623 1625/1625/1625 1626/1626/1626 1624/1624/1624
f 1627/1627/1627 1629/1629/1629 1630/1630/1630 1628/1628/1628
f 1631/1631/1631 1633/1633/1633 1634/1634/1634 1632/1632/1632
f 1635/1635/1635 1637/1637/1637 1638/1638/1638 1636/1636/1636
f 1639/1639/1639 1641/1641/1641 1642/1642/1642 1640/1640/1640
f 1643/1643/1643 1645/1645/1645 1646/1646/1646 1644/1644/1644
f 1647/1647/1647 1649/1649/1649 1650/1650/1650 1648/1648/1648
f 1651/1651/1651 1653/1653/1653 1654/1654/1654 1652/1652/1652
f 1655/1655/1655 1657/1657/1657 1658/1658/1658 1656/1656/1656
f 1659/1659/1659 1661/1661/1661 1662/1662/1662 1660/1660/1660
f 1661/1661/1661 1663/1663/1663 1664/1664/1664 1662/1662/1662
f 1665/1665/1665 1667/1667/1667 1668/1668/1668 1666/1666/1666
f 1669/1669/1669 1671/1671/1671 1672/1672/1672 1670/1670/1670
f 1683/1683/1683 1681/1681/1681 1684/1684/1684
f 1685/1685/1685 1684/1684/1684 1686/1686/1686
f 1686/1686/1686 1684/1684/1684 1681/1681/1681
f 1687/1687/1687 1686/1686/1686 1688/1688/1688
f 1680/1680/1680 1691/1691/1691 1688/1688/1688
f 1688/1688/1688 1686/1686/1686 1681/1681/1681
f 1683/1683/1683 1682/1682/1682 1681/1681/1681
f 1679/1679/1679 1678/1678/1678 1677/1677/1677
f 1680/1680/1680 1677/1677/1677 1691/1691/1691
f 1675/1675/1675 1677/1677/1677 1676/1676/1676
f 1680/1680/1680 1679/1679/1679 1677/1677/1677
f 1680/1680/1680 1688/1688/1688 1681/1681/1681
f 1688/1688/1688 1691/1691/1691 1689/1689/1689
f 1691/1691/1691 1693/1693/1693 1692/1692/1692
f 1677/1677/1677 1675/1675/1675 1693/1693/1693
f 1689/1689/1689 1691/1691/1691 1690/1690/1690
f 1696/1696/1696 1695/1695/1695 1697/1697/1697
f 1697/1697/1697 1695/1695/1695 1694/1694/1694
f 1674/1674/1674 1673/1673/1673 1675/1675/1675
f 1673/1673/1673 1693/1693/1693 1675/1675/1675
f 1700/1700/1700 1698/1698/1698 1694/1694/1694
f 1697/1697/1697 1694/1694/1694 1698/1698/1698
f 1698/1698/1698 1700/1700/1700 1699/1699/1699
f 1673/1673/1673 1700/1700/1700 1694/1694/1694
f 1673/1673/1673 1694/1694/1694 1693/1693/1693
f 1691/1691/1691 1677/1677/1677 1693/1693/1693
f 1711/1711/1711 1712/1712/1712 1709/1709/1709
f 1713/1713/1713 1714/1714/1714 1712/1712/1712
f 1714/1714/1714 1709/1709/1709 1712/1712/1712
f 1715/1715/1715 1716/1716/1716 1714/1714/1714
f 1708/1708/1708 1716/1716/1716 1719/1719/1719
f 1716/1716/1716 1709/1709/1709 1714/1714/1714
f 1711/1711/1711 1709/1709/1709 1710/1710/1710
f 1707/1707/1707 1705/1705/1705 1706/1706/1706
f 1708/1708/1708 1719/1719/1719 1705/1705/1705
f 1703/1703/1703 1704/1704/1704 1705/1705/1705
f 1708/1708/1708 1705/1705/1705 1707/1707/1707
f 1708/1708/1708 1709/1709/1709 1716/1716/1716
f 1716/1716/1716 1717/1717/1717 1719/1719/1719
f 1719/1719/1719 1720/1720/1720 1721/1721/1721
f 1705/1705/1705 1721/1721/1721 1703/1703/1703
f 1717/1717/1717 1718/1718/1718 1719/1719/1719
f 1724/1724/1724 1725/1725/1725 1723/1723/1723
f 1725/1725/1725 1722/1722/1722 1723/1723/1723
f 1702/1702/1702 1703/1703/1703 1701/1701/1701
f 1701/1701/1701 1703/1703/1703 1721/1721/1721
f 1728/1728/1728 1722/1722/1722 1726/1726/1726
f 1725/1725/1725 1726/1726/1726 1722/1722/1722
f 1726/1726/1726 1727/1727/1727 1728/1728/1728
f 1701/1701/1701 1722/1722/1722 1728/1728/1728
f 1701/1701/1701 1721/1721/1721 1722/1722/1722
f 1719/1719/1719 1721/1721/1721 1705/1705/1705
usemtl Default
v 108.81417083740234 0 -225.19961547851562
v 108.81417083740234 10.699999809265137 -225.19961547851562
v 108.89187622070312 0 -223.96867370605469
v 108.89187622070312 10.699999809265137 -223.96867370605469
v 108.89187622070312 0 -223.96867370605469
v 108.89187622070312 10.699999809265137 -223.96867370605469
v 107.05077362060547 0 -223.835693359375
v 107.05077362060547 10.699999809265137 -223.835693359375
v 107.05077362060547 0 -223.835693359375
v 107.05077362060547 10.699999809265137 -223.835693359375
v 107.99293518066406 0 -209.71591186523438
v 107.99293518066406 10.699999809265137 -209.71591186523438
v 107.99293518066406 0 -209.71591186523438
v 107.99293518066406 10.699999809265137 -209.71591186523438
v 116.95829010009766 0 -210.40953063964844
v 116.95829010009766 10.699999809265137 -210.40953063964844
v 116.95829010009766 0 -210.40953063964844
v 116.95829010009766 10.699999809265137 -210.40953063964844
v 134.79762268066406 0 -213.66412353515625
v 134.79762268066406 10.699999809265137 -213.66412353515625
v 134.79762268066406 0 -213.66412353515625
v 134.79762268066406 10.699999809265137 -213.66412353515625
v 134.64361572265625 0 -215.85037231445312
v 134.64361572265625 10.699999809265137 -215.85037231445312
v 134.64361572265625 0 -215.85037231445312
v 134.64361572265625 10.699999809265137 -215.85037231445312
v 147.26739501953125 0 -216.45350646972656
v 147.26739501953125 10.699999809265137 -216.45350646972656
v 147.26739501953125 0 -216.45350646972656
v 147.26739501953125 10.699999809265137 -216.45350646972656
v 147.23417663574219 0 -216.72695922851562
v 147.23417663574219 10.699999809265137 -216.72695922851562
v 147.23417663574219 0 -216.72695922851562
v 147.23417663574219 10.699999809265137 -216.72695922851562
v 167.51084899902344 0 -217.34841918945312
v 167.51084899902344 10.699999809265137 -217.34841918945312
v 167.51084899902344 0 -217.34841918945312
v 167.51084899902344 10.699999809265137 -217.34841918945312
v 170.83648681640625 0 -218.43850708007812
v 170.83648681640625 10.699999809265137 -218.43850708007812
v 170.83648681640625 0 -218.43850708007812
v 170.83648681640625 10.699999809265137 -218.43850708007812
v 164.57142639160156 0 -228.10641479492188
v 164.57142639160156 10.699999809265137 -228.10641479492188
v 164.57142639160156 0 -228.10641479492188
v 164.57142639160156 10.699999809265137 -228.10641479492188
v 108.81417083740234 0 -225.19961547851562
v 108.81417083740234 10.699999809265137 -225.19961547851562
v 108.81417083740234 0 -225.19961547851562
v 108.89187622070312 0 -223.96867370605469
v 107.05077362060547 0 -223.835693359375
v 107.99293518066406 0 -209.71591186523438
v 116.95829010009766 0 -210.40953063964844
v 134.79762268066406 0 -213.66412353515625
v 134.64361572265625 0 -215.85037231445312
v 147.26739501953125 0 -216.45350646972656
v 147.23417663574219 0 -216.72695922851562
v 167.51084899902344 0 -217.34841918945312
v 170.83648681640625 0 -218.43850708007812
v 164.57142639160156 0 -228.10641479492188
v 108.81417083740234 10.699999809265137 -225.19961547851562
v 108.89187622070312 10.699999809265137 -223.96867370605469
v 107.05077362060547 10.699999809265137 -223.835693359375
v 107.99293518066406 10.699999809265137 -209.71591186523438
v 116.95829010009766 10.699999809265137 -210.40953063964844
v 134.79762268066406 10.699999809265137 -213.66412353515625
v 134.64361572265625 10.699999809265137 -215.85037231445312
v 147.26739501953125 10.699999809265137 -216.45350646972656
v 147.23417663574219 10.699999809265137 -216.72695922851562
v 167.51084899902344 10.699999809265137 -217.34841918945312
v 170.83648681640625 10.699999809265137 -218.43850708007812
v 164.57142639160156 10.699999809265137 -228.10641479492188
vt 0 0
vt 0 0.55900609493255615
vt 0.083333335816860199 0
vt 0.083333335816860199 0.55900609493255615
vt 0.083333335816860199 0
vt 0.083333335816860199 0.55900609493255615
vt 0.1666666716337204 0
vt 0.1666666716337204 0.55900609493255615
vt 0.1666666716337204 0
vt 0.1666666716337204 0.55900609493255615
vt 0.25 0
vt 0.25 0.55900609493255615
vt 0.25 0
vt 0.25 0.55900609493255615
vt 0.3333333432674408 0
vt 0.3333333432674408 0.55900609493255615
vt 0.3333333432674408 0
vt 0.3333333432674408 0.55900609493255615
vt 0.4166666567325592 0
vt 0.4166666567325592 0.55900609493255615
vt 0.4166666567325592 0
vt 0.4166666567325592 0.55900609493255615
vt 0.5 0
vt 0.5 0.55900609493255615
vt 0.5 0
vt 0.5 0.55900609493255615
vt 0.58333331346511841 0
vt 0.58333331346511841 0.55900609493255615
vt 0.58333331346511841 0
vt 0.58333331346511841 0.55900609493255615
vt 0.66666668653488159 0
vt 0.66666668653488159 0.55900609493255615
vt 0.66666668653488159 0
vt 0.66666668653488159 0.55900609493255615
vt 0.75 0
vt 0.75 0.55900609493255615
vt 0.75 0
vt 0.75 0.55900609493255615
vt 0.83333331346511841 0
vt 0.83333331346511841 0.55900609493255615
vt 0.83333331346511841 0
vt 0.83333331346511841 0.55900609493255615
vt 0.91666668653488159 0
vt 0.91666668653488159 0.55900609493255615
vt 0.91666668653488159 0
vt 0.91666668653488159 0.55900609493255615
vt 1 0
vt 1 0.55900609493255615
vt 0.31893685460090637 1
vt 0.32303473353385925 0.98822194337844849
vt 0.33370205760002136 0.9982486367225647
vt 0.38042613863945007 0.86283552646636963
vt 0.32831144332885742 0.81443339586257935
vt 0.21771891415119171 0.73533475399017334
vt 0.21052926778793335 0.75635123252868652
vt 0.13852234184741974 0.68476802110671997
vt 0.137700155377388 0.68748193979263306
vt 0.023317888379096985 0.56931388378143311
vt 0.000923246203456074 0.55900663137435913
vt 0 0.68605858087539673
vt 0.31893685460090637 0.55900663137435913
vt 0.32303473353385925 0.57078468799591064
vt 0.33370205760002136 0.56075805425643921
vt 0.38042613863945007 0.69617116451263428
vt 0.32831144332885742 0.74457329511642456
vt 0.21771891415119171 0.82367193698883057
vt 0.21052926778793335 0.80265539884567261
vt 0.13852234184741974 0.87423861026763916
vt 0.137700155377388 0.87152469158172607
vt 0.023317888379096985 0.9896928071975708
vt 0.000923246203456074 1
vt 0 0.87294811010360718
vn -0.99801373481750488 0 0.062996864318847656
vn -0.99801373481750488 0 0.062996864318847656
vn -0.99801373481750488 0 0.062996864318847656
vn -0.99801373481750488 0 0.062996864318847656
vn -0.072036281228065491 0 -0.99740201234817505
vn -0.072036281228065491 0 -0.99740201234817505
vn -0.072036281228065491 0 -0.99740201234817505
vn -0.072036281228065491 0 -0.99740201234817505
vn -0.99778121709823608 0 0.066578522324562073
vn -0.99778121709823608 0 0.066578522324562073
vn -0.99778121709823608 0 0.066578522324562073
vn -0.99778121709823608 0 0.066578522324562073
vn 0.077135249972343445 0 0.9970206618309021
vn 0.077135249972343445 0 0.9970206618309021
vn 0.077135249972343445 0 0.9970206618309021
vn 0.077135249972343445 0 0.9970206618309021
vn 0.17947694659233093 0 0.98376220464706421
vn 0.17947694659233093 0 0.98376220464706421
vn 0.17947694659233093 0 0.98376220464706421
vn 0.17947694659233093 0 0.98376220464706421
vn 0.99752795696258545 0 -0.070270806550979614
vn 0.99752795696258545 0 -0.070270806550979614
vn 0.99752795696258545 0 -0.070270806550979614
vn 0.99752795696258545 0 -0.070270806550979614
vn 0.047722354531288147 0 0.99886065721511841
vn 0.047722354531288147 0 0.99886065721511841
vn 0.047722354531288147 0 0.99886065721511841
vn 0.047722354531288147 0 0.99886065721511841
vn 0.99270647764205933 0 -0.12055642157793045
vn 0.99270647764205933 0 -0.12055642157793045
vn 0.99270647764205933 0 -0.12055642157793045
vn 0.99270647764205933 0 -0.12055642157793045
vn 0.030634637922048569 0 0.99953067302703857
vn 0.030634637922048569 0 0.99953067302703857
vn 0.030634637922048569 0 0.99953067302703857
vn 0.030634637922048569 0 0.99953067302703857
vn 0.31147575378417969 0 0.95025408267974854
vn 0.31147575378417969 0 0.95025408267974854
vn 0.31147575378417969 0 0.95025408267974854
vn 0.31147575378417969 0 0.95025408267974854
vn 0.8391997218132019 0 -0.54382330179214478
vn 0.8391997218132019 0 -0.54382330179214478
vn 0.8391997218132019 0 -0.54382330179214478
vn 0.8391997218132019 0 -0.54382330179214478
vn -0.052062429487705231 0 -0.99864381551742554
vn -0.052062429487705231 0 -0.99864381551742554
vn -0.052062429487705231 0 -0.99864381551742554
vn -0.052062429487705231 0 -0.99864381551742554
vn 0 -1 0
vn 0 -1 0
vn 0 -1 0
vn 0 -1 0
vn 0 -1 0
vn 0 -1 0
vn 0 -1 0
vn 0 -1 0
vn 0 -1 0
vn 0 -1 0
vn 0 -1 0
vn 0 -1 0
vn 0 1 0
vn 0 1 0
vn 0 1 0
vn 0 1 0
vn 0 1 0
vn 0 1 0
vn 0 1 0
vn 0 1 0
vn 0 1 0
vn 0 1 0
vn 0 1 0
vn 0 1 0
f 1729/1729/1729 1731/1731/1731 1732/1732/1732 1730/1730/1730
f 1733/1733/1733 1735/1735/1735 1736/1736/1736 1734/1734/1734
f 1737/1737/1737 1739/1739/1739 1740/1740/1740 1738/1738/1738
f 1741/1741/1741 1743/1743/1743 1744/1744/1744 1742/1742/1742
f 1745/1745/1745 1747/1747/1747 1748/1748/1748 1746/1746/1746
f 1749/1749/1749 1751/1751/1751 1752/1752/1752 1750/1750/1750
f 1753/1753/1753 1755/1755/1755 1756/1756/1756 1754/1754/1754
f 1757/1757/1757 1759/1759/1759 1760/1760/1760 1758/1758/1758
f 1761/1761/1761 1763/1763/1763 1764/1764/1764 1762/1762/1762
f 1765/1765/1765 1767/1767/1767 1768/1768/1768 1766/1766/1766
f 1769/1769/1769 1771/1771/1771 1772/1772/1772 1770/1770/1770
f 1773/1773/1773 1775/1775/1775 1776/1776/1776 1774/1774/1774
f 1780/1780/1780 1779/1779/1779 1778/1778/1778
f 1781/1781/1781 1780/1780/1780 1778/1778/1778
f 1783/1783/1783 1778/1778/1778 1777/1777/1777
f 1781/1781/1781 1778/1778/1778 1783/1783/1783
f 1788/1788/1788 1783/1783/1783 1777/1777/1777
f 1783/1783/1783 1782/1782/1782 1781/1781/1781
f 1783/1783/1783 1785/1785/1785 1784/1784/1784
f 1783/1783/1783 1788/1788/1788 1785/1785/1785
f 1787/1787/1787 1786/1786/1786 1788/1788/1788
f 1785/1785/1785 1788/1788/1788 1786/1786/1786
f 1792/1792/1792 1790/1790/1790 1791/1791/1791
f 1793/1793/1793 1790/1790/1790 1792/1792/1792
f 1795/1795/1795 1789/1789/1789 1790/1790/1790
f 1793/1793/1793 1795/1795/1795 1790/1790/1790
f 1800/1800/1800 1789/1789/1789 1795/1795/1795
f 1795/1795/1795 1793/1793/1793 1794/1794/1794
f 1795/1795/1795 1796/1796/1796 1797/1797/1797
f 1795/1795/1795 1797/1797/1797 1800/1800/1800
f 1799/1799/1799 1800/1800/1800 1798/1798/1798
f 1797/1797/1797 1798/1798/1798 1800/1800/1800
usemtl Default
v 86.593963623046875 0 -196.60517883300781
v 86.593963623046875 8.1999998092651367 -196.60517883300781
v 105.83810424804688 0 -199.81138610839844
v 105.83810424804688 8.1999998092651367 -199.81138610839844
v 105.83810424804688 0 -199.81138610839844
v 105.83810424804688 8.1999998092651367 -199.81138610839844
v 105.13864135742188 0 -209.36885070800781
v 105.13864135742188 8.1999998092651367 -209.36885070800781
v 105.13864135742188 0 -209.36885070800781
v 105.13864135742188 8.1999998092651367 -209.36885070800781
v 85.732406616210938 0 -207.88278198242188
v 85.732406616210938 8.1999998092651367 -207.88278198242188
v 85.732406616210938 0 -207.88278198242188
v 85.732406616210938 8.1999998092651367 -207.88278198242188
v 86.593963623046875 0 -196.60517883300781
v 86.593963623046875 8.1999998092651367 -196.60517883300781
v 86.593963623046875 0 -196.60517883300781
v 105.83810424804688 0 -199.81138610839844
v 105.13864135742188 0 -209.36885070800781
v 85.732406616210938 0 -207.88278198242188
v 86.593963623046875 8.1999998092651367 -196.60517883300781
v 105.83810424804688 8.1999998092651367 -199.81138610839844
v 105.13864135742188 8.1999998092651367 -209.36885070800781
v 85.732406616210938 8.1999998092651367 -207.88278198242188
vt 0 0
vt 0 0.5933646559715271
vt 0.25 0
vt 0.25 0.5933646559715271
vt 0.25 0
vt 0.25 0.5933646559715271
vt 0.5 0
vt 0.5 0.5933646559715271
vt 0.5 0
vt 0.5 0.5933646559715271
vt 0.75 0
vt 0.75 0.5933646559715271
vt 0.75 0
vt 0.75 0.5933646559715271
vt 1 0
vt 1 0.5933646559715271
vt 0.37600329518318176 0.77531653642654419
vt 0.078703224658966064 0.59336525201797485
vt 0 0.78339141607284546
vt 0.28363865613937378 1
vt 1 0.81804871559143066
vt 0.70269989967346191 1
vt 0.62399667501449585 0.80997383594512939
vt 0.90763533115386963 0.59336525201797485
vn 0.16434179246425629 0 0.98640346527099609
vn 0.16434179246425629 0 0.98640346527099609
vn 0.16434179246425629 0 0.98640346527099609
vn 0.16434179246425629 0 0.98640346527099609
vn 0.99733269214630127 0 -0.072989694774150848
vn 0.99733269214630127 0 -0.072989694774150848
vn 0.99733269214630127 0 -0.072989694774150848
vn 0.99733269214630127 0 -0.072989694774150848
vn -0.076353378593921661 0 -0.99708080291748047
vn -0.076353378593921661 0 -0.99708080291748047
vn -0.076353378593921661 0 -0.99708080291748047
vn -0.076353378593921661 0 -0.99708080291748047
vn -0.99709463119506836 0 0.076173089444637299
vn -0.99709463119506836 0 0.076173089444637299
vn -0.99709463119506836 0 0.076173089444637299
vn -0.99709463119506836 0 0.076173089444637299
vn 0 -1 0
vn 0 -1 0
vn 0 -1 0
vn 0 -1 0
vn 0 1 0
vn 0 1 0
vn 0 1 0
vn 0 1 0
f 1801/1801/1801 1803/1803/1803 1804/1804/1804 1802/1802/1802
f 1805/1805/1805 1807/1807/1807 1808/1808/1808 1806/1806/1806
f 1809/1809/1809 1811/1811/1811 1812/1812/1812 1810/1810/1810
f 1813/1813/1813 1815/1815/1815 1816/1816/1816 1814/1814/1814
f 1818/1818/1818 1820/1820/1820 1819/1819/1819
f 1820/1820/1820 1818/1818/1818 1817/1817/1817
f 1822/1822/1822 1823/1823/1823 1824/1824/1824
f 1824/1824/1824 1821/1821/1821 1822/1822/1822
usemtl Default
v -22.265438079833984 0 -141.1077880859375
v -22.265438079833984 14 -141.1077880859375
v -12.906445503234863 0 -144.64668273925781
v -12.906445503234863 14 -144.64668273925781
v -12.906445503234863 0 -144.64668273925781
v -12.906445503234863 14 -144.64668273925781
v -22.170042037963867 0 -167.62554931640625
v -22.170042037963867 14 -167.62554931640625
v -22.170042037963867 0 -167.62554931640625
v -22.170042037963867 14 -167.62554931640625
v -32.694679260253906 0 -166.36410522460938
v -32.694679260253906 14 -166.36410522460938
v -32.694679260253906 0 -166.36410522460938
v -32.694679260253906 14 -166.36410522460938
v -22.265438079833984 0 -141.1077880859375
v -22.265438079833984 14 -141.1077880859375
v -22.265438079833984 0 -141.1077880859375
v -12.906445503234863 0 -144.64668273925781
v -22.170042037963867 0 -167.62554931640625
v -32.694679260253906 0 -166.36410522460938
v -22.265438079833984 14 -141.1077880859375
v -12.906445503234863 14 -144.64668273925781
v -22.170042037963867 14 -167.62554931640625
v -32.694679260253906 14 -166.36410522460938
vt 0 0
vt 0 0.66078656911849976
vt 0.25 0
vt 0.25 0.66078656911849976
vt 0.25 0
vt 0.25 0.66078656911849976
vt 0.5 0
vt 0.5 0.66078656911849976
vt 0.5 0
vt 0.5 0.66078656911849976
vt 0.75 0
vt 0.75 0.66078656911849976
vt 0.75 0
vt 0.75 0.66078656911849976
vt 1 0
vt 1 0.66078656911849976
vt 0.36866968870162964 1
vt 0.39944642782211304 0.77599400281906128
vt 0.065736636519432068 0.66078722476959229
vt 0 0.87810862064361572
vt 0.9692232608795166 0.66078722476959229
vt 1 0.88479322195053101
vt 0.66629022359848022 1
vt 0.60055357217788696 0.78267860412597656
vn 0.35368669033050537 0 0.93536394834518433
vn 0.35368669033050537 0 0.93536394834518433
vn 0.35368669033050537 0 0.93536394834518433
vn 0.35368669033050537 0 0.93536394834518433
vn 0.92747044563293457 0 -0.37389639019966125
vn 0.92747044563293457 0 -0.37389639019966125
vn 0.92747044563293457 0 -0.37389639019966125
vn 0.92747044563293457 0 -0.37389639019966125
vn -0.11900469660758972 0 -0.99289369583129883
vn -0.11900469660758972 0 -0.99289369583129883
vn -0.11900469660758972 0 -0.99289369583129883
vn -0.11900469660758972 0 -0.99289369583129883
vn -0.92429643869400024 0 0.38167533278465271
vn -0.92429643869400024 0 0.38167533278465271
vn -0.92429643869400024 0 0.38167533278465271
vn -0.92429643869400024 0 0.38167533278465271
vn 0 -1 0
vn 0 -1 0
vn 0 -1 0
vn 0 -1 0
vn 0 1 0
vn 0 1 0
vn 0 1 0
vn 0 1 0
f 1825/1825/1825 1827/1827/1827 1828/1828/1828 1826/1826/1826
f 1829/1829/1829 1831/1831/1831 1832/1832/1832 1830/1830/1830
f 1833/1833/1833 1835/1835/1835 1836/1836/1836 1834/1834/1834
f 1837/1837/1837 1839/1839/1839 1840/1840/1840 1838/1838/1838
f 1841/1841/1841 1844/1844/1844 1843/1843/1843
f 1843/1843/1843 1842/1842/1842 1841/1841/1841
f 1845/1845/1845 1847/1847/1847 1848/1848/1848
f 1847/1847/1847 1845/1845/1845 1846/1846/1846
usemtl Default
v 52.186508178710938 0 -186.11729431152344
v 52.186508178710938 3.2000000476837158 -186.11729431152344
v 54.206943511962891 0 -186.48631286621094
v 54.206943511962891 3.2000000476837158 -186.48631286621094
v 54.206943511962891 0 -186.48631286621094
v 54.206943511962891 3.2000000476837158 -186.48631286621094
v 54.716785430908203 0 -183.68255615234375
v 54.716785430908203 3.2000000476837158 -183.68255615234375
v 54.716785430908203 0 -183.68255615234375
v 54.716785430908203 3.2000000476837158 -183.68255615234375
v 60.120822906494141 0 -184.65866088867188
v 60.120822906494141 3.2000000476837158 -184.65866088867188
v 60.120822906494141 0 -184.65866088867188
v 60.120822906494141 3.2000000476837158 -184.65866088867188
v 57.42034912109375 0 -198.67155456542969
v 57.42034912109375 3.2000000476837158 -198.67155456542969
v 57.42034912109375 0 -198.67155456542969
v 57.42034912109375 3.2000000476837158 -198.67155456542969
v 50.145923614501953 0 -197.36837768554688
v 50.145923614501953 3.2000000476837158 -197.36837768554688
v 50.145923614501953 0 -197.36837768554688
v 50.145923614501953 3.2000000476837158 -197.36837768554688
v 52.186508178710938 0 -186.11729431152344
v 52.186508178710938 3.2000000476837158 -186.11729431152344
v 52.186508178710938 0 -186.11729431152344
v 54.206943511962891 0 -186.48631286621094
v 54.716785430908203 0 -183.68255615234375
v 60.120822906494141 0 -184.65866088867188
v 57.42034912109375 0 -198.67155456542969
v 50.145923614501953 0 -197.36837768554688
v 52.186508178710938 3.2000000476837158 -186.11729431152344
v 54.206943511962891 3.2000000476837158 -186.48631286621094
v 54.716785430908203 3.2000000476837158 -183.68255615234375
v 60.120822906494141 3.2000000476837158 -184.65866088867188
v 57.42034912109375 3.2000000476837158 -198.67155456542969
v 50.145923614501953 3.2000000476837158 -197.36837768554688
vt 0 0
vt 0 0.56195986270904541
vt 0.1666666716337204 0
vt 0.1666666716337204 0.56195986270904541
vt 0.1666666716337204 0
vt 0.1666666716337204 0.56195986270904541
vt 0.3333333432674408 0
vt 0.3333333432674408 0.56195986270904541
vt 0.3333333432674408 0
vt 0.3333333432674408 0.56195986270904541
vt 0.5 0
vt 0.5 0.56195986270904541
vt 0.5 0
vt 0.5 0.56195986270904541
vt 0.66666668653488159 0
vt 0.66666668653488159 0.56195986270904541
vt 0.66666668653488159 0
vt 0.66666668653488159 0.56195986270904541
vt 0.83333331346511841 0
vt 0.83333331346511841 0.56195986270904541
vt 0.83333331346511841 0
vt 0.83333331346511841 0.56195986270904541
vt 1 0
vt 1 0.56195986270904541
vt 0.24137760698795319 1
vt 0.26004636287689209 0.92694270610809326
vt 0.32021421194076538 0.97064590454101562
vt 0.37035578489303589 0.77547377347946167
vt 0.067701995372772217 0.56196045875549316
vt 0 0.82445251941680908
vt 0.24137760698795319 0.56196045875549316
vt 0.26004636287689209 0.63501769304275513
vt 0.32021421194076538 0.59131449460983276
vt 0.37035578489303589 0.78648668527603149
vt 0.067701995372772217 1
vt 0 0.73750793933868408
vn 0.1796661913394928 0 0.98372763395309448
vn 0.1796661913394928 0 0.98372763395309448
vn 0.1796661913394928 0 0.98372763395309448
vn 0.1796661913394928 0 0.98372763395309448
vn -0.98386567831039429 0 0.17890876531600952
vn -0.98386567831039429 0 0.17890876531600952
vn -0.98386567831039429 0 0.17890876531600952
vn -0.98386567831039429 0 0.17890876531600952
vn 0.1777472198009491 0 0.98407620191574097
vn 0.1777472198009491 0 0.98407620191574097
vn 0.1777472198009491 0 0.98407620191574097
vn 0.1777472198009491 0 0.98407620191574097
vn 0.98193246126174927 0 -0.18923167884349823
vn 0.98193246126174927 0 -0.18923167884349823
vn 0.98193246126174927 0 -0.18923167884349823
vn 0.98193246126174927 0 -0.18923167884349823
vn -0.17633694410324097 0 -0.98432987928390503
vn -0.17633694410324097 0 -0.98432987928390503
vn -0.17633694410324097 0 -0.98432987928390503
vn -0.17633694410324097 0 -0.98432987928390503
vn -0.98394781351089478 0 0.17845636606216431
vn -0.98394781351089478 0 0.17845636606216431
vn -0.98394781351089478 0 0.17845636606216431
vn -0.98394781351089478 0 0.17845636606216431
vn 0 -1 0
vn 0 -1 0
vn 0 -1 0
vn 0 -1 0
vn 0 -1 0
vn 0 -1 0
vn 0 1 0
vn 0 1 0
vn 0 1 0
vn 0 1 0
vn 0 1 0
vn 0 1 0
f 1849/1849/1849 1851/1851/1851 1852/1852/1852 1850/1850/1850
f 1853/1853/1853 1855/1855/1855 1856/1856/1856 1854/1854/1854
f 1857/1857/1857 1859/1859/1859 1860/1860/1860 1858/1858/1858
f 1861/1861/1861 1863/1863/1863 1864/1864/1864 1862/1862/1862
f 1865/1865/1865 1867/1867/1867 1868/1868/1868 1866/1866/1866
f 1869/1869/1869 1871/1871/1871 1872/1872/1872 1870/1870/1870
f 1874/1874/1874 1878/1878/1878 1877/1877/1877
f 1873/1873/1873 1878/1878/1878 1874/1874/1874
f 1876/1876/1876 1875/1875/1875 1874/1874/1874
f 1877/1877/1877 1876/1876/1876 1874/1874/1874
f 1880/1880/1880 1883/1883/1883 1884/1884/1884
f 1879/1879/1879 1880/1880/1880 1884/1884/1884
f 1882/1882/1882 1880/1880/1880 1881/1881/1881
f 1883/1883/1883 1880/1880/1880 1882/1882/1882
usemtl Default
v -210.28184509277344 0 -37.349742889404297
v -210.28184509277344 40.099998474121094 -37.349742889404297
v -174.94105529785156 0 -51.696044921875
v -174.94105529785156 40.099998474121094 -51.696044921875
v -174.94105529785156 0 -51.696044921875
v -174.94105529785156 40.099998474121094 -51.696044921875
v -178.42868041992188 0 -67.282638549804688
v -178.42868041992188 40.099998474121094 -67.282638549804688
v -178.42868041992188 0 -67.282638549804688
v -178.42868041992188 40.099998474121094 -67.282638549804688
v -215.41220092773438 0 -59.9840087890625
v -215.41220092773438 40.099998474121094 -59.9840087890625
v -215.41220092773438 0 -59.9840087890625
v -215.41220092773438 40.099998474121094 -59.9840087890625
v -210.28184509277344 0 -37.349742889404297
v -210.28184509277344 40.099998474121094 -37.349742889404297
v -210.28184509277344 0 -37.349742889404297
v -174.94105529785156 0 -51.696044921875
v -178.42868041992188 0 -67.282638549804688
v -215.41220092773438 0 -59.9840087890625
v -210.28184509277344 40.099998474121094 -37.349742889404297
v -174.94105529785156 40.099998474121094 -51.696044921875
v -178.42868041992188 40.099998474121094 -67.282638549804688
v -215.41220092773438 40.099998474121094 -59.9840087890625
vt 0 0
vt 0 0.70306700468063354
vt 0.25 0
vt 0.25 0.70306700468063354
vt 0.25 0
vt 0.25 0.70306700468063354
vt 0.5 0
vt 0.5 0.70306700468063354
vt 0.5 0
vt 0.5 0.70306700468063354
vt 0.75 0
vt 0.75 0.70306700468063354
vt 0.75 0
vt 0.75 0.70306700468063354
vt 1 0
vt 1 0.70306700468063354
vt 0.374723881483078 0.78035807609558105
vt 0.049817007035017014 0.70306771993637085
vt 0 0.85406523942947388
vt 0.30285763740539551 1
vt 1 0.92270964384078979
vt 0.67509311437606812 1
vt 0.62527608871459961 0.84900248050689697
vt 0.92813372611999512 0.70306771993637085
vn 0.37613195180892944 0 0.92656612396240234
vn 0.37613195180892944 0 0.92656612396240234
vn 0.37613195180892944 0 0.92656612396240234
vn 0.37613195180892944 0 0.92656612396240234
vn 0.97586870193481445 0 -0.21835806965827942
vn 0.97586870193481445 0 -0.21835806965827942
vn 0.97586870193481445 0 -0.21835806965827942
vn 0.97586870193481445 0 -0.21835806965827942
vn -0.1936139315366745 0 -0.98107779026031494
vn -0.1936139315366745 0 -0.98107779026031494
vn -0.1936139315366745 0 -0.98107779026031494
vn -0.1936139315366745 0 -0.98107779026031494
vn -0.97526103258132935 0 0.22105623781681061
vn -0.97526103258132935 0 0.22105623781681061
vn -0.97526103258132935 0 0.22105623781681061
vn -0.97526103258132935 0 0.22105623781681061
vn 0 -1 0
vn 0 -1 0
vn 0 -1 0
vn 0 -1 0
vn 0 1 0
vn 0 1 0
vn 0 1 0
vn 0 1 0
f 1885/1885/1885 1887/1887/1887 1888/1888/1888 1886/1886/1886
f 1889/1889/1889 1891/1891/1891 1892/1892/1892 1890/1890/1890
f 1893/1893/1893 1895/1895/1895 1896/1896/1896 1894/1894/1894
f 1897/1897/1897 1899/1899/1899 1900/1900/1900 1898/1898/1898
f 1902/1902/1902 1904/1904/1904 1903/1903/1903
f 1904/1904/1904 1902/1902/1902 1901/1901/1901
f 1906/1906/1906 1907/1907/1907 1908/1908/1908
f 1908/1908/1908 1905/1905/1905 1906/1906/1906
usemtl Default
v 198.88594055175781 0 73.899955749511719
v 198.88594055175781 6.6999998092651367 73.899955749511719
v 196.82968139648438 0 79.426803588867188
v 196.82968139648438 6.6999998092651367 79.426803588867188
v 193.31106567382812 0 89.072410583496094
v 193.31106567382812 6.6999998092651367 89.072410583496094
v 193.31106567382812 0 89.072410583496094
v 193.31106567382812 6.6999998092651367 89.072410583496094
v 221.01698303222656 0 99.316162109375
v 221.01698303222656 6.6999998092651367 99.316162109375
v 221.01698303222656 0 99.316162109375
v 221.01698303222656 6.6999998092651367 99.316162109375
v 227.80256652832031 0 80.713470458984375
v 227.80256652832031 6.6999998092651367 80.713470458984375
v 227.80256652832031 0 80.713470458984375
v 227.80256652832031 6.6999998092651367 80.713470458984375
v 200.01753234863281 0 70.603965759277344
v 200.01753234863281 6.6999998092651367 70.603965759277344
v 200.01753234863281 0 70.603965759277344
v 200.01753234863281 6.6999998092651367 70.603965759277344
v 198.88594055175781 0 73.899955749511719
v 198.88594055175781 6.6999998092651367 73.899955749511719
v 198.88594055175781 0 73.899955749511719
v 196.82968139648438 0 79.426803588867188
v 193.31106567382812 0 89.072410583496094
v 221.01698303222656 0 99.316162109375
v 227.80256652832031 0 80.713470458984375
v 200.01753234863281 0 70.603965759277344
v 198.88594055175781 6.6999998092651367 73.899955749511719
v 196.82968139648438 6.6999998092651367 79.426803588867188
v 193.31106567382812 6.6999998092651367 89.072410583496094
v 221.01698303222656 6.6999998092651367 99.316162109375
v 227.80256652832031 6.6999998092651367 80.713470458984375
v 200.01753234863281 6.6999998092651367 70.603965759277344
vt 0 0
vt 0 0.54564392566680908
vt 0.1666666716337204 0
vt 0.1666666716337204 0.54564392566680908
vt 0.3333333432674408 0
vt 0.3333333432674408 0.54564392566680908
vt 0.3333333432674408 0
vt 0.3333333432674408 0.54564392566680908
vt 0.5 0
vt 0.5 0.54564392566680908
vt 0.5 0
vt 0.5 0.54564392566680908
vt 0.66666668653488159 0
vt 0.66666668653488159 0.54564392566680908
vt 0.66666668653488159 0
vt 0.66666668653488159 0.54564392566680908
vt 0.83333331346511841 0
vt 0.83333331346511841 0.54564392566680908
vt 0.83333331346511841 0
vt 0.83333331346511841 0.54564392566680908
vt 1 0
vt 1 0.54564392566680908
vt 0.021483618766069412 0.82225054502487183
vt 0.056615926325321198 0.88728839159011841
vt 0.11832333356142044 1
vt 0.36057284474372864 0.76301652193069458
vt 0.24156004190444946 0.54564446210861206
vt 0 0.78453856706619263
vt 0.021483618766069412 0.72339385747909546
vt 0.056615926325321198 0.65835601091384888
vt 0.11832333356142044 0.54564446210861206
vt 0.36057284474372864 0.78262794017791748
vt 0.24156004190444946 1
vt 0 0.76110589504241943
vn -0.93723535537719727 0 -0.34869742393493652
vn -0.93723535537719727 0 -0.34869742393493652
vn -0.939444899559021 0 -0.34269991517066956
vn -0.939444899559021 0 -0.34269991517066956
vn -0.939444899559021 0 -0.34269991517066956
vn -0.939444899559021 0 -0.34269991517066956
vn -0.34678739309310913 0 0.93794375658035278
vn -0.34678739309310913 0 0.93794375658035278
vn -0.34678739309310913 0 0.93794375658035278
vn -0.34678739309310913 0 0.93794375658035278
vn 0.9394528865814209 0 0.3426780104637146
vn 0.9394528865814209 0 0.3426780104637146
vn 0.9394528865814209 0 0.3426780104637146
vn 0.9394528865814209 0 0.3426780104637146
vn 0.34191796183586121 0 -0.93972980976104736
vn 0.34191796183586121 0 -0.93972980976104736
vn 0.34191796183586121 0 -0.93972980976104736
vn 0.34191796183586121 0 -0.93972980976104736
vn -0.94581025838851929 0 -0.3247198760509491
vn -0.94581025838851929 0 -0.3247198760509491
vn -0.94581025838851929 0 -0.3247198760509491
vn -0.94581025838851929 0 -0.3247198760509491
vn 0 -1 0
vn 0 -1 0
vn 0 -1 0
vn 0 -1 0
vn 0 -1 0
vn 0 -1 0
vn 0 1 0
vn 0 1 0
vn 0 1 0
vn 0 1 0
vn 0 1 0
vn 0 1 0
f 1909/1909/1909 1911/1911/1911 1912/1912/1912 1910/1910/1910
f 1911/1911/1911 1913/1913/1913 1914/1914/1914 1912/1912/1912
f 1915/1915/1915 1917/1917/1917 1918/1918/1918 1916/1916/1916
f 1919/1919/1919 1921/1921/1921 1922/1922/1922 1920/1920/1920
f 1923/1923/1923 1925/1925/1925 1926/1926/1926 1924/1924/1924
f 1927/1927/1927 1929/1929/1929 1930/1930/1930 1928/1928/1928
f 1935/1935/1935 1932/1932/1932 1931/1931/1931
f 1935/1935/1935 1931/1931/1931 1936/1936/1936
f 1932/1932/1932 1935/1935/1935 1934/1934/1934
f 1933/1933/1933 1932/1932/1932 1934/1934/1934
f 1941/1941/1941 1937/1937/1937 1938/1938/1938
f 1941/1941/1941 1942/1942/1942 1937/1937/1937
f 1938/1938/1938 1940/1940/1940 1941/1941/1941
f 1939/1939/1939 1940/1940/1940 1938/1938/1938
usemtl Default
v 317.13876342773438 0 71.251197814941406
v 317.13876342773438 7.1999998092651367 71.251197814941406
v 302.54183959960938 0 65.408676147460938
v 302.54183959960938 7.1999998092651367 65.408676147460938
v 302.54183959960938 0 65.408676147460938
v 302.54183959960938 7.1999998092651367 65.408676147460938
v 309.17388916015625 0 49.440563201904297
v 309.17388916015625 7.1999998092651367 49.440563201904297
v 309.17388916015625 0 49.440563201904297
v 309.17388916015625 7.1999998092651367 49.440563201904297
v 296.71939086914062 0 44.237606048583984
v 296.71939086914062 7.1999998092651367 44.237606048583984
v 296.71939086914062 0 44.237606048583984
v 296.71939086914062 7.1999998092651367 44.237606048583984
v 294.25634765625 0 50.110992431640625
v 294.25634765625 7.1999998092651367 50.110992431640625
v 290.61273193359375 0 58.7774658203125
v 290.61273193359375 7.1999998092651367 58.7774658203125
v 285.89144897460938 0 70.566719055175781
v 285.89144897460938 7.1999998092651367 70.566719055175781
v 285.89144897460938 0 70.566719055175781
v 285.89144897460938 7.1999998092651367 70.566719055175781
v 307.04232788085938 0 79.121681213378906
v 307.04232788085938 7.1999998092651367 79.121681213378906
v 309.13681030273438 0 79.943008422851562
v 309.13681030273438 7.1999998092651367 79.943008422851562
v 309.13681030273438 0 79.943008422851562
v 309.13681030273438 7.1999998092651367 79.943008422851562
v 315.24081420898438 0 75.987258911132812
v 315.24081420898438 7.1999998092651367 75.987258911132812
v 315.24081420898438 0 75.987258911132812
v 315.24081420898438 7.1999998092651367 75.987258911132812
v 317.13876342773438 0 71.251197814941406
v 317.13876342773438 7.1999998092651367 71.251197814941406
v 317.13876342773438 0 71.251197814941406
v 302.54183959960938 0 65.408676147460938
v 309.17388916015625 0 49.440563201904297
v 296.71939086914062 0 44.237606048583984
v 294.25634765625 0 50.110992431640625
v 290.61273193359375 0 58.7774658203125
v 285.89144897460938 0 70.566719055175781
v 307.04232788085938 0 79.121681213378906
v 309.13681030273438 0 79.943008422851562
v 315.24081420898438 0 75.987258911132812
v 317.13876342773438 7.1999998092651367 71.251197814941406
v 302.54183959960938 7.1999998092651367 65.408676147460938
v 309.17388916015625 7.1999998092651367 49.440563201904297
v 296.71939086914062 7.1999998092651367 44.237606048583984
v 294.25634765625 7.1999998092651367 50.110992431640625
v 290.61273193359375 7.1999998092651367 58.7774658203125
v 285.89144897460938 7.1999998092651367 70.566719055175781
v 307.04232788085938 7.1999998092651367 79.121681213378906
v 309.13681030273438 7.1999998092651367 79.943008422851562
v 315.24081420898438 7.1999998092651367 75.987258911132812
vt 0 0
vt 0 0.55189323425292969
vt 0.10000000149011612 0
vt 0.10000000149011612 0.55189323425292969
vt 0.10000000149011612 0
vt 0.10000000149011612 0.55189323425292969
vt 0.20000000298023224 0
vt 0.20000000298023224 0.55189323425292969
vt 0.20000000298023224 0
vt 0.20000000298023224 0.55189323425292969
vt 0.30000001192092896 0
vt 0.30000001192092896 0.55189323425292969
vt 0.30000001192092896 0
vt 0.30000001192092896 0.55189323425292969
vt 0.40000000596046448 0
vt 0.40000000596046448 0.55189323425292969
vt 0.5 0
vt 0.5 0.55189323425292969
vt 0.60000002384185791 0
vt 0.60000002384185791 0.55189323425292969
vt 0.60000002384185791 0
vt 0.60000002384185791 0.55189323425292969
vt 0.69999998807907104 0
vt 0.69999998807907104 0.55189323425292969
vt 0.80000001192092896 0
vt 0.80000001192092896 0.55189323425292969
vt 0.80000001192092896 0
vt 0.80000001192092896 0.55189323425292969
vt 0.89999997615814209 0
vt 0.89999997615814209 0.55189323425292969
vt 0.89999997615814209 0
vt 0.89999997615814209 0.55189323425292969
vt 1 0
vt 1 0.55189323425292969
vt 0.30066570639610291 0.63045209646224976
vt 0.18547669053077698 0.75898659229278564
vt 0.099896565079689026 0.55189377069473267
vt 0 0.65982252359390259
vt 0.031361673027276993 0.73627889156341553
vt 0.077591538429260254 0.84920555353164673
vt 0.14163835346698761 1
vt 0.30920699238777161 0.81446647644042969
vt 0.3256092369556427 0.79588758945465088
vt 0.32638868689537048 0.69104582071304321
vt 0.30066570639610291 0.92144167423248291
vt 0.18547669053077698 0.79290717840194702
vt 0.099896565079689026 1
vt 0 0.89207124710083008
vt 0.031361673027276993 0.81561487913131714
vt 0.077591538429260254 0.70268821716308594
vt 0.14163835346698761 0.55189377069473267
vt 0.30920699238777161 0.73742729425430298
vt 0.3256092369556427 0.75600618124008179
vt 0.32638868689537048 0.86084794998168945
vn 0.3715960681438446 0 -0.92839449644088745
vn 0.3715960681438446 0 -0.92839449644088745
vn 0.3715960681438446 0 -0.92839449644088745
vn 0.3715960681438446 0 -0.92839449644088745
vn 0.92351406812667847 0 0.38356456160545349
vn 0.92351406812667847 0 0.38356456160545349
vn 0.92351406812667847 0 0.38356456160545349
vn 0.92351406812667847 0 0.38356456160545349
vn 0.38547259569168091 0 -0.92271929979324341
vn 0.38547259569168091 0 -0.92271929979324341
vn 0.38547259569168091 0 -0.92271929979324341
vn 0.38547259569168091 0 -0.92271929979324341
vn -0.9221947193145752 0 -0.38672581315040588
vn -0.9221947193145752 0 -0.38672581315040588
vn -0.92184174060821533 0 -0.38756656646728516
vn -0.92184174060821533 0 -0.38756656646728516
vn -0.92832481861114502 0 -0.37177017331123352
vn -0.92832481861114502 0 -0.37177017331123352
vn -0.92832481861114502 0 -0.37177017331123352
vn -0.92832481861114502 0 -0.37177017331123352
vn -0.37496280670166016 0 0.92703986167907715
vn -0.37496280670166016 0 0.92703986167907715
vn -0.36507144570350647 0 0.93097949028015137
vn -0.36507144570350647 0 0.93097949028015137
vn -0.36507144570350647 0 0.93097949028015137
vn -0.36507144570350647 0 0.93097949028015137
vn 0.54384195804595947 0 0.83918768167495728
vn 0.54384195804595947 0 0.83918768167495728
vn 0.54384195804595947 0 0.83918768167495728
vn 0.54384195804595947 0 0.83918768167495728
vn 0.92823749780654907 0 0.37198808789253235
vn 0.92823749780654907 0 0.37198808789253235
vn 0.92823749780654907 0 0.37198808789253235
vn 0.92823749780654907 0 0.37198808789253235
vn 0 -1 0
vn 0 -1 0
vn 0 -1 0
vn 0 -1 0
vn 0 -1 0
vn 0 -1 0
vn 0 -1 0
vn 0 -1 0
vn 0 -1 0
vn 0 -1 0
vn 0 1 0
vn 0 1 0
vn 0 1 0
vn 0 1 0
vn 0 1 0
vn 0 1 0
vn 0 1 0
vn 0 1 0
vn 0 1 0
vn 0 1 0
f 1943/1943/1943 1945/1945/1945 1946/1946/1946 1944/1944/1944
f 1947/1947/1947 1949/1949/1949 1950/1950/1950 1948/1948/1948
f 1951/1951/1951 1953/1953/1953 1954/1954/1954 1952/1952/1952
f 1955/1955/1955 1957/1957/1957 1958/1958/1958 1956/1956/1956
f 1957/1957/1957 1959/1959/1959 1960/1960/1960 1958/1958/1958
f 1959/1959/1959 1961/1961/1961 1962/1962/1962 1960/1960/1960
f 1963/1963/1963 1965/1965/1965 1966/1966/1966 1964/1964/1964
f 1965/1965/1965 1967/1967/1967 1968/1968/1968 1966/1966/1966
f 1969/1969/1969 1971/1971/1971 1972/1972/1972 1970/1970/1970
f 1973/1973/1973 1975/1975/1975 1976/1976/1976 1974/1974/1974
f 1982/1982/1982 1981/1981/1981 1978/1978/1978
f 1979/1979/1979 1981/1981/1981 1980/1980/1980
f 1981/1981/1981 1979/1979/1979 1978/1978/1978
f 1978/1978/1978 1983/1983/1983 1982/1982/1982
f 1986/1986/1986 1985/1985/1985 1984/1984/1984
f 1977/1977/1977 1986/1986/1986 1978/1978/1978
f 1984/1984/1984 1978/1978/1978 1986/1986/1986
f 1983/1983/1983 1978/1978/1978 1984/1984/1984
f 1992/1992/1992 1988/1988/1988 1991/1991/1991
f 1989/1989/1989 1990/1990/1990 1991/1991/1991
f 1991/1991/1991 1988/1988/1988 1989/1989/1989
f 1988/1988/1988 1992/1992/1992 1993/1993/1993
f 1996/1996/1996 1994/1994/1994 1995/1995/1995
f 1987/1987/1987 1988/1988/1988 1996/1996/1996
f 1994/1994/1994 1996/1996/1996 1988/1988/1988
f 1993/1993/1993 1994/1994/1994 1988/1988/1988
usemtl Default
v 144.50094604492188 0 160.47160339355469
v 144.50094604492188 7.4000000953674316 160.47160339355469
v 143.79179382324219 0 160.24900817871094
v 143.79179382324219 7.4000000953674316 160.24900817871094
v 143.79179382324219 0 160.24900817871094
v 143.79179382324219 7.4000000953674316 160.24900817871094
v 142.945068359375 0 162.30953979492188
v 142.945068359375 7.4000000953674316 162.30953979492188
v 142.945068359375 0 162.30953979492188
v 142.945068359375 7.4000000953674316 162.30953979492188
v 143.60443115234375 0 162.59205627441406
v 143.60443115234375 7.4000000953674316 162.59205627441406
v 143.60443115234375 0 162.59205627441406
v 143.60443115234375 7.4000000953674316 162.59205627441406
v 142.881103515625 0 164.29606628417969
v 142.881103515625 7.4000000953674316 164.29606628417969
v 142.881103515625 0 164.29606628417969
v 142.881103515625 7.4000000953674316 164.29606628417969
v 142.28659057617188 0 164.04527282714844
v 142.28659057617188 7.4000000953674316 164.04527282714844
v 142.28659057617188 0 164.04527282714844
v 142.28659057617188 7.4000000953674316 164.04527282714844
v 141.21751403808594 0 166.60020446777344
v 141.21751403808594 7.4000000953674316 166.60020446777344
v 141.21751403808594 0 166.60020446777344
v 141.21751403808594 7.4000000953674316 166.60020446777344
v 141.81982421875 0 166.845947265625
v 141.81982421875 7.4000000953674316 166.845947265625
v 141.81982421875 0 166.845947265625
v 141.81982421875 7.4000000953674316 166.845947265625
v 141.33682250976562 0 167.99783325195312
v 141.33682250976562 7.4000000953674316 167.99783325195312
v 141.33682250976562 0 167.99783325195312
v 141.33682250976562 7.4000000953674316 167.99783325195312
v 140.81137084960938 0 167.78524780273438
v 140.81137084960938 7.4000000953674316 167.78524780273438
v 140.81137084960938 0 167.78524780273438
v 140.81137084960938 7.4000000953674316 167.78524780273438
v 140.29541015625 0 169.02301025390625
v 140.29541015625 7.4000000953674316 169.02301025390625
v 140.29541015625 0 169.02301025390625
v 140.29541015625 7.4000000953674316 169.02301025390625
v 140.81306457519531 0 169.24064636230469
v 140.81306457519531 7.4000000953674316 169.24064636230469
v 140.81306457519531 0 169.24064636230469
v 140.81306457519531 7.4000000953674316 169.24064636230469
v 140.39236450195312 0 170.23231506347656
v 140.39236450195312 7.4000000953674316 170.23231506347656
v 140.39236450195312 0 170.23231506347656
v 140.39236450195312 7.4000000953674316 170.23231506347656
v 140.04107666015625 0 170.10044860839844
v 140.04107666015625 7.4000000953674316 170.10044860839844
v 140.04107666015625 0 170.10044860839844
v 140.04107666015625 7.4000000953674316 170.10044860839844
v 139.52511596679688 0 171.33822631835938
v 139.52511596679688 7.4000000953674316 171.33822631835938
v 139.52511596679688 0 171.33822631835938
v 139.52511596679688 7.4000000953674316 171.33822631835938
v 139.87281799316406 0 171.48162841796875
v 139.87281799316406 7.4000000953674316 171.48162841796875
v 139.87281799316406 0 171.48162841796875
v 139.87281799316406 7.4000000953674316 171.48162841796875
v 139.61514282226562 0 172.10952758789062
v 139.61514282226562 7.4000000953674316 172.10952758789062
v 139.61514282226562 0 172.10952758789062
v 139.61514282226562 7.4000000953674316 172.10952758789062
v 139.23922729492188 0 171.95675659179688
v 139.23922729492188 7.4000000953674316 171.95675659179688
v 139.23922729492188 0 171.95675659179688
v 139.23922729492188 7.4000000953674316 171.95675659179688
v 138.689697265625 0 173.26237487792969
v 138.689697265625 7.4000000953674316 173.26237487792969
v 138.689697265625 0 173.26237487792969
v 138.689697265625 7.4000000953674316 173.26237487792969
v 139.05781555175781 0 173.42019653320312
v 139.05781555175781 7.4000000953674316 173.42019653320312
v 139.05781555175781 0 173.42019653320312
v 139.05781555175781 7.4000000953674316 173.42019653320312
v 138.63352966308594 0 174.42341613769531
v 138.63352966308594 7.4000000953674316 174.42341613769531
v 138.63352966308594 0 174.42341613769531
v 138.63352966308594 7.4000000953674316 174.42341613769531
v 138.27742004394531 0 174.26702880859375
v 138.27742004394531 7.4000000953674316 174.26702880859375
v 138.27742004394531 0 174.26702880859375
v 138.27742004394531 7.4000000953674316 174.26702880859375
v 137.18318176269531 0 176.90278625488281
v 137.18318176269531 7.4000000953674316 176.90278625488281
v 137.18318176269531 0 176.90278625488281
v 137.18318176269531 7.4000000953674316 176.90278625488281
v 137.53868103027344 0 177.0411376953125
v 137.53868103027344 7.4000000953674316 177.0411376953125
v 137.53868103027344 0 177.0411376953125
v 137.53868103027344 7.4000000953674316 177.0411376953125
v 136.99275207519531 0 178.335205078125
v 136.99275207519531 7.4000000953674316 178.335205078125
v 136.99275207519531 0 178.335205078125
v 136.99275207519531 7.4000000953674316 178.335205078125
v 136.59220886230469 0 178.16151428222656
v 136.59220886230469 7.4000000953674316 178.16151428222656
v 136.59220886230469 0 178.16151428222656
v 136.59220886230469 7.4000000953674316 178.16151428222656
v 135.06588745117188 0 181.8055419921875
v 135.06588745117188 7.4000000953674316 181.8055419921875
v 135.06588745117188 0 181.8055419921875
v 135.06588745117188 7.4000000953674316 181.8055419921875
v 135.47003173828125 0 181.96768188476562
v 135.47003173828125 7.4000000953674316 181.96768188476562
v 135.47003173828125 0 181.96768188476562
v 135.47003173828125 7.4000000953674316 181.96768188476562
v 135.190185546875 0 182.64683532714844
v 135.190185546875 7.4000000953674316 182.64683532714844
v 135.190185546875 0 182.64683532714844
v 135.190185546875 7.4000000953674316 182.64683532714844
v 142.09309387207031 0 185.53883361816406
v 142.09309387207031 7.4000000953674316 185.53883361816406
v 142.09309387207031 0 185.53883361816406
v 142.09309387207031 7.4000000953674316 185.53883361816406
v 151.68202209472656 0 162.04946899414062
v 151.68202209472656 7.4000000953674316 162.04946899414062
v 151.68202209472656 0 162.04946899414062
v 151.68202209472656 7.4000000953674316 162.04946899414062
v 145.97743225097656 0 160.04942321777344
v 145.97743225097656 7.4000000953674316 160.04942321777344
v 145.97743225097656 0 160.04942321777344
v 145.97743225097656 7.4000000953674316 160.04942321777344
v 146.1182861328125 0 159.73690795898438
v 146.1182861328125 7.4000000953674316 159.73690795898438
v 146.1182861328125 0 159.73690795898438
v 146.1182861328125 7.4000000953674316 159.73690795898438
v 144.96835327148438 0 159.329833984375
v 144.96835327148438 7.4000000953674316 159.329833984375
v 144.96835327148438 0 159.329833984375
v 144.96835327148438 7.4000000953674316 159.329833984375
v 144.50094604492188 0 160.47160339355469
v 144.50094604492188 7.4000000953674316 160.47160339355469
v 144.50094604492188 0 160.47160339355469
v 143.79179382324219 0 160.24900817871094
v 142.945068359375 0 162.30953979492188
v 143.60443115234375 0 162.59205627441406
v 142.881103515625 0 164.29606628417969
v 142.28659057617188 0 164.04527282714844
v 141.21751403808594 0 166.60020446777344
v 141.81982421875 0 166.845947265625
v 141.33682250976562 0 167.99783325195312
v 140.81137084960938 0 167.78524780273438
v 140.29541015625 0 169.02301025390625
v 140.81306457519531 0 169.24064636230469
v 140.39236450195312 0 170.23231506347656
v 140.04107666015625 0 170.10044860839844
v 139.52511596679688 0 171.33822631835938
v 139.87281799316406 0 171.48162841796875
v 139.61514282226562 0 172.10952758789062
v 139.23922729492188 0 171.95675659179688
v 138.689697265625 0 173.26237487792969
v 139.05781555175781 0 173.42019653320312
v 138.63352966308594 0 174.42341613769531
v 138.27742004394531 0 174.26702880859375
v 137.18318176269531 0 176.90278625488281
v 137.53868103027344 0 177.0411376953125
v 136.99275207519531 0 178.335205078125
v 136.59220886230469 0 178.16151428222656
v 135.06588745117188 0 181.8055419921875
v 135.47003173828125 0 181.96768188476562
v 135.190185546875 0 182.64683532714844
v 142.09309387207031 0 185.53883361816406
v 151.68202209472656 0 162.04946899414062
v 145.97743225097656 0 160.04942321777344
v 146.1182861328125 0 159.73690795898438
v 144.96835327148438 0 159.329833984375
v 144.50094604492188 7.4000000953674316 160.47160339355469
v 143.79179382324219 7.4000000953674316 160.24900817871094
v 142.945068359375 7.4000000953674316 162.30953979492188
v 143.60443115234375 7.4000000953674316 162.59205627441406
v 142.881103515625 7.4000000953674316 164.29606628417969
v 142.28659057617188 7.4000000953674316 164.04527282714844
v 141.21751403808594 7.4000000953674316 166.60020446777344
v 141.81982421875 7.4000000953674316 166.845947265625
v 141.33682250976562 7.4000000953674316 167.99783325195312
v 140.81137084960938 7.4000000953674316 167.78524780273438
v 140.29541015625 7.4000000953674316 169.02301025390625
v 140.81306457519531 7.4000000953674316 169.24064636230469
v 140.39236450195312 7.4000000953674316 170.23231506347656
v 140.04107666015625 7.4000000953674316 170.10044860839844
v 139.52511596679688 7.4000000953674316 171.33822631835938
v 139.87281799316406 7.4000000953674316 171.48162841796875
v 139.61514282226562 7.4000000953674316 172.10952758789062
v 139.23922729492188 7.4000000953674316 171.95675659179688
v 138.689697265625 7.4000000953674316 173.26237487792969
v 139.05781555175781 7.4000000953674316 173.42019653320312
v 138.63352966308594 7.4000000953674316 174.42341613769531
v 138.27742004394531 7.4000000953674316 174.26702880859375
v 137.18318176269531 7.4000000953674316 176.90278625488281
v 137.53868103027344 7.4000000953674316 177.0411376953125
v 136.99275207519531 7.4000000953674316 178.335205078125
v 136.59220886230469 7.4000000953674316 178.16151428222656
v 135.06588745117188 7.4000000953674316 181.8055419921875
v 135.47003173828125 7.4000000953674316 181.96768188476562
v 135.190185546875 7.4000000953674316 182.64683532714844
v 142.09309387207031 7.4000000953674316 185.53883361816406
v 151.68202209472656 7.4000000953674316 162.04946899414062
v 145.97743225097656 7.4000000953674316 160.04942321777344
v 146.1182861328125 7.4000000953674316 159.73690795898438
v 144.96835327148438 7.4000000953674316 159.329833984375
vt 0 0
vt 0 0.57731389999389648
vt 0.029411764815449715 0
vt 0.029411764815449715 0.57731389999389648
vt 0.029411764815449715 0
vt 0.029411764815449715 0.57731389999389648
vt 0.058823529630899429 0
vt 0.058823529630899429 0.57731389999389648
vt 0.058823529630899429 0
vt 0.058823529630899429 0.57731389999389648
vt 0.088235296308994293 0
vt 0.088235296308994293 0.57731389999389648
vt 0.088235296308994293 0
vt 0.088235296308994293 0.57731389999389648
vt 0.11764705926179886 0
vt 0.11764705926179886 0.57731389999389648
vt 0.11764705926179886 0
vt 0.11764705926179886 0.57731389999389648
vt 0.14705882966518402 0
vt 0.14705882966518402 0.57731389999389648
vt 0.14705882966518402 0
vt 0.14705882966518402 0.57731389999389648
vt 0.17647059261798859 0
vt 0.17647059261798859 0.57731389999389648
vt 0.17647059261798859 0
vt 0.17647059261798859 0.57731389999389648
vt 0.20588235557079315 0
vt 0.20588235557079315 0.57731389999389648
vt 0.20588235557079315 0
vt 0.20588235557079315 0.57731389999389648
vt 0.23529411852359772 0
vt 0.23529411852359772 0.57731389999389648
vt 0.23529411852359772 0
vt 0.23529411852359772 0.57731389999389648
vt 0.26470589637756348 0
vt 0.26470589637756348 0.57731389999389648
vt 0.26470589637756348 0
vt 0.26470589637756348 0.57731389999389648
vt 0.29411765933036804 0
vt 0.29411765933036804 0.57731389999389648
vt 0.29411765933036804 0
vt 0.29411765933036804 0.57731389999389648
vt 0.32352942228317261 0
vt 0.32352942228317261 0.57731389999389648
vt 0.32352942228317261 0
vt 0.32352942228317261 0.57731389999389648
vt 0.35294118523597717 0
vt 0.35294118523597717 0.57731389999389648
vt 0.35294118523597717 0
vt 0.35294118523597717 0.57731389999389648
vt 0.38235294818878174 0
vt 0.38235294818878174 0.57731389999389648
vt 0.38235294818878174 0
vt 0.38235294818878174 0.57731389999389648
vt 0.4117647111415863 0
vt 0.4117647111415863 0.57731389999389648
vt 0.4117647111415863 0
vt 0.4117647111415863 0.57731389999389648
vt 0.44117647409439087 0
vt 0.44117647409439087 0.57731389999389648
vt 0.44117647409439087 0
vt 0.44117647409439087 0.57731389999389648
vt 0.47058823704719543 0
vt 0.47058823704719543 0.57731389999389648
vt 0.47058823704719543 0
vt 0.47058823704719543 0.57731389999389648
vt 0.5 0
vt 0.5 0.57731389999389648
vt 0.5 0
vt 0.5 0.57731389999389648
vt 0.52941179275512695 0
vt 0.52941179275512695 0.57731389999389648
vt 0.52941179275512695 0
vt 0.52941179275512695 0.57731389999389648
vt 0.55882352590560913 0
vt 0.55882352590560913 0.57731389999389648
vt 0.55882352590560913 0
vt 0.55882352590560913 0.57731389999389648
vt 0.58823531866073608 0
vt 0.58823531866073608 0.57731389999389648
vt 0.58823531866073608 0
vt 0.58823531866073608 0.57731389999389648
vt 0.61764705181121826 0
vt 0.61764705181121826 0.57731389999389648
vt 0.61764705181121826 0
vt 0.61764705181121826 0.57731389999389648
vt 0.64705884456634521 0
vt 0.64705884456634521 0.57731389999389648
vt 0.64705884456634521 0
vt 0.64705884456634521 0.57731389999389648
vt 0.67647057771682739 0
vt 0.67647057771682739 0.57731389999389648
vt 0.67647057771682739 0
vt 0.67647057771682739 0.57731389999389648
vt 0.70588237047195435 0
vt 0.70588237047195435 0.57731389999389648
vt 0.70588237047195435 0
vt 0.70588237047195435 0.57731389999389648
vt 0.73529410362243652 0
vt 0.73529410362243652 0.57731389999389648
vt 0.73529410362243652 0
vt 0.73529410362243652 0.57731389999389648
vt 0.76470589637756348 0
vt 0.76470589637756348 0.57731389999389648
vt 0.76470589637756348 0
vt 0.76470589637756348 0.57731389999389648
vt 0.79411762952804565 0
vt 0.79411762952804565 0.57731389999389648
vt 0.79411762952804565 0
vt 0.79411762952804565 0.57731389999389648
vt 0.82352942228317261 0
vt 0.82352942228317261 0.57731389999389648
vt 0.82352942228317261 0
vt 0.82352942228317261 0.57731389999389648
vt 0.85294115543365479 0
vt 0.85294115543365479 0.57731389999389648
vt 0.85294115543365479 0
vt 0.85294115543365479 0.57731389999389648
vt 0.88235294818878174 0
vt 0.88235294818878174 0.57731389999389648
vt 0.88235294818878174 0
vt 0.88235294818878174 0.57731389999389648
vt 0.91176468133926392 0
vt 0.91176468133926392 0.57731389999389648
vt 0.91176468133926392 0
vt 0.91176468133926392 0.57731389999389648
vt 0.94117647409439087 0
vt 0.94117647409439087 0.57731389999389648
vt 0.94117647409439087 0
vt 0.94117647409439087 0.57731389999389648
vt 0.97058820724487305 0
vt 0.97058820724487305 0.57731389999389648
vt 0.97058820724487305 0
vt 0.97058820724487305 0.57731389999389648
vt 1 0
vt 1 0.57731389999389648
vt 0.070152826607227325 0.98554623126983643
vt 0.076572343707084656 0.9976266622543335
vt 0.10194554179906845 0.97157937288284302
vt 0.096551716327667236 0.95903271436691284
vt 0.1177990734577179 0.9377596378326416
vt 0.12269221991300583 0.94900381565093994
vt 0.1543729305267334 0.91692900657653809
vt 0.1493520587682724 0.90568250417709351
vt 0.16364681720733643 0.89123338460922241
vt 0.16804057359695435 0.90101343393325806
vt 0.18336616456508636 0.8854515552520752
vt 0.17910014092922211 0.87567383050918579
vt 0.19146227836608887 0.86329084634780884
vt 0.19447788596153259 0.86965084075927734
vt 0.20980346202850342 0.85408896207809448
vt 0.20691688358783722 0.84756970405578613
vt 0.21464481949806213 0.83962827920913696
vt 0.21778303384780884 0.84663712978363037
vt 0.23400913178920746 0.83028346300125122
vt 0.23099865019321442 0.82327693700790405
vt 0.24348980188369751 0.81073468923568726
vt 0.24637383222579956 0.81757724285125732
vt 0.27895763516426086 0.78438729047775269
vt 0.27594330906867981 0.77786564826965332
vt 0.2920403778553009 0.76167124509811401
vt 0.29530119895935059 0.7693290114402771
vt 0.34050387144088745 0.72359907627105713
vt 0.33711403608322144 0.71610063314437866
vt 0.34548574686050415 0.70752435922622681
vt 0.28851896524429321 0.57731449604034424
vt 0 0.87497895956039429
vt 0.05004553496837616 0.97580152750015259
vt 0.046055112034082413 0.97960823774337769
vt 0.056113515049219131 1
vt 0.070152826607227325 0.59176826477050781
vt 0.076572343707084656 0.57968783378601074
vt 0.10194554179906845 0.60573512315750122
vt 0.096551716327667236 0.61828172206878662
vt 0.1177990734577179 0.63955485820770264
vt 0.12269221991300583 0.6283106803894043
vt 0.1543729305267334 0.66038548946380615
vt 0.1493520587682724 0.67163199186325073
vt 0.16364681720733643 0.68608111143112183
vt 0.16804057359695435 0.67630100250244141
vt 0.18336616456508636 0.69186288118362427
vt 0.17910014092922211 0.70164066553115845
vt 0.19146227836608887 0.71402359008789062
vt 0.19447788596153259 0.70766365528106689
vt 0.20980346202850342 0.72322547435760498
vt 0.20691688358783722 0.72974479198455811
vt 0.21464481949806213 0.7376861572265625
vt 0.21778303384780884 0.73067730665206909
vt 0.23400913178920746 0.74703097343444824
vt 0.23099865019321442 0.75403749942779541
vt 0.24348980188369751 0.76657980680465698
vt 0.24637383222579956 0.75973725318908691
vt 0.27895763516426086 0.79292720556259155
vt 0.27594330906867981 0.79944878816604614
vt 0.2920403778553009 0.81564319133758545
vt 0.29530119895935059 0.80798548460006714
vt 0.34050387144088745 0.85371536016464233
vt 0.33711403608322144 0.86121386289596558
vt 0.34548574686050415 0.86979013681411743
vt 0.28851896524429321 1
vt 0 0.70233547687530518
vt 0.05004553496837616 0.60151290893554688
vt 0.046055112034082413 0.59770619869232178
vt 0.056113515049219131 0.57731449604034424
vn 0.29947537183761597 0 -0.95410400629043579
vn 0.29947537183761597 0 -0.95410400629043579
vn 0.29947537183761597 0 -0.95410400629043579
vn 0.29947537183761597 0 -0.95410400629043579
vn -0.92495065927505493 0 -0.38008725643157959
vn -0.92495065927505493 0 -0.38008725643157959
vn -0.92495065927505493 0 -0.38008725643157959
vn -0.92495065927505493 0 -0.38008725643157959
vn -0.39382454752922058 0 0.91918563842773438
vn -0.39382454752922058 0 0.91918563842773438
vn -0.39382454752922058 0 0.91918563842773438
vn -0.39382454752922058 0 0.91918563842773438
vn -0.920501708984375 0 -0.39073848724365234
vn -0.920501708984375 0 -0.39073848724365234
vn -0.920501708984375 0 -0.39073848724365234
vn -0.920501708984375 0 -0.39073848724365234
vn 0.38867750763893127 0 -0.92137384414672852
vn 0.38867750763893127 0 -0.92137384414672852
vn 0.38867750763893127 0 -0.92137384414672852
vn 0.38867750763893127 0 -0.92137384414672852
vn -0.92249542474746704 0 -0.38600799441337585
vn -0.92249542474746704 0 -0.38600799441337585
vn -0.92249542474746704 0 -0.38600799441337585
vn -0.92249542474746704 0 -0.38600799441337585
vn -0.37775894999504089 0 0.92590397596359253
vn -0.37775894999504089 0 0.92590397596359253
vn -0.37775894999504089 0 0.92590397596359253
vn -0.37775894999504089 0 0.92590397596359253
vn -0.92220640182495117 0 -0.38669797778129578
vn -0.92220640182495117 0 -0.38669797778129578
vn -0.92220640182495117 0 -0.38669797778129578
vn -0.92220640182495117 0 -0.38669797778129578
vn 0.37504875659942627 0 -0.9270051121711731
vn 0.37504875659942627 0 -0.9270051121711731
vn 0.37504875659942627 0 -0.9270051121711731
vn 0.37504875659942627 0 -0.9270051121711731
vn -0.92301785945892334 0 -0.38475707173347473
vn -0.92301785945892334 0 -0.38475707173347473
vn -0.92301785945892334 0 -0.38475707173347473
vn -0.92301785945892334 0 -0.38475707173347473
vn -0.38757997751235962 0 0.92183607816696167
vn -0.38757997751235962 0 0.92183607816696167
vn -0.38757997751235962 0 0.92183607816696167
vn -0.38757997751235962 0 0.92183607816696167
vn -0.92058652639389038 0 -0.39053866267204285
vn -0.92058652639389038 0 -0.39053866267204285
vn -0.92058652639389038 0 -0.39053866267204285
vn -0.92058652639389038 0 -0.39053866267204285
vn 0.35142171382904053 0 -0.93621724843978882
vn 0.35142171382904053 0 -0.93621724843978882
vn 0.35142171382904053 0 -0.93621724843978882
vn 0.35142171382904053 0 -0.93621724843978882
vn -0.92301797866821289 0 -0.38475683331489563
vn -0.92301797866821289 0 -0.38475683331489563
vn -0.92301797866821289 0 -0.38475683331489563
vn -0.92301797866821289 0 -0.38475683331489563
vn -0.38129371404647827 0 0.9244539737701416
vn -0.38129371404647827 0 0.9244539737701416
vn -0.38129371404647827 0 0.9244539737701416
vn -0.38129371404647827 0 0.9244539737701416
vn -0.92513173818588257 0 -0.37964621186256409
vn -0.92513173818588257 0 -0.37964621186256409
vn -0.92513173818588257 0 -0.37964621186256409
vn -0.92513173818588257 0 -0.37964621186256409
vn 0.3764972984790802 0 -0.92641770839691162
vn 0.3764972984790802 0 -0.92641770839691162
vn 0.3764972984790802 0 -0.92641770839691162
vn 0.3764972984790802 0 -0.92641770839691162
vn -0.92168718576431274 0 -0.38793390989303589
vn -0.92168718576431274 0 -0.38793390989303589
vn -0.92168718576431274 0 -0.38793390989303589
vn -0.92168718576431274 0 -0.38793390989303589
vn -0.39405432343482971 0 0.91908717155456543
vn -0.39405432343482971 0 0.91908717155456543
vn -0.39405432343482971 0 0.91908717155456543
vn -0.39405432343482971 0 0.91908717155456543
vn -0.92101693153381348 0 -0.3895224928855896
vn -0.92101693153381348 0 -0.3895224928855896
vn -0.92101693153381348 0 -0.3895224928855896
vn -0.92101693153381348 0 -0.3895224928855896
vn 0.40209987759590149 0 -0.91559582948684692
vn 0.40209987759590149 0 -0.91559582948684692
vn 0.40209987759590149 0 -0.91559582948684692
vn 0.40209987759590149 0 -0.91559582948684692
vn -0.92357385158538818 0 -0.38342052698135376
vn -0.92357385158538818 0 -0.38342052698135376
vn -0.92357385158538818 0 -0.38342052698135376
vn -0.92357385158538818 0 -0.38342052698135376
vn -0.3626839816570282 0 0.93191218376159668
vn -0.3626839816570282 0 0.93191218376159668
vn -0.3626839816570282 0 0.93191218376159668
vn -0.3626839816570282 0 0.93191218376159668
vn -0.92136460542678833 0 -0.38869941234588623
vn -0.92136460542678833 0 -0.38869941234588623
vn -0.92136460542678833 0 -0.38869941234588623
vn -0.92136460542678833 0 -0.38869941234588623
vn 0.39783039689064026 0 -0.91745895147323608
vn 0.39783039689064026 0 -0.91745895147323608
vn 0.39783039689064026 0 -0.91745895147323608
vn 0.39783039689064026 0 -0.91745895147323608
vn -0.92235904932022095 0 -0.38633382320404053
vn -0.92235904932022095 0 -0.38633382320404053
vn -0.92235904932022095 0 -0.38633382320404053
vn -0.92235904932022095 0 -0.38633382320404053
vn -0.3723461925983429 0 0.92809391021728516
vn -0.3723461925983429 0 0.92809391021728516
vn -0.3723461925983429 0 0.92809391021728516
vn -0.3723461925983429 0 0.92809391021728516
vn -0.92458367347717285 0 -0.38097909092903137
vn -0.92458367347717285 0 -0.38097909092903137
vn -0.92458367347717285 0 -0.38097909092903137
vn -0.92458367347717285 0 -0.38097909092903137
vn -0.38641181588172913 0 0.92232638597488403
vn -0.38641181588172913 0 0.92232638597488403
vn -0.38641181588172913 0 0.92232638597488403
vn -0.38641181588172913 0 0.92232638597488403
vn 0.92582786083221436 0 0.37794545292854309
vn 0.92582786083221436 0 0.37794545292854309
vn 0.92582786083221436 0 0.37794545292854309
vn 0.92582786083221436 0 0.37794545292854309
vn 0.33085817098617554 0 -0.9436805248260498
vn 0.33085817098617554 0 -0.9436805248260498
vn 0.33085817098617554 0 -0.9436805248260498
vn 0.33085817098617554 0 -0.9436805248260498
vn 0.9116891622543335 0 0.41088056564331055
vn 0.9116891622543335 0 0.41088056564331055
vn 0.9116891622543335 0 0.41088056564331055
vn 0.9116891622543335 0 0.41088056564331055
vn 0.333709716796875 0 -0.9426758885383606
vn 0.333709716796875 0 -0.9426758885383606
vn 0.333709716796875 0 -0.9426758885383606
vn 0.333709716796875 0 -0.9426758885383606
vn -0.9254569411277771 0 -0.37885287404060364
vn -0.9254569411277771 0 -0.37885287404060364
vn -0.9254569411277771 0 -0.37885287404060364
vn -0.9254569411277771 0 -0.37885287404060364
vn 0 -1 0
vn 0 -1 0
vn 0 -1 0
vn 0 -1 0
vn 0 -1 0
vn 0 -1 0
vn 0 -1 0
vn 0 -1 0
vn 0 -1 0
vn 0 -1 0
vn 0 -1 0
vn 0 -1 0
vn 0 -1 0
vn 0 -1 0
vn 0 -1 0
vn 0 -1 0
vn 0 -1 0
vn 0 -1 0
vn 0 -1 0
vn 0 -1 0
vn 0 -1 0
vn 0 -1 0
vn 0 -1 0
vn 0 -1 0
vn 0 -1 0
vn 0 -1 0
vn 0 -1 0
vn 0 -1 0
vn 0 -1 0
vn 0 -1 0
vn 0 -1 0
vn 0 -1 0
vn 0 -1 0
vn 0 -1 0
vn 0 1 0
vn 0 1 0
vn 0 1 0
vn 0 1 0
vn 0 1 0
vn 0 1 0
vn 0 1 0
vn 0 1 0
vn 0 1 0
vn 0 1 0
vn 0 1 0
vn 0 1 0
vn 0 1 0
vn 0 1 0
vn 0 1 0
vn 0 1 0
vn 0 1 0
vn 0 1 0
vn 0 1 0
vn 0 1 0
vn 0 1 0
vn 0 1 0
vn 0 1 0
vn 0 1 0
vn 0 1 0
vn 0 1 0
vn 0 1 0
vn 0 1 0
vn 0 1 0
vn 0 1 0
vn 0 1 0
vn 0 1 0
vn 0 1 0
vn 0 1 0
f 1997/1997/1997 1999/1999/1999 2000/2000/2000 1998/1998/1998
f 2001/2001/2001 2003/2003/2003 2004/2004/2004 2002/2002/2002
f 2005/2005/2005 2007/2007/2007 2008/2008/2008 2006/2006/2006
f 2009/2009/2009 2011/2011/2011 2012/2012/2012 2010/2010/2010
f 2013/2013/2013 2015/2015/2015 2016/2016/2016 2014/2014/2014
f 2017/2017/2017 2019/2019/2019 2020/2020/2020 2018/2018/2018
f 2021/2021/2021 2023/2023/2023 2024/2024/2024 2022/2022/2022
f 2025/2025/2025 2027/2027/2027 2028/2028/2028 2026/2026/2026
f 2029/2029/2029 2031/2031/2031 2032/2032/2032 2030/2030/2030
f 2033/2033/2033 2035/2035/2035 2036/2036/2036 2034/2034/2034
f 2037/2037/2037 2039/2039/2039 2040/2040/2040 2038/2038/2038
f 2041/2041/2041 2043/2043/2043 2044/2044/2044 2042/2042/2042
f 2045/2045/2045 2047/2047/2047 2048/2048/2048 2046/2046/2046
f 2049/2049/2049 2051/2051/2051 2052/2052/2052 2050/2050/2050
f 2053/2053/2053 2055/2055/2055 2056/2056/2056 2054/2054/2054
f 2057/2057/2057 2059/2059/2059 2060/2060/2060 2058/2058/2058
f 2061/2061/2061 2063/2063/2063 2064/2064/2064 2062/2062/2062
f 2065/2065/2065 2067/2067/2067 2068/2068/2068 2066/2066/2066
f 2069/2069/2069 2071/2071/2071 2072/2072/2072 2070/2070/2070
f 2073/2073/2073 2075/2075/2075 2076/2076/2076 2074/2074/2074
f 2077/2077/2077 2079/2079/2079 2080/2080/2080 2078/2078/2078
f 2081/2081/2081 2083/2083/2083 2084/2084/2084 2082/2082/2082
f 2085/2085/2085 2087/2087/2087 2088/2088/2088 2086/2086/2086
f 2089/2089/2089 2091/2091/2091 2092/2092/2092 2090/2090/2090
f 2093/2093/2093 2095/2095/2095 2096/2096/2096 2094/2094/2094
f 2097/2097/2097 2099/2099/2099 2100/2100/2100 2098/2098/2098
f 2101/2101/2101 2103/2103/2103 2104/2104/2104 2102/2102/2102
f 2105/2105/2105 2107/2107/2107 2108/2108/2108 2106/2106/2106
f 2109/2109/2109 2111/2111/2111 2112/2112/2112 2110/2110/2110
f 2113/2113/2113 2115/2115/2115 2116/2116/2116 2114/2114/2114
f 2117/2117/2117 2119/2119/2119 2120/2120/2120 2118/2118/2118
f 2121/2121/2121 2123/2123/2123 2124/2124/2124 2122/2122/2122
f 2125/2125/2125 2127/2127/2127 2128/2128/2128 2126/2126/2126
f 2129/2129/2129 2131/2131/2131 2132/2132/2132 2130/2130/2130
f 2137/2137/2137 2140/2140/2140 2138/2138/2138
f 2139/2139/2139 2138/2138/2138 2140/2140/2140
f 2163/2163/2163 2144/2144/2144 2141/2141/2141
f 2144/2144/2144 2142/2142/2142 2141/2141/2141
f 2163/2163/2163 2145/2145/2145 2144/2144/2144
f 2143/2143/2143 2142/2142/2142 2144/2144/2144
f 2163/2163/2163 2141/2141/2141 2140/2140/2140
f 2136/2136/2136 2134/2134/2134 2133/2133/2133
f 2166/2166/2166 2165/2165/2165 2164/2164/2164
f 2164/2164/2164 2133/2133/2133 2166/2166/2166
f 2163/2163/2163 2136/2136/2136 2164/2164/2164
f 2136/2136/2136 2133/2133/2133 2164/2164/2164
f 2137/2137/2137 2136/2136/2136 2163/2163/2163
f 2163/2163/2163 2140/2140/2140 2137/2137/2137
f 2135/2135/2135 2134/2134/2134 2136/2136/2136
f 2160/2160/2160 2158/2158/2158 2157/2157/2157
f 2154/2154/2154 2156/2156/2156 2155/2155/2155
f 2156/2156/2156 2162/2162/2162 2157/2157/2157
f 2157/2157/2157 2162/2162/2162 2160/2160/2160
f 2161/2161/2161 2160/2160/2160 2162/2162/2162
f 2158/2158/2158 2160/2160/2160 2159/2159/2159
f 2153/2153/2153 2162/2162/2162 2156/2156/2156
f 2162/2162/2162 2149/2149/2149 2148/2148/2148
f 2148/2148/2148 2146/2146/2146 2145/2145/2145
f 2147/2147/2147 2146/2146/2146 2148/2148/2148
f 2156/2156/2156 2154/2154/2154 2153/2153/2153
f 2149/2149/2149 2152/2152/2152 2150/2150/2150
f 2151/2151/2151 2150/2150/2150 2152/2152/2152
f 2162/2162/2162 2153/2153/2153 2152/2152/2152
f 2152/2152/2152 2149/2149/2149 2162/2162/2162
f 2148/2148/2148 2163/2163/2163 2162/2162/2162
f 2148/2148/2148 2145/2145/2145 2163/2163/2163
f 2171/2171/2171 2172/2172/2172 2174/2174/2174
f 2173/2173/2173 2174/2174/2174 2172/2172/2172
f 2197/2197/2197 2175/2175/2175 2178/2178/2178
f 2178/2178/2178 2175/2175/2175 2176/2176/2176
f 2197/2197/2197 2178/2178/2178 2179/2179/2179
f 2177/2177/2177 2178/2178/2178 2176/2176/2176
f 2197/2197/2197 2174/2174/2174 2175/2175/2175
f 2170/2170/2170 2167/2167/2167 2168/2168/2168
f 2200/2200/2200 2198/2198/2198 2199/2199/2199
f 2198/2198/2198 2200/2200/2200 2167/2167/2167
f 2197/2197/2197 2198/2198/2198 2170/2170/2170
f 2170/2170/2170 2198/2198/2198 2167/2167/2167
f 2171/2171/2171 2197/2197/2197 2170/2170/2170
f 2197/2197/2197 2171/2171/2171 2174/2174/2174
f 2169/2169/2169 2170/2170/2170 2168/2168/2168
f 2194/2194/2194 2191/2191/2191 2192/2192/2192
f 2188/2188/2188 2189/2189/2189 2190/2190/2190
f 2190/2190/2190 2191/2191/2191 2196/2196/2196
f 2191/2191/2191 2194/2194/2194 2196/2196/2196
f 2195/2195/2195 2196/2196/2196 2194/2194/2194
f 2192/2192/2192 2193/2193/2193 2194/2194/2194
f 2187/2187/2187 2190/2190/2190 2196/2196/2196
f 2196/2196/2196 2182/2182/2182 2183/2183/2183
f 2182/2182/2182 2179/2179/2179 2180/2180/2180
f 2181/2181/2181 2182/2182/2182 2180/2180/2180
f 2190/2190/2190 2187/2187/2187 2188/2188/2188
f 2183/2183/2183 2184/2184/2184 2186/2186/2186
f 2185/2185/2185 2186/2186/2186 2184/2184/2184
f 2196/2196/2196 2186/2186/2186 2187/2187/2187
f 2186/2186/2186 2196/2196/2196 2183/2183/2183
f 2182/2182/2182 2196/2196/2196 2197/2197/2197
f 2182/2182/2182 2197/2197/2197 2179/2179/2179
usemtl Default
v 167.93519592285156 0 70.100677490234375
v 167.93519592285156 5.6999998092651367 70.100677490234375
v 159.65835571289062 0 90.333480834960938
v 159.65835571289062 5.6999998092651367 90.333480834960938
v 159.65835571289062 0 90.333480834960938
v 159.65835571289062 5.6999998092651367 90.333480834960938
v 180.32769775390625 0 97.855003356933594
v 180.32769775390625 5.6999998092651367 97.855003356933594
v 180.32769775390625 0 97.855003356933594
v 180.32769775390625 5.6999998092651367 97.855003356933594
v 179.51181030273438 0 100.23661041259766
v 179.51181030273438 5.6999998092651367 100.23661041259766
v 179.51181030273438 0 100.23661041259766
v 179.51181030273438 5.6999998092651367 100.23661041259766
v 187.26519775390625 0 102.93692779541016
v 187.26519775390625 5.6999998092651367 102.93692779541016
v 187.26519775390625 0 102.93692779541016
v 187.26519775390625 5.6999998092651367 102.93692779541016
v 193.31106567382812 0 89.072410583496094
v 193.31106567382812 5.6999998092651367 89.072410583496094
v 193.31106567382812 0 89.072410583496094
v 193.31106567382812 5.6999998092651367 89.072410583496094
v 196.82968139648438 0 79.426803588867188
v 196.82968139648438 5.6999998092651367 79.426803588867188
v 196.82968139648438 0 79.426803588867188
v 196.82968139648438 5.6999998092651367 79.426803588867188
v 168.43698120117188 0 69.148666381835938
v 168.43698120117188 5.6999998092651367 69.148666381835938
v 168.43698120117188 0 69.148666381835938
v 168.43698120117188 5.6999998092651367 69.148666381835938
v 168.32049560546875 0 69.122749328613281
v 168.32049560546875 5.6999998092651367 69.122749328613281
v 168.32049560546875 0 69.122749328613281
v 168.32049560546875 5.6999998092651367 69.122749328613281
v 167.93519592285156 0 70.100677490234375
v 167.93519592285156 5.6999998092651367 70.100677490234375
v 167.93519592285156 0 70.100677490234375
v 159.65835571289062 0 90.333480834960938
v 180.32769775390625 0 97.855003356933594
v 179.51181030273438 0 100.23661041259766
v 187.26519775390625 0 102.93692779541016
v 193.31106567382812 0 89.072410583496094
v 196.82968139648438 0 79.426803588867188
v 168.43698120117188 0 69.148666381835938
v 168.32049560546875 0 69.122749328613281
v 167.93519592285156 5.6999998092651367 70.100677490234375
v 159.65835571289062 5.6999998092651367 90.333480834960938
v 180.32769775390625 5.6999998092651367 97.855003356933594
v 179.51181030273438 5.6999998092651367 100.23661041259766
v 187.26519775390625 5.6999998092651367 102.93692779541016
v 193.31106567382812 5.6999998092651367 89.072410583496094
v 196.82968139648438 5.6999998092651367 79.426803588867188
v 168.43698120117188 5.6999998092651367 69.148666381835938
v 168.32049560546875 5.6999998092651367 69.122749328613281
vt 0 0
vt 0 0.53576844930648804
vt 0.1111111119389534 0
vt 0.1111111119389534 0.53576844930648804
vt 0.1111111119389534 0
vt 0.1111111119389534 0.53576844930648804
vt 0.2222222238779068 0
vt 0.2222222238779068 0.53576844930648804
vt 0.2222222238779068 0
vt 0.2222222238779068 0.53576844930648804
vt 0.3333333432674408 0
vt 0.3333333432674408 0.53576844930648804
vt 0.3333333432674408 0
vt 0.3333333432674408 0.53576844930648804
vt 0.4444444477558136 0
vt 0.4444444477558136 0.53576844930648804
vt 0.4444444477558136 0
vt 0.4444444477558136 0.53576844930648804
vt 0.55555558204650879 0
vt 0.55555558204650879 0.53576844930648804
vt 0.55555558204650879 0
vt 0.55555558204650879 0.53576844930648804
vt 0.66666668653488159 0
vt 0.66666668653488159 0.53576844930648804
vt 0.66666668653488159 0
vt 0.66666668653488159 0.53576844930648804
vt 0.77777779102325439 0
vt 0.77777779102325439 0.53576844930648804
vt 0.77777779102325439 0
vt 0.77777779102325439 0.53576844930648804
vt 0.8888888955116272 0
vt 0.8888888955116272 0.53576844930648804
vt 0.8888888955116272 0
vt 0.8888888955116272 0.53576844930648804
vt 1 0
vt 1 0.53576844930648804
vt 0.0053957942873239517 0.77285873889923096
vt 0.11551292985677719 1
vt 0.27458307147026062 0.83631092309951782
vt 0.28833287954330444 0.8613927960395813
vt 0.34709689021110535 0.79914849996566772
vt 0.27350065112113953 0.63959032297134399
vt 0.21887907385826111 0.53576898574829102
vt 0.0007732649683021009 0.76099735498428345
vt 0 0.76203435659408569
vt 0.0053957942873239517 0.76291024684906006
vt 0.11551292985677719 0.53576898574829102
vt 0.27458307147026062 0.69945806264877319
vt 0.28833287954330444 0.67437618970870972
vt 0.34709689021110535 0.73662048578262329
vt 0.27350065112113953 0.89617866277694702
vt 0.21887907385826111 1
vt 0.0007732649683021009 0.77477163076400757
vt 0 0.77373462915420532
vn -0.92555040121078491 0 -0.37862443923950195
vn -0.92555040121078491 0 -0.37862443923950195
vn -0.92555040121078491 0 -0.37862443923950195
vn -0.92555040121078491 0 -0.37862443923950195
vn -0.34195971488952637 0 0.93971461057662964
vn -0.34195971488952637 0 0.93971461057662964
vn -0.34195971488952637 0 0.93971461057662964
vn -0.34195971488952637 0 0.93971461057662964
vn -0.94602656364440918 0 -0.32408908009529114
vn -0.94602656364440918 0 -0.32408908009529114
vn -0.94602656364440918 0 -0.32408908009529114
vn -0.94602656364440918 0 -0.32408908009529114
vn -0.3288998007774353 0 0.94436484575271606
vn -0.3288998007774353 0 0.94436484575271606
vn -0.3288998007774353 0 0.94436484575271606
vn -0.3288998007774353 0 0.94436484575271606
vn 0.91663873195648193 0 0.39971670508384705
vn 0.91663873195648193 0 0.39971670508384705
vn 0.91663873195648193 0 0.39971670508384705
vn 0.91663873195648193 0 0.39971670508384705
vn 0.939444899559021 0 0.34269991517066956
vn 0.939444899559021 0 0.34269991517066956
vn 0.939444899559021 0 0.34269991517066956
vn 0.939444899559021 0 0.34269991517066956
vn 0.34038305282592773 0 -0.94028687477111816
vn 0.34038305282592773 0 -0.94028687477111816
vn 0.34038305282592773 0 -0.94028687477111816
vn 0.34038305282592773 0 -0.94028687477111816
vn 0.21717095375061035 0 -0.97613358497619629
vn 0.21717095375061035 0 -0.97613358497619629
vn 0.21717095375061035 0 -0.97613358497619629
vn 0.21717095375061035 0 -0.97613358497619629
vn -0.93039268255233765 0 -0.36656436324119568
vn -0.93039268255233765 0 -0.36656436324119568
vn -0.93039268255233765 0 -0.36656436324119568
vn -0.93039268255233765 0 -0.36656436324119568
vn 0 -1 0
vn 0 -1 0
vn 0 -1 0
vn 0 -1 0
vn 0 -1 0
vn 0 -1 0
vn 0 -1 0
vn 0 -1 0
vn 0 -1 0
vn 0 1 0
vn 0 1 0
vn 0 1 0
vn 0 1 0
vn 0 1 0
vn 0 1 0
vn 0 1 0
vn 0 1 0
vn 0 1 0
f 2201/2201/2201 2203/2203/2203 2204/2204/2204 2202/2202/2202
f 2205/2205/2205 2207/2207/2207 2208/2208/2208 2206/2206/2206
f 2209/2209/2209 2211/2211/2211 2212/2212/2212 2210/2210/2210
f 2213/2213/2213 2215/2215/2215 2216/2216/2216 2214/2214/2214
f 2217/2217/2217 2219/2219/2219 2220/2220/2220 2218/2218/2218
f 2221/2221/2221 2223/2223/2223 2224/2224/2224 2222/2222/2222
f 2225/2225/2225 2227/2227/2227 2228/2228/2228 2226/2226/2226
f 2229/2229/2229 2231/2231/2231 2232/2232/2232 2230/2230/2230
f 2233/2233/2233 2235/2235/2235 2236/2236/2236 2234/2234/2234
f 2243/2243/2243 2237/2237/2237 2244/2244/2244
f 2237/2237/2237 2245/2245/2245 2244/2244/2244
f 2239/2239/2239 2238/2238/2238 2237/2237/2237
f 2241/2241/2241 2240/2240/2240 2239/2239/2239
f 2237/2237/2237 2243/2243/2243 2242/2242/2242
f 2241/2241/2241 2239/2239/2239 2242/2242/2242
f 2239/2239/2239 2237/2237/2237 2242/2242/2242
f 2252/2252/2252 2253/2253/2253 2246/2246/2246
f 2246/2246/2246 2253/2253/2253 2254/2254/2254
f 2248/2248/2248 2246/2246/2246 2247/2247/2247
f 2250/2250/2250 2248/2248/2248 2249/2249/2249
f 2246/2246/2246 2251/2251/2251 2252/2252/2252
f 2250/2250/2250 2251/2251/2251 2248/2248/2248
f 2248/2248/2248 2251/2251/2251 2246/2246/2246
usemtl Default
v 187.26519775390625 0 102.93692779541016
v 187.26519775390625 8.3999996185302734 102.93692779541016
v 187.10699462890625 0 103.32521820068359
v 187.10699462890625 8.3999996185302734 103.32521820068359
v 187.10699462890625 0 103.32521820068359
v 187.10699462890625 8.3999996185302734 103.32521820068359
v 215.02925109863281 0 113.01396942138672
v 215.02925109863281 8.3999996185302734 113.01396942138672
v 215.02925109863281 0 113.01396942138672
v 215.02925109863281 8.3999996185302734 113.01396942138672
v 215.08796691894531 0 112.86529541015625
v 215.08796691894531 8.3999996185302734 112.86529541015625
v 215.08796691894531 0 112.86529541015625
v 215.08796691894531 8.3999996185302734 112.86529541015625
v 215.72271728515625 0 113.12688446044922
v 215.72271728515625 8.3999996185302734 113.12688446044922
v 215.72271728515625 0 113.12688446044922
v 215.72271728515625 8.3999996185302734 113.12688446044922
v 221.41007995605469 0 99.153602600097656
v 221.41007995605469 8.3999996185302734 99.153602600097656
v 221.41007995605469 0 99.153602600097656
v 221.41007995605469 8.3999996185302734 99.153602600097656
v 221.01698303222656 0 99.316162109375
v 221.01698303222656 8.3999996185302734 99.316162109375
v 221.01698303222656 0 99.316162109375
v 221.01698303222656 8.3999996185302734 99.316162109375
v 193.31106567382812 0 89.072410583496094
v 193.31106567382812 8.3999996185302734 89.072410583496094
v 193.31106567382812 0 89.072410583496094
v 193.31106567382812 8.3999996185302734 89.072410583496094
v 187.26519775390625 0 102.93692779541016
v 187.26519775390625 8.3999996185302734 102.93692779541016
v 187.26519775390625 0 102.93692779541016
v 187.10699462890625 0 103.32521820068359
v 215.02925109863281 0 113.01396942138672
v 215.08796691894531 0 112.86529541015625
v 215.72271728515625 0 113.12688446044922
v 221.41007995605469 0 99.153602600097656
v 221.01698303222656 0 99.316162109375
v 193.31106567382812 0 89.072410583496094
v 187.26519775390625 8.3999996185302734 102.93692779541016
v 187.10699462890625 8.3999996185302734 103.32521820068359
v 215.02925109863281 8.3999996185302734 113.01396942138672
v 215.08796691894531 8.3999996185302734 112.86529541015625
v 215.72271728515625 8.3999996185302734 113.12688446044922
v 221.41007995605469 8.3999996185302734 99.153602600097656
v 221.01698303222656 8.3999996185302734 99.316162109375
v 193.31106567382812 8.3999996185302734 89.072410583496094
vt 0 0
vt 0 0.5598788857460022
vt 0.125 0
vt 0.125 0.5598788857460022
vt 0.125 0
vt 0.125 0.5598788857460022
vt 0.25 0
vt 0.25 0.5598788857460022
vt 0.25 0
vt 0.25 0.5598788857460022
vt 0.375 0
vt 0.375 0.5598788857460022
vt 0.375 0
vt 0.375 0.5598788857460022
vt 0.5 0
vt 0.5 0.5598788857460022
vt 0.5 0
vt 0.5 0.5598788857460022
vt 0.625 0
vt 0.625 0.5598788857460022
vt 0.625 0
vt 0.625 0.5598788857460022
vt 0.75 0
vt 0.75 0.5598788857460022
vt 0.75 0
vt 0.75 0.5598788857460022
vt 0.875 0
vt 0.875 0.5598788857460022
vt 0.875 0
vt 0.875 0.5598788857460022
vt 1 0
vt 1 0.5598788857460022
vt 0.090050742030143738 0.99505585432052612
vt 0.092640377581119537 1
vt 0.35125362873077393 0.74507641792297363
vt 0.35025078058242798 0.74320530891418457
vt 0.35650789737701416 0.73773676156997681
vt 0.26327976584434509 0.55987948179244995
vt 0.26237431168556213 0.56582921743392944
vt 0 0.81380206346511841
vt 0.090050742030143738 0.56482362747192383
vt 0.092640377581119537 0.55987948179244995
vt 0.35125362873077393 0.81480300426483154
vt 0.35025078058242798 0.81667417287826538
vt 0.35650789737701416 0.82214266061782837
vt 0.26327976584434509 1
vt 0.26237431168556213 0.99405020475387573
vt 0 0.74607741832733154
vn -0.92608529329299927 0 -0.3773142397403717
vn -0.92608529329299927 0 -0.3773142397403717
vn -0.92608529329299927 0 -0.3773142397403717
vn -0.92608529329299927 0 -0.3773142397403717
vn -0.32781621813774109 0 0.94474148750305176
vn -0.32781621813774109 0 0.94474148750305176
vn -0.32781621813774109 0 0.94474148750305176
vn -0.32781621813774109 0 0.94474148750305176
vn 0.93008071184158325 0 0.36735525727272034
vn 0.93008071184158325 0 0.36735525727272034
vn 0.93008071184158325 0 0.36735525727272034
vn 0.93008071184158325 0 0.36735525727272034
vn -0.38103285431861877 0 0.92456150054931641
vn -0.38103285431861877 0 0.92456150054931641
vn -0.38103285431861877 0 0.92456150054931641
vn -0.38103285431861877 0 0.92456150054931641
vn 0.92621850967407227 0 0.37698715925216675
vn 0.92621850967407227 0 0.37698715925216675
vn 0.92621850967407227 0 0.37698715925216675
vn 0.92621850967407227 0 0.37698715925216675
vn -0.38215762376785278 0 -0.92409718036651611
vn -0.38215762376785278 0 -0.92409718036651611
vn -0.38215762376785278 0 -0.92409718036651611
vn -0.38215762376785278 0 -0.92409718036651611
vn 0.34678739309310913 0 -0.93794375658035278
vn 0.34678739309310913 0 -0.93794375658035278
vn 0.34678739309310913 0 -0.93794375658035278
vn 0.34678739309310913 0 -0.93794375658035278
vn -0.91663873195648193 0 -0.39971670508384705
vn -0.91663873195648193 0 -0.39971670508384705
vn -0.91663873195648193 0 -0.39971670508384705
vn -0.91663873195648193 0 -0.39971670508384705
vn 0 -1 0
vn 0 -1 0
vn 0 -1 0
vn 0 -1 0
vn 0 -1 0
vn 0 -1 0
vn 0 -1 0
vn 0 -1 0
vn 0 1 0
vn 0 1 0
vn 0 1 0
vn 0 1 0
vn 0 1 0
vn 0 1 0
vn 0 1 0
vn 0 1 0
f 2255/2255/2255 2257/2257/2257 2258/2258/2258 2256/2256/2256
f 2259/2259/2259 2261/2261/2261 2262/2262/2262 2260/2260/2260
f 2263/2263/2263 2265/2265/2265 2266/2266/2266 2264/2264/2264
f 2267/2267/2267 2269/2269/2269 2270/2270/2270 2268/2268/2268
f 2271/2271/2271 2273/2273/2273 2274/2274/2274 2272/2272/2272
f 2275/2275/2275 2277/2277/2277 2278/2278/2278 2276/2276/2276
f 2279/2279/2279 2281/2281/2281 2282/2282/2282 2280/2280/2280
f 2283/2283/2283 2285/2285/2285 2286/2286/2286 2284/2284/2284
f 2287/2287/2287 2294/2294/2294 2290/2290/2290
f 2294/2294/2294 2293/2293/2293 2290/2290/2290
f 2289/2289/2289 2288/2288/2288 2287/2287/2287
f 2287/2287/2287 2290/2290/2290 2289/2289/2289
f 2291/2291/2291 2293/2293/2293 2292/2292/2292
f 2290/2290/2290 2293/2293/2293 2291/2291/2291
f 2295/2295/2295 2298/2298/2298 2302/2302/2302
f 2302/2302/2302 2298/2298/2298 2301/2301/2301
f 2297/2297/2297 2295/2295/2295 2296/2296/2296
f 2295/2295/2295 2297/2297/2297 2298/2298/2298
f 2299/2299/2299 2300/2300/2300 2301/2301/2301
f 2298/2298/2298 2299/2299/2299 2301/2301/2301
usemtl Default
v 294.4354248046875 0 -11.434595108032227
v 294.4354248046875 4.5999999046325684 -11.434595108032227
v 301.35015869140625 0 -8.6610097885131836
v 301.35015869140625 4.5999999046325684 -8.6610097885131836
v 301.35015869140625 0 -8.6610097885131836
v 301.35015869140625 4.5999999046325684 -8.6610097885131836
v 303.40042114257812 0 -13.872780799865723
v 303.40042114257812 4.5999999046325684 -13.872780799865723
v 303.40042114257812 0 -13.872780799865723
v 303.40042114257812 4.5999999046325684 -13.872780799865723
v 298.4595947265625 0 -21.497188568115234
v 298.4595947265625 4.5999999046325684 -21.497188568115234
v 298.4595947265625 0 -21.497188568115234
v 298.4595947265625 4.5999999046325684 -21.497188568115234
v 294.4354248046875 0 -11.434595108032227
v 294.4354248046875 4.5999999046325684 -11.434595108032227
v 294.4354248046875 0 -11.434595108032227
v 301.35015869140625 0 -8.6610097885131836
v 303.40042114257812 0 -13.872780799865723
v 298.4595947265625 0 -21.497188568115234
v 294.4354248046875 4.5999999046325684 -11.434595108032227
v 301.35015869140625 4.5999999046325684 -8.6610097885131836
v 303.40042114257812 4.5999999046325684 -13.872780799865723
v 298.4595947265625 4.5999999046325684 -21.497188568115234
vt 0 0
vt 0 0.60245662927627563
vt 0.25 0
vt 0.25 0.60245662927627563
vt 0.25 0
vt 0.25 0.60245662927627563
vt 0.5 0
vt 0.5 0.60245662927627563
vt 0.5 0
vt 0.5 0.60245662927627563
vt 0.75 0
vt 0.75 0.60245662927627563
vt 0.75 0
vt 0.75 0.60245662927627563
vt 1 0
vt 1 0.60245662927627563
vt 0.1864774227142334 1
vt 0.37266808748245239 0.81198245286941528
vt 0.27551382780075073 0.60734188556671143
vt 0 0.60245722532272339
vt 0.81380933523178101 0.60245722532272339
vt 1 0.79047477245330811
vt 0.90284574031829834 0.99511533975601196
vt 0.62733191251754761 1
vn -0.37228095531463623 0 0.92812007665634155
vn -0.37228095531463623 0 0.92812007665634155
vn -0.37228095531463623 0 0.92812007665634155
vn -0.37228095531463623 0 0.92812007665634155
vn 0.93058204650878906 0 0.36608341336250305
vn 0.93058204650878906 0 0.36608341336250305
vn 0.93058204650878906 0 0.36608341336250305
vn 0.93058204650878906 0 0.36608341336250305
vn 0.8391997218132019 0 -0.54382330179214478
vn 0.8391997218132019 0 -0.54382330179214478
vn 0.8391997218132019 0 -0.54382330179214478
vn 0.8391997218132019 0 -0.54382330179214478
vn -0.92850404977798462 0 -0.37132230401039124
vn -0.92850404977798462 0 -0.37132230401039124
vn -0.92850404977798462 0 -0.37132230401039124
vn -0.92850404977798462 0 -0.37132230401039124
vn 0 -1 0
vn 0 -1 0
vn 0 -1 0
vn 0 -1 0
vn 0 1 0
vn 0 1 0
vn 0 1 0
vn 0 1 0
f 2303/2303/2303 2305/2305/2305 2306/2306/2306 2304/2304/2304
f 2307/2307/2307 2309/2309/2309 2310/2310/2310 2308/2308/2308
f 2311/2311/2311 2313/2313/2313 2314/2314/2314 2312/2312/2312
f 2315/2315/2315 2317/2317/2317 2318/2318/2318 2316/2316/2316
f 2321/2321/2321 2319/2319/2319 2322/2322/2322
f 2319/2319/2319 2321/2321/2321 2320/2320/2320
f 2325/2325/2325 2326/2326/2326 2323/2323/2323
f 2323/2323/2323 2324/2324/2324 2325/2325/2325
usemtl Default
v -210.28184509277344 0 -37.349742889404297
v -210.28184509277344 40.099998474121094 -37.349742889404297
v -215.41220092773438 0 -59.9840087890625
v -215.41220092773438 40.099998474121094 -59.9840087890625
v -215.41220092773438 0 -59.9840087890625
v -215.41220092773438 40.099998474121094 -59.9840087890625
v -226.49577331542969 0 -57.891738891601562
v -226.49577331542969 40.099998474121094 -57.891738891601562
v -226.49577331542969 0 -57.891738891601562
v -226.49577331542969 40.099998474121094 -57.891738891601562
v -236.32005310058594 0 -51.525638580322266
v -236.32005310058594 40.099998474121094 -51.525638580322266
v -236.32005310058594 0 -51.525638580322266
v -236.32005310058594 40.099998474121094 -51.525638580322266
v -235.01187133789062 0 -45.441593170166016
v -235.01187133789062 40.099998474121094 -45.441593170166016
v -235.01187133789062 0 -45.441593170166016
v -235.01187133789062 40.099998474121094 -45.441593170166016
v -225.16131591796875 0 -30.240787506103516
v -225.16131591796875 40.099998474121094 -30.240787506103516
v -225.16131591796875 0 -30.240787506103516
v -225.16131591796875 40.099998474121094 -30.240787506103516
v -210.28184509277344 0 -37.349742889404297
v -210.28184509277344 40.099998474121094 -37.349742889404297
v -210.28184509277344 0 -37.349742889404297
v -215.41220092773438 0 -59.9840087890625
v -226.49577331542969 0 -57.891738891601562
v -236.32005310058594 0 -51.525638580322266
v -235.01187133789062 0 -45.441593170166016
v -225.16131591796875 0 -30.240787506103516
v -210.28184509277344 40.099998474121094 -37.349742889404297
v -215.41220092773438 40.099998474121094 -59.9840087890625
v -226.49577331542969 40.099998474121094 -57.891738891601562
v -236.32005310058594 40.099998474121094 -51.525638580322266
v -235.01187133789062 40.099998474121094 -45.441593170166016
v -225.16131591796875 40.099998474121094 -30.240787506103516
vt 0 0
vt 0 0.72456377744674683
vt 0.1666666716337204 0
vt 0.1666666716337204 0.72456377744674683
vt 0.1666666716337204 0
vt 0.1666666716337204 0.72456377744674683
vt 0.3333333432674408 0
vt 0.3333333432674408 0.72456377744674683
vt 0.3333333432674408 0
vt 0.3333333432674408 0.72456377744674683
vt 0.5 0
vt 0.5 0.72456377744674683
vt 0.5 0
vt 0.5 0.72456377744674683
vt 0.66666668653488159 0
vt 0.66666668653488159 0.72456377744674683
vt 0.66666668653488159 0
vt 0.66666668653488159 0.72456377744674683
vt 0.83333331346511841 0
vt 0.83333331346511841 0.72456377744674683
vt 0.83333331346511841 0
vt 0.83333331346511841 0.72456377744674683
vt 1 0
vt 1 0.72456377744674683
vt 0.30136719346046448 0.81714516878128052
vt 0.052158281207084656 0.72456449270248413
vt 0.0016264276346191764 0.84089922904968262
vt 0 0.97200566530227661
vt 0.066535964608192444 0.99755173921585083
vt 0.27467045187950134 1
vt 0.30136719346046448 0.90741932392120361
vt 0.052158281207084656 1
vt 0.0016264276346191764 0.88366526365280151
vt 0 0.75255888700485229
vt 0.066535964608192444 0.72701281309127808
vt 0.27467045187950134 0.72456449270248413
vn 0.97526103258132935 0 -0.22105623781681061
vn 0.97526103258132935 0 -0.22105623781681061
vn 0.97526103258132935 0 -0.22105623781681061
vn 0.97526103258132935 0 -0.22105623781681061
vn -0.18549618124961853 0 -0.98264497518539429
vn -0.18549618124961853 0 -0.98264497518539429
vn -0.18549618124961853 0 -0.98264497518539429
vn -0.18549618124961853 0 -0.98264497518539429
vn -0.54380571842193604 0 -0.839211106300354
vn -0.54380571842193604 0 -0.839211106300354
vn -0.54380571842193604 0 -0.839211106300354
vn -0.54380571842193604 0 -0.839211106300354
vn -0.97765505313873291 0 0.21021571755409241
vn -0.97765505313873291 0 0.21021571755409241
vn -0.97765505313873291 0 0.21021571755409241
vn -0.97765505313873291 0 0.21021571755409241
vn -0.83919906616210938 0 0.54382437467575073
vn -0.83919906616210938 0 0.54382437467575073
vn -0.83919906616210938 0 0.54382437467575073
vn -0.83919906616210938 0 0.54382437467575073
vn 0.43109428882598877 0 0.90230685472488403
vn 0.43109428882598877 0 0.90230685472488403
vn 0.43109428882598877 0 0.90230685472488403
vn 0.43109428882598877 0 0.90230685472488403
vn 0 -1 0
vn 0 -1 0
vn 0 -1 0
vn 0 -1 0
vn 0 -1 0
vn 0 -1 0
vn 0 1 0
vn 0 1 0
vn 0 1 0
vn 0 1 0
vn 0 1 0
vn 0 1 0
f 2327/2327/2327 2329/2329/2329 2330/2330/2330 2328/2328/2328
f 2331/2331/2331 2333/2333/2333 2334/2334/2334 2332/2332/2332
f 2335/2335/2335 2337/2337/2337 2338/2338/2338 2336/2336/2336
f 2339/2339/2339 2341/2341/2341 2342/2342/2342 2340/2340/2340
f 2343/2343/2343 2345/2345/2345 2346/2346/2346 2344/2344/2344
f 2347/2347/2347 2349/2349/2349 2350/2350/2350 2348/2348/2348
f 2352/2352/2352 2351/2351/2351 2353/2353/2353
f 2354/2354/2354 2353/2353/2353 2355/2355/2355
f 2351/2351/2351 2356/2356/2356 2355/2355/2355
f 2353/2353/2353 2351/2351/2351 2355/2355/2355
f 2358/2358/2358 2359/2359/2359 2357/2357/2357
f 2360/2360/2360 2361/2361/2361 2359/2359/2359
f 2357/2357/2357 2361/2361/2361 2362/2362/2362
f 2359/2359/2359 2361/2361/2361 2357/2357/2357
usemtl Default
v 173.51374816894531 0 -115.66478729248047
v 173.51374816894531 14 -115.66478729248047
v 178.06759643554688 0 -115.97019958496094
v 178.06759643554688 14 -115.97019958496094
v 178.06759643554688 0 -115.97019958496094
v 178.06759643554688 14 -115.97019958496094
v 187.65823364257812 0 -114.45121765136719
v 187.65823364257812 14 -114.45121765136719
v 187.65823364257812 0 -114.45121765136719
v 187.65823364257812 14 -114.45121765136719
v 194.96640014648438 0 -113.00177764892578
v 194.96640014648438 14 -113.00177764892578
v 194.96640014648438 0 -113.00177764892578
v 194.96640014648438 14 -113.00177764892578
v 196.00798034667969 0 -117.18881225585938
v 196.00798034667969 14 -117.18881225585938
v 196.00798034667969 0 -117.18881225585938
v 196.00798034667969 14 -117.18881225585938
v 188.70025634765625 0 -118.85977172851562
v 188.70025634765625 14 -118.85977172851562
v 188.70025634765625 0 -118.85977172851562
v 188.70025634765625 14 -118.85977172851562
v 181.33232116699219 0 -119.95706939697266
v 181.33232116699219 14 -119.95706939697266
v 181.33232116699219 0 -119.95706939697266
v 181.33232116699219 14 -119.95706939697266
v 173.22250366210938 0 -120.01132965087891
v 173.22250366210938 14 -120.01132965087891
v 173.22250366210938 0 -120.01132965087891
v 173.22250366210938 14 -120.01132965087891
v 173.51374816894531 0 -115.66478729248047
v 173.51374816894531 14 -115.66478729248047
v 173.51374816894531 0 -115.66478729248047
v 178.06759643554688 0 -115.97019958496094
v 187.65823364257812 0 -114.45121765136719
v 194.96640014648438 0 -113.00177764892578
v 196.00798034667969 0 -117.18881225585938
v 188.70025634765625 0 -118.85977172851562
v 181.33232116699219 0 -119.95706939697266
v 173.22250366210938 0 -120.01132965087891
v 173.51374816894531 14 -115.66478729248047
v 178.06759643554688 14 -115.97019958496094
v 187.65823364257812 14 -114.45121765136719
v 194.96640014648438 14 -113.00177764892578
v 196.00798034667969 14 -117.18881225585938
v 188.70025634765625 14 -118.85977172851562
v 181.33232116699219 14 -119.95706939697266
v 173.22250366210938 14 -120.01132965087891
vt 0 0
vt 0 0.64067375659942627
vt 0.125 0
vt 0.125 0.64067375659942627
vt 0.125 0
vt 0.125 0.64067375659942627
vt 0.25 0
vt 0.25 0.64067375659942627
vt 0.25 0
vt 0.25 0.64067375659942627
vt 0.375 0
vt 0.375 0.64067375659942627
vt 0.375 0
vt 0.375 0.64067375659942627
vt 0.5 0
vt 0.5 0.64067375659942627
vt 0.5 0
vt 0.5 0.64067375659942627
vt 0.625 0
vt 0.625 0.64067375659942627
vt 0.625 0
vt 0.625 0.64067375659942627
vt 0.75 0
vt 0.75 0.64067375659942627
vt 0.75 0
vt 0.75 0.64067375659942627
vt 0.875 0
vt 0.875 0.64067375659942627
vt 0.875 0
vt 0.875 0.64067375659942627
vt 1 0
vt 1 0.64067375659942627
vt 0.36617138981819153 0.92403304576873779
vt 0.29207432270050049 0.8784516453742981
vt 0.15842819213867188 0.74627745151519775
vt 0.05961410328745842 0.6406744122505188
vt 0 0.69913607835769653
vt 0.096511557698249817 0.80844062566757202
vt 0.19990608096122742 0.9088171124458313
vt 0.32566496729850769 1
vt 0.36617138981819153 0.71664130687713623
vt 0.29207432270050049 0.7622227668762207
vt 0.15842819213867188 0.89439696073532104
vt 0.05961410328745842 1
vt 0 0.94153827428817749
vt 0.096511557698249817 0.83223378658294678
vt 0.19990608096122742 0.7318572998046875
vt 0.32566496729850769 0.6406744122505188
vn 0.066915445029735565 0 0.99775862693786621
vn 0.066915445029735565 0 0.99775862693786621
vn 0.066915445029735565 0 0.99775862693786621
vn 0.066915445029735565 0 0.99775862693786621
vn -0.15643168985843658 0 0.98768877983093262
vn -0.15643168985843658 0 0.98768877983093262
vn -0.15643168985843658 0 0.98768877983093262
vn -0.15643168985843658 0 0.98768877983093262
vn -0.19454237818717957 0 0.98089408874511719
vn -0.19454237818717957 0 0.98089408874511719
vn -0.19454237818717957 0 0.98089408874511719
vn -0.19454237818717957 0 0.98089408874511719
vn 0.97042417526245117 0 0.24140623211860657
vn 0.97042417526245117 0 0.24140623211860657
vn 0.97042417526245117 0 0.24140623211860657
vn 0.97042417526245117 0 0.24140623211860657
vn 0.2229040265083313 0 -0.97484040260314941
vn 0.2229040265083313 0 -0.97484040260314941
vn 0.2229040265083313 0 -0.97484040260314941
vn 0.2229040265083313 0 -0.97484040260314941
vn 0.14730359613895416 0 -0.98909133672714233
vn 0.14730359613895416 0 -0.98909133672714233
vn 0.14730359613895416 0 -0.98909133672714233
vn 0.14730359613895416 0 -0.98909133672714233
vn 0.0066907224245369434 0 -0.99997758865356445
vn 0.0066907224245369434 0 -0.99997758865356445
vn 0.0066907224245369434 0 -0.99997758865356445
vn 0.0066907224245369434 0 -0.99997758865356445
vn -0.99776262044906616 0 0.066856369376182556
vn -0.99776262044906616 0 0.066856369376182556
vn -0.99776262044906616 0 0.066856369376182556
vn -0.99776262044906616 0 0.066856369376182556
vn 0 -1 0
vn 0 -1 0
vn 0 -1 0
vn 0 -1 0
vn 0 -1 0
vn 0 -1 0
vn 0 -1 0
vn 0 -1 0
vn 0 1 0
vn 0 1 0
vn 0 1 0
vn 0 1 0
vn 0 1 0
vn 0 1 0
vn 0 1 0
vn 0 1 0
f 2363/2363/2363 2365/2365/2365 2366/2366/2366 2364/2364/2364
f 2367/2367/2367 2369/2369/2369 2370/2370/2370 2368/2368/2368
f 2371/2371/2371 2373/2373/2373 2374/2374/2374 2372/2372/2372
f 2375/2375/2375 2377/2377/2377 2378/2378/2378 2376/2376/2376
f 2379/2379/2379 2381/2381/2381 2382/2382/2382 2380/2380/2380
f 2383/2383/2383 2385/2385/2385 2386/2386/2386 2384/2384/2384
f 2387/2387/2387 2389/2389/2389 2390/2390/2390 2388/2388/2388
f 2391/2391/2391 2393/2393/2393 2394/2394/2394 2392/2392/2392
f 2396/2396/2396 2395/2395/2395 2402/2402/2402
f 2397/2397/2397 2396/2396/2396 2401/2401/2401
f 2402/2402/2402 2401/2401/2401 2396/2396/2396
f 2398/2398/2398 2397/2397/2397 2400/2400/2400
f 2401/2401/2401 2400/2400/2400 2397/2397/2397
f 2400/2400/2400 2399/2399/2399 2398/2398/2398
f 2404/2404/2404 2410/2410/2410 2403/2403/2403
f 2405/2405/2405 2409/2409/2409 2404/2404/2404
f 2410/2410/2410 2404/2404/2404 2409/2409/2409
f 2406/2406/2406 2408/2408/2408 2405/2405/2405
f 2409/2409/2409 2405/2405/2405 2408/2408/2408
f 2408/2408/2408 2406/2406/2406 2407/2407/2407
usemtl Default
v 121.23028564453125 0 -281.07705688476562
v 121.23028564453125 25.399999618530273 -281.07705688476562
v 121.33210754394531 0 -280.54385375976562
v 121.33210754394531 25.399999618530273 -280.54385375976562
v 121.33210754394531 0 -280.54385375976562
v 121.33210754394531 25.399999618530273 -280.54385375976562
v 122.98521423339844 0 -280.8131103515625
v 122.98521423339844 25.399999618530273 -280.8131103515625
v 122.98521423339844 0 -280.8131103515625
v 122.98521423339844 25.399999618530273 -280.8131103515625
v 122.78201293945312 0 -282.10098266601562
v 122.78201293945312 25.399999618530273 -282.10098266601562
v 122.78201293945312 0 -282.10098266601562
v 122.78201293945312 25.399999618530273 -282.10098266601562
v 123.2340087890625 0 -282.17266845703125
v 123.2340087890625 25.399999618530273 -282.17266845703125
v 123.2340087890625 0 -282.17266845703125
v 123.2340087890625 25.399999618530273 -282.17266845703125
v 122.884765625 0 -284.2890625
v 122.884765625 25.399999618530273 -284.2890625
v 122.884765625 0 -284.2890625
v 122.884765625 25.399999618530273 -284.2890625
v 116.84015655517578 0 -280.37216186523438
v 116.84015655517578 25.399999618530273 -280.37216186523438
v 116.84015655517578 0 -280.37216186523438
v 116.84015655517578 25.399999618530273 -280.37216186523438
v 121.23028564453125 0 -281.07705688476562
v 121.23028564453125 25.399999618530273 -281.07705688476562
v 121.23028564453125 0 -281.07705688476562
v 121.33210754394531 0 -280.54385375976562
v 122.98521423339844 0 -280.8131103515625
v 122.78201293945312 0 -282.10098266601562
v 123.2340087890625 0 -282.17266845703125
v 122.884765625 0 -284.2890625
v 116.84015655517578 0 -280.37216186523438
v 121.23028564453125 25.399999618530273 -281.07705688476562
v 121.33210754394531 25.399999618530273 -280.54385375976562
v 122.98521423339844 25.399999618530273 -280.8131103515625
v 122.78201293945312 25.399999618530273 -282.10098266601562
v 123.2340087890625 25.399999618530273 -282.17266845703125
v 122.884765625 25.399999618530273 -284.2890625
v 116.84015655517578 25.399999618530273 -280.37216186523438
vt 0 0
vt 0 1
vt 0.12466520816087723 0
vt 0.12466520816087723 1
vt 0.12466520816087723 0
vt 0.12466520816087723 1
vt 0.24933041632175446 0
vt 0.24933041632175446 1
vt 0.24933041632175446 0
vt 0.24933041632175446 1
vt 0.37399563193321228 0
vt 0.37399563193321228 1
vt 0.37399563193321228 0
vt 0.37399563193321228 1
vt 0.49866083264350891 0
vt 0.49866083264350891 1
vt 0.49866083264350891 0
vt 0.49866083264350891 1
vt 0.62332600355148315 0
vt 0.62332600355148315 1
vt 0.62332600355148315 0
vt 0.62332600355148315 1
vt 0.74799126386642456 0
vt 0.74799126386642456 1
vt 0.74799126386642456 0
vt 0.74799126386642456 1
vt 0.87265646457672119 0
vt 0.87265646457672119 1
vt 0.95002156496047974 0.12427761405706406
vt 0.97100204229354858 0.13256740570068359
vt 1 0.072509445250034332
vt 0.95031541585922241 0.051084414124488831
vt 0.95831239223480225 0.034705977886915207
vt 0.87630903720855713 0
vt 0.87265729904174805 0.283551424741745
vt 0.95002156496047974 0.15927380323410034
vt 0.97100204229354858 0.1509840190410614
vt 1 0.21104197204113007
vt 0.95031541585922241 0.23246701061725616
vt 0.95831239223480225 0.24884544312953949
vt 0.87630903720855713 0.283551424741745
vt 0.87265729904174805 0
vn -0.98224884271621704 0 0.18758250772953033
vn -0.98224884271621704 0 0.18758250772953033
vn -0.98224884271621704 0 0.18758250772953033
vn -0.98224884271621704 0 0.18758250772953033
vn 0.16075576841831207 0 0.98699420690536499
vn 0.16075576841831207 0 0.98699420690536499
vn 0.16075576841831207 0 0.98699420690536499
vn 0.16075576841831207 0 0.98699420690536499
vn 0.98778080940246582 0 -0.15584953129291534
vn 0.98778080940246582 0 -0.15584953129291534
vn 0.98778080940246582 0 -0.15584953129291534
vn 0.98778080940246582 0 -0.15584953129291534
vn 0.15658769011497498 0 0.98766404390335083
vn 0.15658769011497498 0 0.98766404390335083
vn 0.15658769011497498 0 0.98766404390335083
vn 0.15658769011497498 0 0.98766404390335083
vn 0.98665684461593628 0 -0.16281357407569885
vn 0.98665684461593628 0 -0.16281357407569885
vn 0.98665684461593628 0 -0.16281357407569885
vn 0.98665684461593628 0 -0.16281357407569885
vn -0.54380571842193604 0 -0.839211106300354
vn -0.54380571842193604 0 -0.839211106300354
vn -0.54380571842193604 0 -0.839211106300354
vn -0.54380571842193604 0 -0.839211106300354
vn 0.15852959454059601 0 0.98735421895980835
vn 0.15852959454059601 0 0.98735421895980835
vn 0.15852959454059601 0 0.98735421895980835
vn 0.15852959454059601 0 0.98735421895980835
vn 0 -1 0
vn 0 -1 0
vn 0 -1 0
vn 0 -1 0
vn 0 -1 0
vn 0 -1 0
vn 0 -1 0
vn 0 1 0
vn 0 1 0
vn 0 1 0
vn 0 1 0
vn 0 1 0
vn 0 1 0
vn 0 1 0
f 2411/2411/2411 2413/2413/2413 2414/2414/2414 2412/2412/2412
f 2415/2415/2415 2417/2417/2417 2418/2418/2418 2416/2416/2416
f 2419/2419/2419 2421/2421/2421 2422/2422/2422 2420/2420/2420
f 2423/2423/2423 2425/2425/2425 2426/2426/2426 2424/2424/2424
f 2427/2427/2427 2429/2429/2429 2430/2430/2430 2428/2428/2428
f 2431/2431/2431 2433/2433/2433 2434/2434/2434 2432/2432/2432
f 2435/2435/2435 2437/2437/2437 2438/2438/2438 2436/2436/2436
f 2444/2444/2444 2439/2439/2439 2445/2445/2445
f 2442/2442/2442 2439/2439/2439 2444/2444/2444
f 2439/2439/2439 2442/2442/2442 2441/2441/2441
f 2444/2444/2444 2443/2443/2443 2442/2442/2442
f 2440/2440/2440 2439/2439/2439 2441/2441/2441
f 2451/2451/2451 2452/2452/2452 2446/2446/2446
f 2449/2449/2449 2451/2451/2451 2446/2446/2446
f 2446/2446/2446 2448/2448/2448 2449/2449/2449
f 2451/2451/2451 2449/2449/2449 2450/2450/2450
f 2447/2447/2447 2448/2448/2448 2446/2446/2446
usemtl Default
v 85.732406616210938 0 -207.88278198242188
v 85.732406616210938 9.8000001907348633 -207.88278198242188
v 105.13864135742188 0 -209.36885070800781
v 105.13864135742188 9.8000001907348633 -209.36885070800781
v 105.13864135742188 0 -209.36885070800781
v 105.13864135742188 9.8000001907348633 -209.36885070800781
v 102.21125030517578 0 -249.302978515625
v 102.21125030517578 9.8000001907348633 -249.302978515625
v 102.21125030517578 0 -249.302978515625
v 102.21125030517578 9.8000001907348633 -249.302978515625
v 93.389816284179688 0 -248.83171081542969
v 93.389816284179688 9.8000001907348633 -248.83171081542969
v 93.389816284179688 0 -248.83171081542969
v 93.389816284179688 9.8000001907348633 -248.83171081542969
v 93.44537353515625 0 -248.36993408203125
v 93.44537353515625 9.8000001907348633 -248.36993408203125
v 93.44537353515625 0 -248.36993408203125
v 93.44537353515625 9.8000001907348633 -248.36993408203125
v 92.984352111816406 0 -248.32929992675781
v 92.984352111816406 9.8000001907348633 -248.32929992675781
v 92.984352111816406 0 -248.32929992675781
v 92.984352111816406 9.8000001907348633 -248.32929992675781
v 92.959999084472656 0 -248.81129455566406
v 92.959999084472656 9.8000001907348633 -248.81129455566406
v 92.959999084472656 0 -248.81129455566406
v 92.959999084472656 9.8000001907348633 -248.81129455566406
v 89.956100463867188 0 -248.64382934570312
v 89.956100463867188 9.8000001907348633 -248.64382934570312
v 89.956100463867188 0 -248.64382934570312
v 89.956100463867188 9.8000001907348633 -248.64382934570312
v 90.00323486328125 0 -248.19503784179688
v 90.00323486328125 9.8000001907348633 -248.19503784179688
v 90.00323486328125 0 -248.19503784179688
v 90.00323486328125 9.8000001907348633 -248.19503784179688
v 89.621444702148438 0 -248.16886901855469
v 89.621444702148438 9.8000001907348633 -248.16886901855469
v 89.621444702148438 0 -248.16886901855469
v 89.621444702148438 9.8000001907348633 -248.16886901855469
v 89.601310729980469 0 -248.64437866210938
v 89.601310729980469 9.8000001907348633 -248.64437866210938
v 89.601310729980469 0 -248.64437866210938
v 89.601310729980469 9.8000001907348633 -248.64437866210938
v 82.654632568359375 0 -248.254150390625
v 82.654632568359375 9.8000001907348633 -248.254150390625
v 82.654632568359375 0 -248.254150390625
v 82.654632568359375 9.8000001907348633 -248.254150390625
v 85.732406616210938 0 -207.88278198242188
v 85.732406616210938 9.8000001907348633 -207.88278198242188
v 85.732406616210938 0 -207.88278198242188
v 105.13864135742188 0 -209.36885070800781
v 102.21125030517578 0 -249.302978515625
v 93.389816284179688 0 -248.83171081542969
v 93.44537353515625 0 -248.36993408203125
v 92.984352111816406 0 -248.32929992675781
v 92.959999084472656 0 -248.81129455566406
v 89.956100463867188 0 -248.64382934570312
v 90.00323486328125 0 -248.19503784179688
v 89.621444702148438 0 -248.16886901855469
v 89.601310729980469 0 -248.64437866210938
v 82.654632568359375 0 -248.254150390625
v 85.732406616210938 9.8000001907348633 -207.88278198242188
v 105.13864135742188 9.8000001907348633 -209.36885070800781
v 102.21125030517578 9.8000001907348633 -249.302978515625
v 93.389816284179688 9.8000001907348633 -248.83171081542969
v 93.44537353515625 9.8000001907348633 -248.36993408203125
v 92.984352111816406 9.8000001907348633 -248.32929992675781
v 92.959999084472656 9.8000001907348633 -248.81129455566406
v 89.956100463867188 9.8000001907348633 -248.64382934570312
v 90.00323486328125 9.8000001907348633 -248.19503784179688
v 89.621444702148438 9.8000001907348633 -248.16886901855469
v 89.601310729980469 9.8000001907348633 -248.64437866210938
v 82.654632568359375 9.8000001907348633 -248.254150390625
vt 0 0
vt 0 0.55894631147384644
vt 0.083333335816860199 0
vt 0.083333335816860199 0.55894631147384644
vt 0.083333335816860199 0
vt 0.083333335816860199 0.55894631147384644
vt 0.1666666716337204 0
vt 0.1666666716337204 0.55894631147384644
vt 0.1666666716337204 0
vt 0.1666666716337204 0.55894631147384644
vt 0.25 0
vt 0.25 0.55894631147384644
vt 0.25 0
vt 0.25 0.55894631147384644
vt 0.3333333432674408 0
vt 0.3333333432674408 0.55894631147384644
vt 0.3333333432674408 0
vt 0.3333333432674408 0.55894631147384644
vt 0.4166666567325592 0
vt 0.4166666567325592 0.55894631147384644
vt 0.4166666567325592 0
vt 0.4166666567325592 0.55894631147384644
vt 0.5 0
vt 0.5 0.55894631147384644
vt 0.5 0
vt 0.5 0.55894631147384644
vt 0.58333331346511841 0
vt 0.58333331346511841 0.55894631147384644
vt 0.58333331346511841 0
vt 0.58333331346511841 0.55894631147384644
vt 0.66666668653488159 0
vt 0.66666668653488159 0.55894631147384644
vt 0.66666668653488159 0
vt 0.66666668653488159 0.55894631147384644
vt 0.75 0
vt 0.75 0.55894631147384644
vt 0.75 0
vt 0.75 0.55894631147384644
vt 0.83333331346511841 0
vt 0.83333331346511841 0.55894631147384644
vt 0.83333331346511841 0
vt 0.83333331346511841 0.55894631147384644
vt 0.91666668653488159 0
vt 0.91666668653488159 0.55894631147384644
vt 0.91666668653488159 0
vt 0.91666668653488159 0.55894631147384644
vt 1 0
vt 1 0.55894631147384644
vt 0.29064288735389709 1
vt 0.36892300844192505 0.79572838544845581
vt 0.081961527466773987 0.55894690752029419
vt 0.044978495687246323 0.65044087171554565
vt 0.048395648598670959 0.65296155214309692
vt 0.046572551131248474 0.65784984827041626
vt 0.04315909743309021 0.65488195419311523
vt 0.030613357201218605 0.6860843300819397
vt 0.033903196454048157 0.6886027455329895
vt 0.032342128455638885 0.69260102510452271
vt 0.028992330655455589 0.68963420391082764
vt 0 0.76181107759475708
vt 0.29064288735389709 0.55894690752029419
vt 0.36892300844192505 0.76321852207183838
vt 0.081961527466773987 1
vt 0.044978495687246323 0.90850597620010376
vt 0.048395648598670959 0.90598535537719727
vt 0.046572551131248474 0.90109705924987793
vt 0.04315909743309021 0.90406495332717896
vt 0.030613357201218605 0.87286257743835449
vt 0.033903196454048157 0.87034416198730469
vt 0.032342128455638885 0.86634588241577148
vt 0.028992330655455589 0.86931264400482178
vt 0 0.79713582992553711
vn 0.076353378593921661 0 0.99708080291748047
vn 0.076353378593921661 0 0.99708080291748047
vn 0.076353378593921661 0 0.99708080291748047
vn 0.076353378593921661 0 0.99708080291748047
vn 0.99732393026351929 0 -0.073109425604343414
vn 0.99732393026351929 0 -0.073109425604343414
vn 0.99732393026351929 0 -0.073109425604343414
vn 0.99732393026351929 0 -0.073109425604343414
vn -0.053346399217844009 0 -0.99857604503631592
vn -0.053346399217844009 0 -0.99857604503631592
vn -0.053346399217844009 0 -0.99857604503631592
vn -0.053346399217844009 0 -0.99857604503631592
vn -0.99284172058105469 0 0.11943736672401428
vn -0.99284172058105469 0 0.11943736672401428
vn -0.99284172058105469 0 0.11943736672401428
vn -0.99284172058105469 0 0.11943736672401428
vn -0.087807208299636841 0 -0.99613749980926514
vn -0.087807208299636841 0 -0.99613749980926514
vn -0.087807208299636841 0 -0.99613749980926514
vn -0.087807208299636841 0 -0.99613749980926514
vn 0.99872654676437378 0 -0.050450470298528671
vn 0.99872654676437378 0 -0.050450470298528671
vn 0.99872654676437378 0 -0.050450470298528671
vn 0.99872654676437378 0 -0.050450470298528671
vn -0.055661007761955261 0 -0.99844974279403687
vn -0.055661007761955261 0 -0.99844974279403687
vn -0.055661007761955261 0 -0.99844974279403687
vn -0.055661007761955261 0 -0.99844974279403687
vn -0.99452942609786987 0 0.10445696860551834
vn -0.99452942609786987 0 0.10445696860551834
vn -0.99452942609786987 0 0.10445696860551834
vn -0.99452942609786987 0 0.10445696860551834
vn -0.068377457559108734 0 -0.99765950441360474
vn -0.068377457559108734 0 -0.99765950441360474
vn -0.068377457559108734 0 -0.99765950441360474
vn -0.068377457559108734 0 -0.99765950441360474
vn 0.99910414218902588 0 -0.04231942817568779
vn 0.99910414218902588 0 -0.04231942817568779
vn 0.99910414218902588 0 -0.04231942817568779
vn 0.99910414218902588 0 -0.04231942817568779
vn -0.056085817515850067 0 -0.99842596054077148
vn -0.056085817515850067 0 -0.99842596054077148
vn -0.056085817515850067 0 -0.99842596054077148
vn -0.056085817515850067 0 -0.99842596054077148
vn -0.99710661172866821 0 0.076016031205654144
vn -0.99710661172866821 0 0.076016031205654144
vn -0.99710661172866821 0 0.076016031205654144
vn -0.99710661172866821 0 0.076016031205654144
vn 0 -1 0
vn 0 -1 0
vn 0 -1 0
vn 0 -1 0
vn 0 -1 0
vn 0 -1 0
vn 0 -1 0
vn 0 -1 0
vn 0 -1 0
vn 0 -1 0
vn 0 -1 0
vn 0 -1 0
vn 0 1 0
vn 0 1 0
vn 0 1 0
vn 0 1 0
vn 0 1 0
vn 0 1 0
vn 0 1 0
vn 0 1 0
vn 0 1 0
vn 0 1 0
vn 0 1 0
vn 0 1 0
f 2453/2453/2453 2455/2455/2455 2456/2456/2456 2454/2454/2454
f 2457/2457/2457 2459/2459/2459 2460/2460/2460 2458/2458/2458
f 2461/2461/2461 2463/2463/2463 2464/2464/2464 2462/2462/2462
f 2465/2465/2465 2467/2467/2467 2468/2468/2468 2466/2466/2466
f 2469/2469/2469 2471/2471/2471 2472/2472/2472 2470/2470/2470
f 2473/2473/2473 2475/2475/2475 2476/2476/2476 2474/2474/2474
f 2477/2477/2477 2479/2479/2479 2480/2480/2480 2478/2478/2478
f 2481/2481/2481 2483/2483/2483 2484/2484/2484 2482/2482/2482
f 2485/2485/2485 2487/2487/2487 2488/2488/2488 2486/2486/2486
f 2489/2489/2489 2491/2491/2491 2492/2492/2492 2490/2490/2490
f 2493/2493/2493 2495/2495/2495 2496/2496/2496 2494/2494/2494
f 2497/2497/2497 2499/2499/2499 2500/2500/2500 2498/2498/2498
f 2511/2511/2511 2510/2510/2510 2512/2512/2512
f 2501/2501/2501 2512/2512/2512 2510/2510/2510
f 2507/2507/2507 2509/2509/2509 2508/2508/2508
f 2506/2506/2506 2509/2509/2509 2507/2507/2507
f 2509/2509/2509 2501/2501/2501 2510/2510/2510
f 2502/2502/2502 2501/2501/2501 2506/2506/2506
f 2509/2509/2509 2506/2506/2506 2501/2501/2501
f 2505/2505/2505 2502/2502/2502 2506/2506/2506
f 2503/2503/2503 2505/2505/2505 2504/2504/2504
f 2502/2502/2502 2505/2505/2505 2503/2503/2503
f 2523/2523/2523 2524/2524/2524 2522/2522/2522
f 2513/2513/2513 2522/2522/2522 2524/2524/2524
f 2519/2519/2519 2520/2520/2520 2521/2521/2521
f 2518/2518/2518 2519/2519/2519 2521/2521/2521
f 2521/2521/2521 2522/2522/2522 2513/2513/2513
f 2514/2514/2514 2518/2518/2518 2513/2513/2513
f 2521/2521/2521 2513/2513/2513 2518/2518/2518
f 2517/2517/2517 2518/2518/2518 2514/2514/2514
f 2515/2515/2515 2516/2516/2516 2517/2517/2517
f 2514/2514/2514 2515/2515/2515 2517/2517/2517
usemtl Default
v -64.368858337402344 0 -134.44566345214844
v -64.368858337402344 15 -134.44566345214844
v -53.489189147949219 0 -137.92828369140625
v -53.489189147949219 15 -137.92828369140625
v -53.489189147949219 0 -137.92828369140625
v -53.489189147949219 15 -137.92828369140625
v -52.427261352539062 0 -134.59730529785156
v -52.427261352539062 15 -134.59730529785156
v -52.427261352539062 0 -134.59730529785156
v -52.427261352539062 15 -134.59730529785156
v -46.003326416015625 0 -136.52923583984375
v -46.003326416015625 15 -136.52923583984375
v -46.003326416015625 0 -136.52923583984375
v -46.003326416015625 15 -136.52923583984375
v -56.023525238037109 0 -168.35713195800781
v -56.023525238037109 15 -168.35713195800781
v -56.023525238037109 0 -168.35713195800781
v -56.023525238037109 15 -168.35713195800781
v -71.743431091308594 0 -158.17068481445312
v -71.743431091308594 15 -158.17068481445312
v -71.743431091308594 0 -158.17068481445312
v -71.743431091308594 15 -158.17068481445312
v -64.368858337402344 0 -134.44566345214844
v -64.368858337402344 15 -134.44566345214844
v -64.368858337402344 0 -134.44566345214844
v -53.489189147949219 0 -137.92828369140625
v -52.427261352539062 0 -134.59730529785156
v -46.003326416015625 0 -136.52923583984375
v -56.023525238037109 0 -168.35713195800781
v -71.743431091308594 0 -158.17068481445312
v -64.368858337402344 15 -134.44566345214844
v -53.489189147949219 15 -137.92828369140625
v -52.427261352539062 15 -134.59730529785156
v -46.003326416015625 15 -136.52923583984375
v -56.023525238037109 15 -168.35713195800781
v -71.743431091308594 15 -158.17068481445312
vt 0 0
vt 0 0.61284232139587402
vt 0.1666666716337204 0
vt 0.1666666716337204 0.61284232139587402
vt 0.1666666716337204 0
vt 0.1666666716337204 0.61284232139587402
vt 0.3333333432674408 0
vt 0.3333333432674408 0.61284232139587402
vt 0.3333333432674408 0
vt 0.3333333432674408 0.61284232139587402
vt 0.5 0
vt 0.5 0.61284232139587402
vt 0.5 0
vt 0.5 0.61284232139587402
vt 0.66666668653488159 0
vt 0.66666668653488159 0.61284232139587402
vt 0.66666668653488159 0
vt 0.66666668653488159 0.61284232139587402
vt 0.83333331346511841 0
vt 0.83333331346511841 0.61284232139587402
vt 0.83333331346511841 0
vt 0.83333331346511841 0.61284232139587402
vt 1 0
vt 1 0.61284232139587402
vt 0.24183006584644318 1
vt 0.27355143427848816 0.8346899151802063
vt 0.30765333771705627 0.84914785623550415
vt 0.32743397355079651 0.75257664918899536
vt 0.0022974980529397726 0.61284297704696655
vt 0 0.89465469121932983
vt 0.24183006584644318 0.61284297704696655
vt 0.27355143427848816 0.77815300226211548
vt 0.30765333771705627 0.7636951208114624
vt 0.32743397355079651 0.86026626825332642
vt 0.0022974980529397726 1
vt 0 0.71818828582763672
vn 0.30486446619033813 0 0.9523957371711731
vn 0.30486446619033813 0 0.9523957371711731
vn 0.30486446619033813 0 0.9523957371711731
vn 0.30486446619033813 0 0.9523957371711731
vn -0.9527544379234314 0 0.30374172329902649
vn -0.9527544379234314 0 0.30374172329902649
vn -0.9527544379234314 0 0.30374172329902649
vn -0.9527544379234314 0 0.30374172329902649
vn 0.28799736499786377 0 0.95763123035430908
vn 0.28799736499786377 0 0.95763123035430908
vn 0.28799736499786377 0 0.95763123035430908
vn 0.28799736499786377 0 0.95763123035430908
vn 0.95384663343429565 0 -0.30029416084289551
vn 0.95384663343429565 0 -0.30029416084289551
vn 0.95384663343429565 0 -0.30029416084289551
vn 0.95384663343429565 0 -0.30029416084289551
vn -0.54380571842193604 0 -0.839211106300354
vn -0.54380571842193604 0 -0.839211106300354
vn -0.54380571842193604 0 -0.839211106300354
vn -0.54380571842193604 0 -0.839211106300354
vn -0.95493149757385254 0 0.29682633280754089
vn -0.95493149757385254 0 0.29682633280754089
vn -0.95493149757385254 0 0.29682633280754089
vn -0.95493149757385254 0 0.29682633280754089
vn 0 -1 0
vn 0 -1 0
vn 0 -1 0
vn 0 -1 0
vn 0 -1 0
vn 0 -1 0
vn 0 1 0
vn 0 1 0
vn 0 1 0
vn 0 1 0
vn 0 1 0
vn 0 1 0
f 2525/2525/2525 2527/2527/2527 2528/2528/2528 2526/2526/2526
f 2529/2529/2529 2531/2531/2531 2532/2532/2532 2530/2530/2530
f 2533/2533/2533 2535/2535/2535 2536/2536/2536 2534/2534/2534
f 2537/2537/2537 2539/2539/2539 2540/2540/2540 2538/2538/2538
f 2541/2541/2541 2543/2543/2543 2544/2544/2544 2542/2542/2542
f 2545/2545/2545 2547/2547/2547 2548/2548/2548 2546/2546/2546
f 2550/2550/2550 2554/2554/2554 2553/2553/2553
f 2549/2549/2549 2554/2554/2554 2550/2550/2550
f 2552/2552/2552 2551/2551/2551 2550/2550/2550
f 2553/2553/2553 2552/2552/2552 2550/2550/2550
f 2556/2556/2556 2559/2559/2559 2560/2560/2560
f 2555/2555/2555 2556/2556/2556 2560/2560/2560
f 2558/2558/2558 2556/2556/2556 2557/2557/2557
f 2559/2559/2559 2556/2556/2556 2558/2558/2558
usemtl Default
v -45.350254058837891 0 -165.63919067382812
v -45.350254058837891 15 -165.63919067382812
v -37.357967376708984 0 -145.81867980957031
v -37.357967376708984 15 -145.81867980957031
v -37.357967376708984 0 -145.81867980957031
v -37.357967376708984 15 -145.81867980957031
v -29.66966438293457 0 -150.19230651855469
v -29.66966438293457 15 -150.19230651855469
v -29.66966438293457 0 -150.19230651855469
v -29.66966438293457 15 -150.19230651855469
v -37.139316558837891 0 -169.53105163574219
v -37.139316558837891 15 -169.53105163574219
v -37.139316558837891 0 -169.53105163574219
v -37.139316558837891 15 -169.53105163574219
v -25.668621063232422 0 -170.87088012695312
v -25.668621063232422 15 -170.87088012695312
v -25.668621063232422 0 -170.87088012695312
v -25.668621063232422 15 -170.87088012695312
v -28.304250717163086 0 -186.31912231445312
v -28.304250717163086 15 -186.31912231445312
v -28.304250717163086 0 -186.31912231445312
v -28.304250717163086 15 -186.31912231445312
v -46.832923889160156 0 -174.31260681152344
v -46.832923889160156 15 -174.31260681152344
v -46.832923889160156 0 -174.31260681152344
v -46.832923889160156 15 -174.31260681152344
v -45.350254058837891 0 -165.63919067382812
v -45.350254058837891 15 -165.63919067382812
v -45.350254058837891 0 -165.63919067382812
v -37.357967376708984 0 -145.81867980957031
v -29.66966438293457 0 -150.19230651855469
v -37.139316558837891 0 -169.53105163574219
v -25.668621063232422 0 -170.87088012695312
v -28.304250717163086 0 -186.31912231445312
v -46.832923889160156 0 -174.31260681152344
v -45.350254058837891 15 -165.63919067382812
v -37.357967376708984 15 -145.81867980957031
v -29.66966438293457 15 -150.19230651855469
v -37.139316558837891 15 -169.53105163574219
v -25.668621063232422 15 -170.87088012695312
v -28.304250717163086 15 -186.31912231445312
v -46.832923889160156 15 -174.31260681152344
vt 0 0
vt 0 0.60110807418823242
vt 0.1428571492433548 0
vt 0.1428571492433548 0.60110807418823242
vt 0.1428571492433548 0
vt 0.1428571492433548 0.60110807418823242
vt 0.28571429848670959 0
vt 0.28571429848670959 0.60110807418823242
vt 0.28571429848670959 0
vt 0.28571429848670959 0.60110807418823242
vt 0.4285714328289032 0
vt 0.4285714328289032 0.60110807418823242
vt 0.4285714328289032 0
vt 0.4285714328289032 0.60110807418823242
vt 0.57142859697341919 0
vt 0.57142859697341919 0.60110807418823242
vt 0.57142859697341919 0
vt 0.57142859697341919 0.60110807418823242
vt 0.71428573131561279 0
vt 0.71428573131561279 0.60110807418823242
vt 0.71428573131561279 0
vt 0.71428573131561279 0.60110807418823242
vt 0.8571428656578064 0
vt 0.8571428656578064 0.60110807418823242
vt 0.8571428656578064 0
vt 0.8571428656578064 0.60110807418823242
vt 1 0
vt 1 0.60110807418823242
vt 0.23519439995288849 0.89157748222351074
vt 0.27485337853431702 0.60943013429641724
vt 0.19393597543239594 0.60110867023468018
vt 0.15273386240005493 0.87394595146179199
vt 0.058348082005977631 0.80332857370376587
vt 0 0.99640142917633057
vt 0.20245693624019623 1
vt 0.23519439995288849 0.70953118801116943
vt 0.27485337853431702 0.99167853593826294
vt 0.19393597543239594 1
vt 0.15273386240005493 0.72716271877288818
vt 0.058348082005977631 0.79778009653091431
vt 0 0.60470724105834961
vt 0.20245693624019623 0.60110867023468018
vn -0.92743909358978271 0 0.37397417426109314
vn -0.92743909358978271 0 0.37397417426109314
vn -0.92743909358978271 0 0.37397417426109314
vn -0.92743909358978271 0 0.37397417426109314
vn 0.49446031451225281 0 0.86920022964477539
vn 0.49446031451225281 0 0.86920022964477539
vn 0.49446031451225281 0 0.86920022964477539
vn 0.49446031451225281 0 0.86920022964477539
vn 0.93283271789550781 0 -0.36030977964401245
vn 0.93283271789550781 0 -0.36030977964401245
vn 0.93283271789550781 0 -0.36030977964401245
vn 0.93283271789550781 0 -0.36030977964401245
vn 0.11601627618074417 0 0.99324733018875122
vn 0.11601627618074417 0 0.99324733018875122
vn 0.11601627618074417 0 0.99324733018875122
vn 0.11601627618074417 0 0.99324733018875122
vn 0.9857562780380249 0 -0.16818013787269592
vn 0.9857562780380249 0 -0.16818013787269592
vn 0.9857562780380249 0 -0.16818013787269592
vn 0.9857562780380249 0 -0.16818013787269592
vn -0.54380571842193604 0 -0.839211106300354
vn -0.54380571842193604 0 -0.839211106300354
vn -0.54380571842193604 0 -0.839211106300354
vn -0.54380571842193604 0 -0.839211106300354
vn -0.98570168018341064 0 0.16849984228610992
vn -0.98570168018341064 0 0.16849984228610992
vn -0.98570168018341064 0 0.16849984228610992
vn -0.98570168018341064 0 0.16849984228610992
vn 0 -1 0
vn 0 -1 0
vn 0 -1 0
vn 0 -1 0
vn 0 -1 0
vn 0 -1 0
vn 0 -1 0
vn 0 1 0
vn 0 1 0
vn 0 1 0
vn 0 1 0
vn 0 1 0
vn 0 1 0
vn 0 1 0
f 2561/2561/2561 2563/2563/2563 2564/2564/2564 2562/2562/2562
f 2565/2565/2565 2567/2567/2567 2568/2568/2568 2566/2566/2566
f 2569/2569/2569 2571/2571/2571 2572/2572/2572 2570/2570/2570
f 2573/2573/2573 2575/2575/2575 2576/2576/2576 2574/2574/2574
f 2577/2577/2577 2579/2579/2579 2580/2580/2580 2578/2578/2578
f 2581/2581/2581 2583/2583/2583 2584/2584/2584 2582/2582/2582
f 2585/2585/2585 2587/2587/2587 2588/2588/2588 2586/2586/2586
f 2592/2592/2592 2595/2595/2595 2594/2594/2594
f 2589/2589/2589 2595/2595/2595 2592/2592/2592
f 2589/2589/2589 2592/2592/2592 2591/2591/2591
f 2594/2594/2594 2593/2593/2593 2592/2592/2592
f 2590/2590/2590 2589/2589/2589 2591/2591/2591
f 2599/2599/2599 2601/2601/2601 2602/2602/2602
f 2596/2596/2596 2599/2599/2599 2602/2602/2602
f 2596/2596/2596 2598/2598/2598 2599/2599/2599
f 2601/2601/2601 2599/2599/2599 2600/2600/2600
f 2597/2597/2597 2598/2598/2598 2596/2596/2596
usemtl Default
v -14.900086402893066 0 -174.45663452148438
v -14.900086402893066 15 -174.45663452148438
v -9.1910285949707031 0 -175.37223815917969
v -9.1910285949707031 15 -175.37223815917969
v -9.1910285949707031 0 -175.37223815917969
v -9.1910285949707031 15 -175.37223815917969
v 3.3529608249664307 0 -181.96131896972656
v 3.3529608249664307 15 -181.96131896972656
v 3.3529608249664307 0 -181.96131896972656
v 3.3529608249664307 15 -181.96131896972656
v -0.67072570323944092 0 -204.22554016113281
v -0.67072570323944092 15 -204.22554016113281
v -0.67072570323944092 0 -204.22554016113281
v -0.67072570323944092 15 -204.22554016113281
v -17.828037261962891 0 -193.107666015625
v -17.828037261962891 15 -193.107666015625
v -17.828037261962891 0 -193.107666015625
v -17.828037261962891 15 -193.107666015625
v -14.900086402893066 0 -174.45663452148438
v -14.900086402893066 15 -174.45663452148438
v -14.900086402893066 0 -174.45663452148438
v -9.1910285949707031 0 -175.37223815917969
v 3.3529608249664307 0 -181.96131896972656
v -0.67072570323944092 0 -204.22554016113281
v -17.828037261962891 0 -193.107666015625
v -14.900086402893066 15 -174.45663452148438
v -9.1910285949707031 15 -175.37223815917969
v 3.3529608249664307 15 -181.96131896972656
v -0.67072570323944092 15 -204.22554016113281
v -17.828037261962891 15 -193.107666015625
vt 0 0
vt 0 0.63152045011520386
vt 0.20000000298023224 0
vt 0.20000000298023224 0.63152045011520386
vt 0.20000000298023224 0
vt 0.20000000298023224 0.63152045011520386
vt 0.40000000596046448 0
vt 0.40000000596046448 0.63152045011520386
vt 0.40000000596046448 0
vt 0.40000000596046448 0.63152045011520386
vt 0.60000002384185791 0
vt 0.60000002384185791 0.63152045011520386
vt 0.60000002384185791 0
vt 0.60000002384185791 0.63152045011520386
vt 0.80000001192092896 0
vt 0.80000001192092896 0.63152045011520386
vt 0.80000001192092896 0
vt 0.80000001192092896 0.63152045011520386
vt 1 0
vt 1 0.63152045011520386
vt 0.34598666429519653 0.69925200939178467
vt 0.28175744414329529 0.65716522932052612
vt 0.10967504978179932 0.63152104616165161
vt 0 0.99566549062728882
vt 0.24960958957672119 1
vt 0.34598666429519653 0.93226909637451172
vt 0.28175744414329529 0.97435581684112549
vt 0.10967504978179932 1
vt 0 0.63585561513900757
vt 0.24960958957672119 0.63152104616165161
vn 0.15835431218147278 0 0.98738235235214233
vn 0.15835431218147278 0 0.98738235235214233
vn 0.15835431218147278 0 0.98738235235214233
vn 0.15835431218147278 0 0.98738235235214233
vn 0.46502667665481567 0 0.88529664278030396
vn 0.46502667665481567 0 0.88529664278030396
vn 0.46502667665481567 0 0.88529664278030396
vn 0.46502667665481567 0 0.88529664278030396
vn 0.98405879735946655 0 -0.17784327268600464
vn 0.98405879735946655 0 -0.17784327268600464
vn 0.98405879735946655 0 -0.17784327268600464
vn 0.98405879735946655 0 -0.17784327268600464
vn -0.54380571842193604 0 -0.839211106300354
vn -0.54380571842193604 0 -0.839211106300354
vn -0.54380571842193604 0 -0.839211106300354
vn -0.54380571842193604 0 -0.839211106300354
vn -0.98790091276168823 0 0.15508647263050079
vn -0.98790091276168823 0 0.15508647263050079
vn -0.98790091276168823 0 0.15508647263050079
vn -0.98790091276168823 0 0.15508647263050079
vn 0 -1 0
vn 0 -1 0
vn 0 -1 0
vn 0 -1 0
vn 0 -1 0
vn 0 1 0
vn 0 1 0
vn 0 1 0
vn 0 1 0
vn 0 1 0
f 2603/2603/2603 2605/2605/2605 2606/2606/2606 2604/2604/2604
f 2607/2607/2607 2609/2609/2609 2610/2610/2610 2608/2608/2608
f 2611/2611/2611 2613/2613/2613 2614/2614/2614 2612/2612/2612
f 2615/2615/2615 2617/2617/2617 2618/2618/2618 2616/2616/2616
f 2619/2619/2619 2621/2621/2621 2622/2622/2622 2620/2620/2620
f 2625/2625/2625 2627/2627/2627 2626/2626/2626
f 2627/2627/2627 2625/2625/2625 2624/2624/2624
f 2623/2623/2623 2627/2627/2627 2624/2624/2624
f 2630/2630/2630 2631/2631/2631 2632/2632/2632
f 2632/2632/2632 2629/2629/2629 2630/2630/2630
f 2628/2628/2628 2629/2629/2629 2632/2632/2632
usemtl Default
v -236.32005310058594 0 -51.525638580322266
v -236.32005310058594 40.099998474121094 -51.525638580322266
v -238.17539978027344 0 -50.323383331298828
v -238.17539978027344 40.099998474121094 -50.323383331298828
v -238.17539978027344 0 -50.323383331298828
v -238.17539978027344 40.099998474121094 -50.323383331298828
v -235.01187133789062 0 -45.441593170166016
v -235.01187133789062 40.099998474121094 -45.441593170166016
v -235.01187133789062 0 -45.441593170166016
v -235.01187133789062 40.099998474121094 -45.441593170166016
v -236.32005310058594 0 -51.525638580322266
v -236.32005310058594 40.099998474121094 -51.525638580322266
v -236.32005310058594 0 -51.525638580322266
v -238.17539978027344 0 -50.323383331298828
v -235.01187133789062 0 -45.441593170166016
v -236.32005310058594 40.099998474121094 -51.525638580322266
v -238.17539978027344 40.099998474121094 -50.323383331298828
v -235.01187133789062 40.099998474121094 -45.441593170166016
vt 0 0
vt 0 1
vt 0.29291993379592896 0
vt 0.29291993379592896 1
vt 0.29291993379592896 0
vt 0.29291993379592896 1
vt 0.58583986759185791 0
vt 0.58583986759185791 1
vt 0.58583986759185791 0
vt 0.58583986759185791 1
vt 0.87875980138778687 0
vt 0.87875980138778687 1
vt 0.8787606954574585 0.1443902850151062
vt 0.99626839160919189 0.14505684375762939
vt 1 0
vt 0.8787606954574585 0.00066656043054535985
vt 0.99626839160919189 0
vt 1 0.14505684375762939
vn -0.54380571842193604 0 -0.839211106300354
vn -0.54380571842193604 0 -0.839211106300354
vn -0.54380571842193604 0 -0.839211106300354
vn -0.54380571842193604 0 -0.839211106300354
vn -0.83919906616210938 0 0.54382437467575073
vn -0.83919906616210938 0 0.54382437467575073
vn -0.83919906616210938 0 0.54382437467575073
vn -0.83919906616210938 0 0.54382437467575073
vn 0.97765505313873291 0 -0.21021571755409241
vn 0.97765505313873291 0 -0.21021571755409241
vn 0.97765505313873291 0 -0.21021571755409241
vn 0.97765505313873291 0 -0.21021571755409241
vn 0 -1 0
vn 0 -1 0
vn 0 -1 0
vn 0 1 0
vn 0 1 0
vn 0 1 0
f 2633/2633/2633 2635/2635/2635 2636/2636/2636 2634/2634/2634
f 2637/2637/2637 2639/2639/2639 2640/2640/2640 2638/2638/2638
f 2641/2641/2641 2643/2643/2643 2644/2644/2644 2642/2642/2642
f 2645/2645/2645 2647/2647/2647 2646/2646/2646
f 2648/2648/2648 2649/2649/2649 2650/2650/2650
usemtl Default
v 73.718605041503906 0 -178.06675720214844
v 73.718605041503906 6.1999998092651367 -178.06675720214844
v 170.49842834472656 0 -194.53421020507812
v 170.49842834472656 6.1999998092651367 -194.53421020507812
v 170.49842834472656 0 -194.53421020507812
v 170.49842834472656 6.1999998092651367 -194.53421020507812
v 168.40608215332031 0 -206.83935546875
v 168.40608215332031 6.1999998092651367 -206.83935546875
v 168.40608215332031 0 -206.83935546875
v 168.40608215332031 6.1999998092651367 -206.83935546875
v 71.626243591308594 0 -190.37199401855469
v 71.626243591308594 6.1999998092651367 -190.37199401855469
v 71.626243591308594 0 -190.37199401855469
v 71.626243591308594 6.1999998092651367 -190.37199401855469
v 73.718605041503906 0 -178.06675720214844
v 73.718605041503906 6.1999998092651367 -178.06675720214844
v 73.718605041503906 0 -178.06675720214844
v 170.49842834472656 0 -194.53421020507812
v 168.40608215332031 0 -206.83935546875
v 71.626243591308594 0 -190.37199401855469
v 73.718605041503906 6.1999998092651367 -178.06675720214844
v 170.49842834472656 6.1999998092651367 -194.53421020507812
v 168.40608215332031 6.1999998092651367 -206.83935546875
v 71.626243591308594 6.1999998092651367 -190.37199401855469
vt 0 0
vt 0 0.52849173545837402
vt 0.25 0
vt 0.25 0.52849173545837402
vt 0.25 0
vt 0.25 0.52849173545837402
vt 0.5 0
vt 0.5 0.52849173545837402
vt 0.5 0
vt 0.5 0.52849173545837402
vt 0.75 0
vt 0.75 0.52849173545837402
vt 0.75 0
vt 0.75 0.52849173545837402
vt 1 0
vt 1 0.52849173545837402
vt 0.42824068665504456 0.89518588781356812
vt 0.022927282378077507 0.528492271900177
vt 0 0.63330554962158203
vt 0.40531319379806519 1
vt 1 0.63330638408660889
vt 0.59468656778335571 1
vt 0.57175928354263306 0.89518672227859497
vt 0.97707253694534302 0.528492271900177
vn 0.16774281859397888 0 0.98583078384399414
vn 0.16774281859397888 0 0.98583078384399414
vn 0.16774281859397888 0 0.98583078384399414
vn 0.16774281859397888 0 0.98583078384399414
vn 0.98584955930709839 0 -0.16763250529766083
vn 0.98584955930709839 0 -0.16763250529766083
vn 0.98584955930709839 0 -0.16763250529766083
vn 0.98584955930709839 0 -0.16763250529766083
vn -0.1677418053150177 0 -0.98583096265792847
vn -0.1677418053150177 0 -0.98583096265792847
vn -0.1677418053150177 0 -0.98583096265792847
vn -0.1677418053150177 0 -0.98583096265792847
vn -0.98584961891174316 0 0.16763216257095337
vn -0.98584961891174316 0 0.16763216257095337
vn -0.98584961891174316 0 0.16763216257095337
vn -0.98584961891174316 0 0.16763216257095337
vn 0 -1 0
vn 0 -1 0
vn 0 -1 0
vn 0 -1 0
vn 0 1 0
vn 0 1 0
vn 0 1 0
vn 0 1 0
f 2651/2651/2651 2653/2653/2653 2654/2654/2654 2652/2652/2652
f 2655/2655/2655 2657/2657/2657 2658/2658/2658 2656/2656/2656
f 2659/2659/2659 2661/2661/2661 2662/2662/2662 2660/2660/2660
f 2663/2663/2663 2665/2665/2665 2666/2666/2666 2664/2664/2664
f 2668/2668/2668 2667/2667/2667 2670/2670/2670
f 2670/2670/2670 2669/2669/2669 2668/2668/2668
f 2672/2672/2672 2674/2674/2674 2671/2671/2671
f 2674/2674/2674 2672/2672/2672 2673/2673/2673
usemtl Default
v -78.811576843261719 0 134.37124633789062
v -78.811576843261719 8.6000003814697266 134.37124633789062
v -81.643280029296875 0 133.6251220703125
v -81.643280029296875 8.6000003814697266 133.6251220703125
v -81.643280029296875 0 133.6251220703125
v -81.643280029296875 8.6000003814697266 133.6251220703125
v -81.8553466796875 0 122.82027435302734
v -81.8553466796875 8.6000003814697266 122.82027435302734
v -81.8553466796875 0 122.82027435302734
v -81.8553466796875 8.6000003814697266 122.82027435302734
v -112.33225250244141 0 122.05924987792969
v -112.33225250244141 8.6000003814697266 122.05924987792969
v -112.33225250244141 0 122.05924987792969
v -112.33225250244141 8.6000003814697266 122.05924987792969
v -112.83349609375 0 143.09716796875
v -112.83349609375 8.6000003814697266 143.09716796875
v -112.83349609375 0 143.09716796875
v -112.83349609375 8.6000003814697266 143.09716796875
v -93.1583251953125 0 173.45878601074219
v -93.1583251953125 8.6000003814697266 173.45878601074219
v -93.1583251953125 0 173.45878601074219
v -93.1583251953125 8.6000003814697266 173.45878601074219
v -78.811576843261719 0 134.37124633789062
v -78.811576843261719 8.6000003814697266 134.37124633789062
v -78.811576843261719 0 134.37124633789062
v -81.643280029296875 0 133.6251220703125
v -81.8553466796875 0 122.82027435302734
v -112.33225250244141 0 122.05924987792969
v -112.83349609375 0 143.09716796875
v -93.1583251953125 0 173.45878601074219
v -78.811576843261719 8.6000003814697266 134.37124633789062
v -81.643280029296875 8.6000003814697266 133.6251220703125
v -81.8553466796875 8.6000003814697266 122.82027435302734
v -112.33225250244141 8.6000003814697266 122.05924987792969
v -112.83349609375 8.6000003814697266 143.09716796875
v -93.1583251953125 8.6000003814697266 173.45878601074219
vt 0 0
vt 0 0.55148452520370483
vt 0.1666666716337204 0
vt 0.1666666716337204 0.55148452520370483
vt 0.1666666716337204 0
vt 0.1666666716337204 0.55148452520370483
vt 0.3333333432674408 0
vt 0.3333333432674408 0.55148452520370483
vt 0.3333333432674408 0
vt 0.3333333432674408 0.55148452520370483
vt 0.5 0
vt 0.5 0.55148452520370483
vt 0.5 0
vt 0.5 0.55148452520370483
vt 0.66666668653488159 0
vt 0.66666668653488159 0.55148452520370483
vt 0.66666668653488159 0
vt 0.66666668653488159 0.55148452520370483
vt 0.83333331346511841 0
vt 0.83333331346511841 0.55148452520370483
vt 0.83333331346511841 0
vt 0.83333331346511841 0.55148452520370483
vt 1 0
vt 1 0.55148452520370483
vt 0.20140992105007172 0.59775018692016602
vt 0.18610601127147675 0.62102997303009033
vt 0.12241318076848984 0.55148506164550781
vt 0 0.85024988651275635
vt 0.12047628313302994 0.99477237462997437
vt 0.3733144998550415 1
vt 0.20140992105007172 0.95373493432998657
vt 0.18610601127147675 0.93045514822006226
vt 0.12241318076848984 1
vt 0 0.70123523473739624
vt 0.12047628313302994 0.55671268701553345
vt 0.3733144998550415 0.55148506164550781
vn 0.25479203462600708 0 -0.96699589490890503
vn 0.25479203462600708 0 -0.96699589490890503
vn 0.25479203462600708 0 -0.96699589490890503
vn 0.25479203462600708 0 -0.96699589490890503
vn 0.99980741739273071 0 -0.019623184576630592
vn 0.99980741739273071 0 -0.019623184576630592
vn 0.99980741739273071 0 -0.019623184576630592
vn 0.99980741739273071 0 -0.019623184576630592
vn 0.024962900206446648 0 -0.99968838691711426
vn 0.024962900206446648 0 -0.99968838691711426
vn 0.024962900206446648 0 -0.99968838691711426
vn 0.024962900206446648 0 -0.99968838691711426
vn -0.99971628189086914 0 -0.023819033056497574
vn -0.99971628189086914 0 -0.023819033056497574
vn -0.99971628189086914 0 -0.023819033056497574
vn -0.99971628189086914 0 -0.023819033056497574
vn -0.83919906616210938 0 0.54382437467575073
vn -0.83919906616210938 0 0.54382437467575073
vn -0.83919906616210938 0 0.54382437467575073
vn -0.83919906616210938 0 0.54382437467575073
vn 0.93876254558563232 0 0.3445647656917572
vn 0.93876254558563232 0 0.3445647656917572
vn 0.93876254558563232 0 0.3445647656917572
vn 0.93876254558563232 0 0.3445647656917572
vn 0 -1 0
vn 0 -1 0
vn 0 -1 0
vn 0 -1 0
vn 0 -1 0
vn 0 -1 0
vn 0 1 0
vn 0 1 0
vn 0 1 0
vn 0 1 0
vn 0 1 0
vn 0 1 0
f 2675/2675/2675 2677/2677/2677 2678/2678/2678 2676/2676/2676
f 2679/2679/2679 2681/2681/2681 2682/2682/2682 2680/2680/2680
f 2683/2683/2683 2685/2685/2685 2686/2686/2686 2684/2684/2684
f 2687/2687/2687 2689/2689/2689 2690/2690/2690 2688/2688/2688
f 2691/2691/2691 2693/2693/2693 2694/2694/2694 2692/2692/2692
f 2695/2695/2695 2697/2697/2697 2698/2698/2698 2696/2696/2696
f 2700/2700/2700 2702/2702/2702 2701/2701/2701
f 2703/2703/2703 2702/2702/2702 2700/2700/2700
f 2699/2699/2699 2704/2704/2704 2700/2700/2700
f 2703/2703/2703 2700/2700/2700 2704/2704/2704
f 2706/2706/2706 2707/2707/2707 2708/2708/2708
f 2709/2709/2709 2706/2706/2706 2708/2708/2708
f 2705/2705/2705 2706/2706/2706 2710/2710/2710
f 2709/2709/2709 2710/2710/2710 2706/2706/2706
usemtl Default
v -44.857151031494141 0 243.81350708007812
v -44.857151031494141 14 243.81350708007812
v -42.401939392089844 0 203.59707641601562
v -42.401939392089844 14 203.59707641601562
v -42.401939392089844 0 203.59707641601562
v -42.401939392089844 14 203.59707641601562
v -31.800437927246094 0 154.41738891601562
v -31.800437927246094 14 154.41738891601562
v -31.800437927246094 0 154.41738891601562
v -31.800437927246094 14 154.41738891601562
v -23.330995559692383 0 131.33207702636719
v -23.330995559692383 14 131.33207702636719
v -23.330995559692383 0 131.33207702636719
v -23.330995559692383 14 131.33207702636719
v -23.064489364624023 0 124.62657165527344
v -23.064489364624023 14 124.62657165527344
v -23.064489364624023 0 124.62657165527344
v -23.064489364624023 14 124.62657165527344
v -48.824745178222656 0 124.68019866943359
v -48.824745178222656 14 124.68019866943359
v -48.824745178222656 0 124.68019866943359
v -48.824745178222656 14 124.68019866943359
v -48.569385528564453 0 126.1754150390625
v -48.569385528564453 14 126.1754150390625
v -48.569385528564453 0 126.1754150390625
v -48.569385528564453 14 126.1754150390625
v -55.931316375732422 0 126.3160400390625
v -55.931316375732422 14 126.3160400390625
v -55.931316375732422 0 126.3160400390625
v -55.931316375732422 14 126.3160400390625
v -80.789344787597656 0 192.5458984375
v -80.789344787597656 14 192.5458984375
v -80.789344787597656 0 192.5458984375
v -80.789344787597656 14 192.5458984375
v -44.673294067382812 0 248.27815246582031
v -44.673294067382812 14 248.27815246582031
v -44.673294067382812 0 248.27815246582031
v -44.673294067382812 14 248.27815246582031
v -44.857151031494141 0 243.81350708007812
v -44.857151031494141 14 243.81350708007812
v -44.857151031494141 0 243.81350708007812
v -42.401939392089844 0 203.59707641601562
v -31.800437927246094 0 154.41738891601562
v -23.330995559692383 0 131.33207702636719
v -23.064489364624023 0 124.62657165527344
v -48.824745178222656 0 124.68019866943359
v -48.569385528564453 0 126.1754150390625
v -55.931316375732422 0 126.3160400390625
v -80.789344787597656 0 192.5458984375
v -44.673294067382812 0 248.27815246582031
v -44.857151031494141 14 243.81350708007812
v -42.401939392089844 14 203.59707641601562
v -31.800437927246094 14 154.41738891601562
v -23.330995559692383 14 131.33207702636719
v -23.064489364624023 14 124.62657165527344
v -48.824745178222656 14 124.68019866943359
v -48.569385528564453 14 126.1754150390625
v -55.931316375732422 14 126.3160400390625
v -80.789344787597656 14 192.5458984375
v -44.673294067382812 14 248.27815246582031
vt 0 0
vt 0 0.53743964433670044
vt 0.10000000149011612 0
vt 0.10000000149011612 0.53743964433670044
vt 0.10000000149011612 0
vt 0.10000000149011612 0.53743964433670044
vt 0.20000000298023224 0
vt 0.20000000298023224 0.53743964433670044
vt 0.20000000298023224 0
vt 0.20000000298023224 0.53743964433670044
vt 0.30000001192092896 0
vt 0.30000001192092896 0.53743964433670044
vt 0.30000001192092896 0
vt 0.30000001192092896 0.53743964433670044
vt 0.40000000596046448 0
vt 0.40000000596046448 0.53743964433670044
vt 0.40000000596046448 0
vt 0.40000000596046448 0.53743964433670044
vt 0.5 0
vt 0.5 0.53743964433670044
vt 0.5 0
vt 0.5 0.53743964433670044
vt 0.60000002384185791 0
vt 0.60000002384185791 0.53743964433670044
vt 0.60000002384185791 0
vt 0.60000002384185791 0.53743964433670044
vt 0.69999998807907104 0
vt 0.69999998807907104 0.53743964433670044
vt 0.69999998807907104 0
vt 0.69999998807907104 0.53743964433670044
vt 0.80000001192092896 0
vt 0.80000001192092896 0.53743964433670044
vt 0.80000001192092896 0
vt 0.80000001192092896 0.53743964433670044
vt 0.89999997615814209 0
vt 0.89999997615814209 0.53743964433670044
vt 0.89999997615814209 0
vt 0.89999997615814209 0.53743964433670044
vt 1 0
vt 1 0.53743964433670044
vt 0.34866729378700256 0.98759162425994873
vt 0.24093005061149597 0.85751187801361084
vt 0.12329799681901932 0.66460126638412476
vt 0.074569806456565857 0.55849289894104004
vt 0.056340791285037994 0.53744018077850342
vt 0.0086343837901949883 0.65231144428253174
vt 0.013283940963447094 0.65560412406921387
vt 0 0.68880397081375122
vt 0.13875702023506165 0.99571341276168823
vt 0.36147570610046387 1
vt 0.34866729378700256 0.54984855651855469
vt 0.24093005061149597 0.67992830276489258
vt 0.12329799681901932 0.87283891439437866
vt 0.074569806456565857 0.97894728183746338
vt 0.056340791285037994 1
vt 0.0086343837901949883 0.88512873649597168
vt 0.013283940963447094 0.88183605670928955
vt 0 0.8486362099647522
vt 0.13875702023506165 0.54172676801681519
vt 0.36147570610046387 0.53744018077850342
vn 0.99814164638519287 0 0.060936499387025833
vn 0.99814164638519287 0 0.060936499387025833
vn 0.99814164638519287 0 0.060936499387025833
vn 0.99814164638519287 0 0.060936499387025833
vn 0.97754514217376709 0 0.21072611212730408
vn 0.97754514217376709 0 0.21072611212730408
vn 0.97754514217376709 0 0.21072611212730408
vn 0.97754514217376709 0 0.21072611212730408
vn 0.93881285190582275 0 0.34442770481109619
vn 0.93881285190582275 0 0.34442770481109619
vn 0.93881285190582275 0 0.34442770481109619
vn 0.93881285190582275 0 0.34442770481109619
vn 0.99921113252639771 0 0.039712987840175629
vn 0.99921113252639771 0 0.039712987840175629
vn 0.99921113252639771 0 0.039712987840175629
vn 0.99921113252639771 0 0.039712987840175629
vn -0.0020817595068365335 0 -0.99999785423278809
vn -0.0020817595068365335 0 -0.99999785423278809
vn -0.0020817595068365335 0 -0.99999785423278809
vn -0.0020817595068365335 0 -0.99999785423278809
vn -0.98572778701782227 0 0.16834695637226105
vn -0.98572778701782227 0 0.16834695637226105
vn -0.98572778701782227 0 0.16834695637226105
vn -0.98572778701782227 0 0.16834695637226105
vn -0.019099019467830658 0 -0.9998176097869873
vn -0.019099019467830658 0 -0.9998176097869873
vn -0.019099019467830658 0 -0.9998176097869873
vn -0.019099019467830658 0 -0.9998176097869873
vn -0.93622767925262451 0 -0.35139399766921997
vn -0.93622767925262451 0 -0.35139399766921997
vn -0.93622767925262451 0 -0.35139399766921997
vn -0.93622767925262451 0 -0.35139399766921997
vn -0.83919906616210938 0 0.54382437467575073
vn -0.83919906616210938 0 0.54382437467575073
vn -0.83919906616210938 0 0.54382437467575073
vn -0.83919906616210938 0 0.54382437467575073
vn 0.99915313720703125 0 -0.041145764291286469
vn 0.99915313720703125 0 -0.041145764291286469
vn 0.99915313720703125 0 -0.041145764291286469
vn 0.99915313720703125 0 -0.041145764291286469
vn 0 -1 0
vn 0 -1 0
vn 0 -1 0
vn 0 -1 0
vn 0 -1 0
vn 0 -1 0
vn 0 -1 0
vn 0 -1 0
vn 0 -1 0
vn 0 -1 0
vn 0 1 0
vn 0 1 0
vn 0 1 0
vn 0 1 0
vn 0 1 0
vn 0 1 0
vn 0 1 0
vn 0 1 0
vn 0 1 0
vn 0 1 0
f 2711/2711/2711 2713/2713/2713 2714/2714/2714 2712/2712/2712
f 2715/2715/2715 2717/2717/2717 2718/2718/2718 2716/2716/2716
f 2719/2719/2719 2721/2721/2721 2722/2722/2722 2720/2720/2720
f 2723/2723/2723 2725/2725/2725 2726/2726/2726 2724/2724/2724
f 2727/2727/2727 2729/2729/2729 2730/2730/2730 2728/2728/2728
f 2731/2731/2731 2733/2733/2733 2734/2734/2734 2732/2732/2732
f 2735/2735/2735 2737/2737/2737 2738/2738/2738 2736/2736/2736
f 2739/2739/2739 2741/2741/2741 2742/2742/2742 2740/2740/2740
f 2743/2743/2743 2745/2745/2745 2746/2746/2746 2744/2744/2744
f 2747/2747/2747 2749/2749/2749 2750/2750/2750 2748/2748/2748
f 2753/2753/2753 2757/2757/2757 2754/2754/2754
f 2756/2756/2756 2755/2755/2755 2757/2757/2757
f 2754/2754/2754 2757/2757/2757 2755/2755/2755
f 2753/2753/2753 2758/2758/2758 2757/2757/2757
f 2751/2751/2751 2760/2760/2760 2759/2759/2759
f 2759/2759/2759 2753/2753/2753 2752/2752/2752
f 2759/2759/2759 2752/2752/2752 2751/2751/2751
f 2758/2758/2758 2753/2753/2753 2759/2759/2759
f 2763/2763/2763 2764/2764/2764 2767/2767/2767
f 2766/2766/2766 2767/2767/2767 2765/2765/2765
f 2764/2764/2764 2765/2765/2765 2767/2767/2767
f 2763/2763/2763 2767/2767/2767 2768/2768/2768
f 2761/2761/2761 2769/2769/2769 2770/2770/2770
f 2769/2769/2769 2762/2762/2762 2763/2763/2763
f 2769/2769/2769 2761/2761/2761 2762/2762/2762
f 2768/2768/2768 2769/2769/2769 2763/2763/2763
usemtl Default
v 111.94702835620606 0 -274.61610690799739
v 110.98129974245498 0 -274.75348990520945
v 110.14165703920079 0 -275.24998358513517
v 109.55592823636377 0 -276.03000128568033
v 109.31328523465893 0 -276.97479238280096
v 109.45066823174213 0 -277.94052099674582
v 109.94716191147407 0 -278.78016370008095
v 110.72717961206772 0 -279.36589250295015
v 111.67197070960808 0 -279.60853550465458
v 131.95271364365797 0 -280.72590219754022
v 132.91844225740905 0 -280.58851920032811
v 133.75808496066335 0 -280.09202552040244
v 134.34381376350026 0 -279.31200781985729
v 134.5864567652051 0 -278.36721672273666
v 134.44907376812196 0 -277.4014881087918
v 133.95258008838996 0 -276.56184540545661
v 133.17256238779632 0 -275.97611660258747
v 132.22777129025596 0 -275.73347360088297
cstype bspline
deg 1
curv 0 18 2771 2772 2773 2774 2775 2776 2777 2778 2779 2780 2781 2782 2783 2784 2785 2786 2787 2788 2771
parm u 0 0 1 2 3 4 5 6 7 8 9 10 11 12 13 14 15 16 17 18 18
end
usemtl Default
v 340.7855518608801 0 56.609332393539262
v 342.10940493599264 0 57.435932656570117
v 343.01615947071218 0 58.706228359685582
v 343.36777030624376 0 60.22682849785258
v 343.11070788044913 0 61.766235484052032
v 342.28410761778957 0 63.090088559197227
v 341.01381191415749 0 63.996843093980829
v 339.4932117762487 0 64.348453929480286
v 337.95380478995219 0 64.091391503960125
v 336.50376939298326 0 63.542594250839755
v 335.17228328845215 0 66.942797654776712
v 334.33061263957643 0 68.257120856313946
v 333.05004063987803 0 69.149303748468071
v 331.5255227678208 0 69.48351957369357
v 329.98915304976481 0 69.208887002059981
v 328.67482984821163 0 68.367216353055085
v 327.78264695592827 0 67.086644353372634
v 327.44843113084801 0 65.562126481428521
v 327.72306370273986 0 64.02575676334061
v 330.49375064761637 0 56.950279858990541
v 336.48151403841632 0 41.487850785565229
v 337.31822091599633 0 40.170362052740728
v 338.59541838494988 0 39.273355038092035
v 340.1186647088673 0 38.933390927893754
v 341.65605944299705 0 39.202226176423153
v 342.97354817587018 0 40.038933053760985
v 343.87055519061551 0 41.316130522859964
v 344.21051930100771 0 42.839376846648463
v 343.94168405247819 0 44.37677158098802
v 339.4067531076239 0 56.087496188801481
cstype bspline
deg 1
curv 0 30 2789 2790 2791 2792 2793 2794 2795 2796 2797 2798 2799 2800 2801 2802 2803 2804 2805 2806 2807 2808 2809 2810 2811 2812 2813 2814 2815 2816 2817 2818 2789
parm u 0 0 1 2 3 4 5 6 7 8 9 10 11 12 13 14 15 16 17 18 19 20 21 22 23 24 25 26 27 28 29 30 30
end
usemtl Default
v 332.65821534399345 0 33.923068327572082
v 333.19168023058819 0 33.106415978895512
v 333.99705684422611 0 32.556075762697049
v 334.95173389659601 0 32.355831987884159
v 335.91037046032613 0 32.536169954046898
v 336.72702280908356 0 33.069634840448117
v 337.2773630252334 0 33.875011454328131
v 337.47760680011095 0 34.829688506585086
v 337.2972688340127 0 35.788325070412014
v 321.8864703311408 0 74.116302626584371
v 321.35300544454594 0 74.932954975260884
v 320.54762883090814 0 75.483295191459405
v 319.59295177853824 0 75.683538966272295
v 318.63431521480811 0 75.503201000109499
v 317.8176628660508 0 74.969736113708336
v 317.26732264990085 0 74.164359499828322
v 317.0670788750233 0 73.209682447571367
v 317.24741684112155 0 72.251045883744382
cstype bspline
deg 1
curv 0 18 2819 2820 2821 2822 2823 2824 2825 2826 2827 2828 2829 2830 2831 2832 2833 2834 2835 2836 2819
parm u 0 0 1 2 3 4 5 6 7 8 9 10 11 12 13 14 15 16 17 18 18
end
usemtl Default
v 159.45216365240887 0 -235.87816978016639
v 161.07254492087392 0 -235.91570405339695
v 162.03340386366497 0 -235.74760903237393
v 162.85679459435337 0 -235.22460468445547
v 163.41736333927147 0 -234.42631368125433
v 163.62976858787951 0 -233.47426859092565
v 163.46167356654993 0 -232.51340964828023
v 162.93866921872799 0 -231.69001891723656
v 162.14037821565634 0 -231.12945017275416
v 161.18833312527923 0 -230.9170449241139
v 157.13809684298261 0 -230.82322584710016
v 108.44477405911485 0 -226.35079891198092
v 107.47466993984332 0 -226.45279813347071
v 106.617444011684 0 -226.91827590057869
v 106.00360115144125 0 -227.67636744294612
v 105.72659337042839 0 -228.61166019546766
v 105.82859259172457 0 -229.58176431482013
v 106.29407035901014 0 -230.43899024302772
v 107.05216190145833 0 -231.05283310325422
v 107.98745465388313 0 -231.32984088441242
v 154.4561561134864 0 -235.59793885280976
v 154.4345423582628 0 -236.88833190599615
v 154.13855602245624 0 -240.13709687521202
v 154.24126861254783 0 -241.1071257240169
v 154.70737664143465 0 -241.96400911679837
v 155.46591938717316 0 -242.57729432474241
v 156.40141559310578 0 -242.85361423449763
v 157.3714444416523 0 -242.75090164437398
v 158.22832783469212 0 -242.28479361551922
v 158.8416130426522 0 -241.52625086965156
v 159.11793295229447 0 -240.59075466378363
v 159.42232809211586 0 -237.24969412285736
v 159.41245099861445 0 -237.15641377832878
v 159.43228900852407 0 -237.06473371957077
cstype bspline
deg 1
curv 0 34 2837 2838 2839 2840 2841 2842 2843 2844 2845 2846 2847 2848 2849 2850 2851 2852 2853 2854 2855 2856 2857 2858 2859 2860 2861 2862 2863 2864 2865 2866 2867 2868 2869 2870 2837
parm u 0 0 1 2 3 4 5 6 7 8 9 10 11 12 13 14 15 16 17 18 19 20 21 22 23 24 25 26 27 28 29 30 31 32 33 34 34
end
usemtl Default
v 72.690485771286745 0 -252.90645953008095
v 73.053360443658192 0 -252.95405899221419
v 147.19450948251844 0 -257.19706806351269
v 148.160528143535 0 -257.06173960843887
v 149.00122505434209 0 -256.56703308166516
v 149.58861173164385 0 -255.78826306749573
v 149.83326387854945 0 -254.84399024114833
v 149.69793542295915 0 -253.87797158027752
v 149.20322889631453 0 -253.03727466948652
v 148.42445888222588 0 -252.4498879921685
v 147.48018605600785 0 -252.2052358454888
v 73.522221100786538 0 -247.97271017960855
v 70.002888619569745 0 -247.24577314479984
v 69.027463294925695 0 -247.23861218156253
v 68.12354741987852 0 -247.60527542545947
v 67.428753992257242 0 -248.28994172131331
v 67.048859013623115 0 -249.18837683238485
v 67.041698050288943 0 -250.16380215717419
v 67.408361294105219 0 -251.06771803223762
v 68.09302759018496 0 -251.76251145972947
v 68.991462701337383 0 -252.14240643855737
cstype bspline
deg 1
curv 0 21 2871 2872 2873 2874 2875 2876 2877 2878 2879 2880 2881 2882 2883 2884 2885 2886 2887 2888 2889 2890 2891 2871
parm u 0 0 1 2 3 4 5 6 7 8 9 10 11 12 13 14 15 16 17 18 19 20 21 21
end
usemtl Default
v 97.3352116235707 0 -271.18843015608184
v 97.336200238456939 0 -271.20989978569253
v 97.999156711445636 0 -272.62282005040777
v 99.152349804259387 0 -273.67448570546708
v 100.62021632242605 0 -274.20479018827331
v 102.17928689475892 0 -274.13299944849757
v 103.59220715942573 0 -273.47004297547664
v 104.64387281479182 0 -272.31684988272718
v 104.89861085328229 0 -271.61174281667809
v 138.85472414991889 0 -273.31867961833268
v 141.17085915424033 0 -272.97780969877221
v 143.1802436078049 0 -271.77654046324028
v 144.57696694350918 0 -269.89775426396608
v 145.14839069475042 0 -267.6274792683767
v 144.80752077504499 0 -265.31134426437825
v 143.60625153980342 0 -263.30195981058739
v 141.72746534051296 0 -261.90523647480245
v 139.4571903448431 0 -261.33381272378728
v 102.27683324627586 0 -259.46479670085051
v 93.34792636306949 0 -258.92599525971457
v 91.028484616679776 0 -259.24358563035679
v 89.007136433178829 0 -260.42461280212149
v 87.591613750390053 0 -262.28927609443451
v 86.997417064710504 0 -264.55369742402979
v 87.31500743515906 0 -266.87313917050045
v 88.496034606956044 0 -268.89448735395297
v 90.360697898929942 0 -270.31001003672588
v 92.625119228735372 0 -270.90420672261507
cstype bspline
deg 1
curv 0 28 2892 2893 2894 2895 2896 2897 2898 2899 2900 2901 2902 2903 2904 2905 2906 2907 2908 2909 2910 2911 2912 2913 2914 2915 2916 2917 2918 2919 2892
parm u 0 0 1 2 3 4 5 6 7 8 9 10 11 12 13 14 15 16 17 18 19 20 21 22 23 24 25 26 27 28 28
end
usemtl Default
v 63.34970164051154 0 -232.76590922301182
v 64.290553831874973 0 -232.24513372500292
v 67.039511417905857 0 -232.36784685839433
v 73.318180850540585 0 -232.94956241454952
v 74.8704765102365 0 -232.78759592168819
v 76.242628804958287 0 -232.04392056270444
v 77.22573998697905 0 -230.83175417006998
v 77.670140290026865 0 -229.33563808814097
v 77.508173797311116 0 -227.78334242875167
v 76.764498438553147 0 -226.4111901339005
v 75.552332045369866 0 -225.42807895186411
v 74.056215963892811 0 -224.98367864876752
v 67.682384925230991 0 -224.39314641778969
v 67.491749239550671 0 -224.38006779164755
v 63.519526931215779 0 -224.20274826929881
v 61.404033550526123 0 -224.69911179523024
v 57.690796933436133 0 -226.75444276735925
v 55.657684633012735 0 -229.7669417688931
v 54.174950772551227 0 -241.85087655048096
v 54.290738776544714 0 -243.40729811860319
v 54.993329691561684 0 -244.80093399864552
v 56.17576041947504 0 -245.81961576101224
v 57.658016601051798 0 -246.30825834192387
v 59.214438169416411 0 -246.19247033809154
v 60.608074049297358 0 -245.48987942310703
v 61.626755811873892 0 -244.30744869519344
v 62.115398392785579 0 -242.82519251361668
cstype bspline
deg 1
curv 0 27 2920 2921 2922 2923 2924 2925 2926 2927 2928 2929 2930 2931 2932 2933 2934 2935 2936 2937 2938 2939 2940 2941 2942 2943 2944 2945 2946 2920
parm u 0 0 1 2 3 4 5 6 7 8 9 10 11 12 13 14 15 16 17 18 19 20 21 22 23 24 25 26 27 27
end
usemtl Default
v 212.39972554351456 0 129.46336665050703
v 251.47966075927192 0 35.691828629108073
v 253.67631035410122 0 36.53511759089011
v 214.61961469109858 0 130.35224801578269
cstype bspline
deg 1
curv 0 4 2947 2948 2949 2950 2947
parm u 0 0 1 2 3 4 4
end
usemtl Default
v 126.5772318591456 0 -3.9759101313924532
v 129.71119538253967 0 -5.8383356719839128
v 147.19080500222353 0 -14.502764560293485
v 150.16712606721691 0 -15.634230951908108
cstype bspline
deg 1
curv 0 4 2951 2952 2953 2954 2951
parm u 0 0 1 2 3 4 4
end
usemtl Default
v 49.216881522008606 0 58.070388671590919
v 61.956198249367759 0 44.451923624217756
v 63.601124734042827 0 42.932322044662698
cstype bspline
deg 1
curv 0 3 2955 2956 2957 2955
parm u 0 0 1 2 3 3
end
usemtl Default
v 28.528054837868723 0 84.476388827630956
v 35.716320111420117 0 73.446616242757656
v 43.233796875544584 0 64.46636978087426
v 46.081130237943711 0 61.422540138739478
cstype bspline
deg 1
curv 0 4 2958 2959 2960 2961 2958
parm u 0 0 1 2 3 4 4
end
usemtl Default
v 191.30172107119901 0 -26.158856652675382
v 183.92424800886121 0 -25.92725708827723
v 183.68018532913803 0 -25.870694993823804
v 183.42980636881404 0 -25.861963514614899
v 183.20965976909437 0 -25.761649599273284
v 182.97398164776664 0 -25.707030645667231
v 182.77014250936705 0 -25.561375339937825
v 182.54216390513542 0 -25.457492625232391
v 182.497196715493 0 -25.42512413434028
v 180.07231360415179 0 -26.211262334640708
v 191.64562373675332 0 -27.203289728721131
cstype bspline
deg 1
curv 0 11 2962 2963 2964 2965 2966 2967 2968 2969 2970 2971 2972 2962
parm u 0 0 1 2 3 4 5 6 7 8 9 10 11 11
end
usemtl Default
v 128.22668057363009 0 125.38084354044716
v 186.61528358155712 0 -16.424954544414874
v 186.7979229602112 0 -17.544839443438235
v 186.61547961026744 0 -20.253009154619065
v 186.42354556645731 0 -21.003253884396798
v 189.36625760418676 0 -21.095633867862858
v 178.98963274280575 0 5.1285578836175887
v 130.97404043577032 0 126.49157239838001
cstype bspline
deg 1
curv 0 8 2973 2974 2975 2976 2977 2978 2979 2980 2973
parm u 0 0 1 2 3 4 5 6 7 8 8
end
usemtl Default
v 189.03483708935366 0 4.9457963150180149
v 187.86291711409379 0 4.4467862763989956
v 198.07808639384095 0 -21.369368922766284
v 199.70044835829296 0 -21.420421987348817
cstype bspline
deg 1
curv 0 4 2981 2982 2983 2984 2981
parm u 0 0 1 2 3 4 4
end
usemtl Default
v 138.37168857234221 0 129.53909743645704
v 184.91865288460971 0 11.888150442234178
v 186.03488259687973 0 12.363447257457352
v 138.61389176162984 0 129.64077746279344
cstype bspline
deg 1
curv 0 4 2985 2986 2987 2988 2985
parm u 0 0 1 2 3 4 4
end
usemtl Default
v 276.65811502614974 0 -25.692914632697921
v 278.049561519549 0 -25.726474910031499
v 266.6623424727419 0 5.3278246572336343
v 256.75151579860983 0 29.146425441702149
v 254.56122693650727 0 28.3055783514788
v 276.30372828525242 0 -23.755729319607894
v 276.47253246429727 0 -24.371478208711864
cstype bspline
deg 1
curv 0 7 2989 2990 2991 2992 2993 2994 2995 2989
parm u 0 0 1 2 3 4 5 6 7 7
end
usemtl Default
v 200.30180711024477 0 -27.912917924976426
v 207.27514645024061 0 -28.425352877027194
v 207.43609249458589 0 -28.440455248079758
v 267.03366369258504 0 -35.250219633780148
v 267.61465454766517 0 -35.360606481637888
v 283.04373708375795 0 -39.494002502534926
v 279.89400771296266 0 -30.772415182345497
v 274.42186036122882 0 -30.640432541974263
v 274.1774044809506 0 -30.585648385939692
v 273.85202011816671 0 -30.567139451174654
v 273.64141389359611 0 -30.465529401760875
v 273.47001846650392 0 -30.427118569352672
v 273.26980660683455 0 -30.286242038134503
v 272.97347446993183 0 -30.143272270046964
v 272.81629944703684 0 -29.967137487250596
v 272.67226294476302 0 -29.865788032477099
v 272.54084936747063 0 -29.658460325601908
v 272.32401107478393 0 -29.415465192503746
v 272.24699433643013 0 -29.19485305559985
v 272.15004484305541 0 -29.041898417572497
v 272.10678772728397 0 -28.793235429393064
v 272.00250484741082 0 -28.494520248736535
v 271.56588734593061 0 -25.385595229517804
v 249.87960645784389 0 26.541097111971339
v 249.85808085032565 0 26.528809641233835
v 202.57304303253895 0 10.735865275719988
v 193.63376439105352 0 6.910277432894901
v 205.13376068929304 0 -21.518605312933886
v 204.70691129722243 0 -24.09170547896943
v 203.39012607973868 0 -25.613873809542014
v 203.28681596607115 0 -25.694263315819029
v 203.21070307505406 0 -25.800763458056082
v 202.90480206249183 0 -25.991522780047148
v 202.62028552940646 0 -26.212915853532706
v 202.49407569624586 0 -26.247651004449438
v 202.38300071514269 0 -26.316917163031945
v 202.027384598422 0 -26.376092546844973
v 201.67980213580833 0 -26.471753312527312
v 201.54990688859661 0 -26.455545995420209
v 201.42077997476835 0 -26.477033026922527
v 199.81234423298659 0 -26.426418197730186
cstype bspline
deg 1
curv 0 41 2996 2997 2998 2999 3000 3001 3002 3003 3004 3005 3006 3007 3008 3009 3010 3011 3012 3013 3014 3015 3016 3017 3018 3019 3020 3021 3022 3023 3024 3025 3026 3027 3028 3029 3030 3031 3032 3033 3034 3035 3036 2996
parm u 0 0 1 2 3 4 5 6 7 8 9 10 11 12 13 14 15 16 17 18 19 20 21 22 23 24 25 26 27 28 29 30 31 32 33 34 35 36 37 38 39 40 41 41
end
usemtl Default
v 286.64777688724666 0 -25.937374514339297
v 288.90665106550648 0 -25.994259208361598
v 277.44599894436408 0 -0.84303254915846537
cstype bspline
deg 1
curv 0 3 3037 3038 3039 3037
parm u 0 0 1 2 3 3
end
usemtl Default
v -38.727194975618247 0 -130.26618053483969
v -35.920595865567932 0 -130.79817476746507
v -34.160635178917076 0 -126.12310132549032
v -40.959998641154286 0 -124.72427333551457
v -41.745549002205635 0 -128.65029725816282
cstype bspline
deg 1
curv 0 5 3040 3041 3042 3043 3044 3040
parm u 0 0 1 2 3 4 5 5
end
usemtl Default
v -44.389939469723529 0 -119.14387480916179
v -44.671880580697533 0 -120.7976236904214
v -44.571834755134617 0 -120.64101781319715
v -44.454438473591026 0 -120.55518860553474
v -44.450876579022079 0 -120.5265918856777
v -44.449664250450624 0 -120.52293683890861
v -44.449931321296518 0 -120.51909525219457
v -44.278345272061657 0 -119.17465629696608
cstype bspline
deg 1
curv 0 8 3045 3046 3047 3048 3049 3050 3051 3052 3045
parm u 0 0 1 2 3 4 5 6 7 8 8
end
usemtl Default
v -24.371965022752178 0 -133.19868143313965
v -23.16820988594192 0 -133.10887112671151
v -19.347964061509273 0 -123.52923321031722
v -20.036295271905843 0 -123.62456678425468
v -21.546519679788773 0 -123.23076836202324
v -22.089127190176967 0 -122.82017830148675
cstype bspline
deg 1
curv 0 6 3053 3054 3055 3056 3057 3058 3053
parm u 0 0 1 2 3 4 5 6 6
end
usemtl Default
v -31.070520772512097 0 -132.10639643305984
v -29.37723377434817 0 -132.67923413454639
v -26.942667969348534 0 -121.61092763093404
v -37.416114386313566 0 -120.34863920983474
v -30.285811327473581 0 -121.81555115701497
v -28.449883123780793 0 -125.14506282860987
cstype bspline
deg 1
curv 0 6 3059 3060 3061 3062 3063 3064 3059
parm u 0 0 1 2 3 4 5 6 6
end
usemtl Default
v 53.804365290845254 0 -99.174222199380125
v 41.99747365640323 0 -97.283860169294371
v 41.670563702349597 0 -97.222179358110054
v 23.575340615095996 0 -93.285554393793348
v 23.238696414905093 0 -93.202057700290368
v 6.724832315024031 0 -88.595633303434909
v 4.9937467333859615 0 -94.757158353930777
v 8.6235434833585316 0 -95.781130533974761
v 25.62618012378212 0 -100.49855596286687
v 40.899395096541326 0 -103.30607942365049
v 52.644542527409243 0 -105.19329071555987
cstype bspline
deg 1
curv 0 11 3065 3066 3067 3068 3069 3070 3071 3072 3073 3074 3075 3065
parm u 0 0 1 2 3 4 5 6 7 8 9 10 11 11
end
usemtl Default
v 91.823066016299521 0 -109.45404424197864
v 92.07579286109015 0 -109.44285118011436
v 92.047394105186612 0 -102.69637392645626
v 78.386855227488894 0 -102.0993898927216
v 77.986955964556131 0 -102.06849479774149
v 61.741264038800836 0 -100.26543611536562
v 60.542649640395865 0 -106.48581944812395
v 70.662733153263019 0 -108.17102657554858
cstype bspline
deg 1
curv 0 8 3076 3077 3078 3079 3080 3081 3082 3083 3076
parm u 0 0 1 2 3 4 5 6 7 8 8
end
usemtl Default
v 63.935461013686876 0 -123.80187816936194
v 85.19220292405916 0 -121.49419553604923
v 89.580217916317309 0 -119.87253273434294
v 92.678486418671326 0 -117.85460209964174
v 92.334173167615035 0 -114.43630915465599
v 91.913279259538598 0 -114.45495019611747
v 91.782474203725968 0 -114.43490132378611
v 91.651359764003274 0 -114.45281566659162
v 70.229683869084482 0 -113.15395194846326
v 69.970340756648199 0 -113.1245777989235
v 59.634114304484996 0 -111.40337831814247
v 59.326777366544064 0 -113.14583939837343
v 59.778222168283463 0 -115.67213509319345
v 61.303084371825179 0 -122.09606943750725
cstype bspline
deg 1
curv 0 14 3084 3085 3086 3087 3088 3089 3090 3091 3092 3093 3094 3095 3096 3097 3084
parm u 0 0 1 2 3 4 5 6 7 8 9 10 11 12 13 14 14
end
usemtl Default
v 219.47445325634769 0 -116.72531669736179
v 215.45973686860557 0 -100.83147150187085
v 215.27142323141382 0 -100.29987595620878
v 185.73525020607329 0 -109.30893535248356
v 183.98818625875649 0 -110.69367839010951
v 182.56009262625739 0 -111.23134803936591
v 170.75861749419326 0 -111.8212199844661
v 154.02545774492236 0 -115.79578636530221
v 145.71231961169164 0 -119.02200306093198
v 144.49834937405475 0 -119.7920710815614
v 149.62627098439535 0 -121.38866856752958
v 155.9904841739411 0 -123.30578725674161
v 162.25152587162037 0 -124.72179969155809
v 171.6527674725227 0 -126.22728686112765
v 181.87056827704473 0 -126.24781131793065
v 190.63564961045338 0 -124.73756237663736
cstype bspline
deg 1
curv 0 16 3098 3099 3100 3101 3102 3103 3104 3105 3106 3107 3108 3109 3110 3111 3112 3113 3098
parm u 0 0 1 2 3 4 5 6 7 8 9 10 11 12 13 14 15 16 16
end
usemtl Default
v -52.323620672946461 0 -71.426133239304875
v -59.774540469131168 0 -69.423904731693767
v -60.533612868277814 0 -78.037414696183646
v -53.060450427321953 0 -79.79107552552091
v -52.167112704906984 0 -79.601023083324208
cstype bspline
deg 1
curv 0 5 3114 3115 3116 3117 3118 3114
parm u 0 0 1 2 3 4 5 5
end
usemtl Default
v 32.09491998471114 0 125.27194841889272
v 43.015767008228153 0 125.3328974894871
v 60.39725874407489 0 131.80532024624202
v 60.419228078927205 0 131.81338418076786
v 86.071465349516842 0 141.09313364527395
v 86.144665155468743 0 141.11833909678077
v 127.04792240475544 0 154.49812340607258
v 126.72041086760359 0 157.01558764882617
v 31.435339470713274 0 127.18373475806305
v 31.908147761718141 0 125.9127690435167
v 32.035162135918284 0 125.50633240357524
cstype bspline
deg 1
curv 0 11 3119 3120 3121 3122 3123 3124 3125 3126 3127 3128 3129 3119
parm u 0 0 1 2 3 4 5 6 7 8 9 10 11 11
end
usemtl Default
v 33.475264235610751 0 119.76174659561343
v 41.378330653776601 0 120.32368111589668
v 33.346581462266585 0 120.27885605362388
cstype bspline
deg 1
curv 0 3 3130 3131 3132 3130
parm u 0 0 1 2 3 3
end
usemtl Default
v -114.89771213333808 0 -83.11024591759616
v -99.908629345794978 0 -86.053977577363099
v -96.799291348899814 0 -76.121841619911493
v -96.787505426183017 0 -76.085186375503667
v -95.419087109339486 0 -71.939124886373804
v -112.81952580861652 0 -66.704430799507918
v -114.10202058476382 0 -66.893374656998759
v -114.61854361818766 0 -67.120682106589214
v -115.78643308025046 0 -68.145151055061319
v -115.88007114041376 0 -68.308695828920946
v -118.07028380682502 0 -79.371504080681945
v -117.99619822492703 0 -80.456696671426869
v -117.50877665741667 0 -81.521646773392348
v -116.52090401402278 0 -82.469481396376949
cstype bspline
deg 1
curv 0 14 3133 3134 3135 3136 3137 3138 3139 3140 3141 3142 3143 3144 3145 3146 3133
parm u 0 0 1 2 3 4 5 6 7 8 9 10 11 12 13 14 14
end
usemtl Default
v -70.482761044159005 0 -54.217721373158838
v -69.59827903559615 0 -44.152367267190584
v -76.122150479873611 0 -41.803422446051059
v -76.277988858832728 0 -41.761569882524157
v -76.279239232164784 0 -41.974566871202285
v -76.286340717440979 0 -42.009204520999845
v -76.280614646990827 0 -42.04409592391653
v -76.63806225857526 0 -52.650528141890447
cstype bspline
deg 1
curv 0 8 3147 3148 3149 3150 3151 3152 3153 3154 3147
parm u 0 0 1 2 3 4 5 6 7 8 8
end
usemtl Default
v -123.0638580288571 0 -79.636103160058582
v -123.08124738261459 0 -79.381386960967063
v -123.03945281994896 0 -78.72558385054316
v -120.70538536872085 0 -66.936162185789613
v -120.42254171081053 0 -66.17950182102544
v -119.91823816529573 0 -65.298703896141603
v -119.39728065520414 0 -64.661495721926883
v -117.62640439052028 0 -63.108088654290356
v -116.98479077329563 0 -62.699256201045472
v -115.8071768389171 0 -62.181020996214556
v -115.16457176744539 0 -61.99594473311555
v -112.99715788068737 0 -61.676629950456174
v -111.91257029598286 0 -61.75591928290865
v -91.520187691555591 0 -67.89070050768089
v -91.509385720200399 0 -67.893976750776972
v -82.245553507982223 0 -70.726554882693449
v -82.008184991160604 0 -63.607599543862648
v -111.76784079314628 0 -54.377541735157877
v -117.97125454671421 0 -52.487712403103785
v -124.11596140104493 0 -78.993245615274475
v -124.1944734103237 0 -79.379615669045279
cstype bspline
deg 1
curv 0 21 3155 3156 3157 3158 3159 3160 3161 3162 3163 3164 3165 3166 3167 3168 3169 3170 3171 3172 3173 3174 3175 3155
parm u 0 0 1 2 3 4 5 6 7 8 9 10 11 12 13 14 15 16 17 18 19 20 21 21
end
usemtl Default
v -88.607593354646767 0 63.354012178882158
v -87.444910827500095 0 76.604246707389137
v -117.59662394956108 0 78.375490161218067
v -121.782169470217 0 -7.6413102848029553
v -95.478881931019586 0 -12.341503675277778
cstype bspline
deg 1
curv 0 5 3176 3177 3178 3179 3180 3176
parm u 0 0 1 2 3 4 5 5
end
usemtl Default
v -138.13609845246276 0 -69.804189384913769
v -138.77245843812932 0 -71.208034904065187
v -139.91175398642437 0 -72.274740399073693
v -141.37253634516125 0 -72.824258242065554
v -142.93241464243474 0 -72.772929322782034
v -158.29894270441278 0 -69.187220434261803
v -159.17550739447864 0 -72.15752594477371
v -139.27201758831916 0 -76.046489667738172
cstype bspline
deg 1
curv 0 8 3181 3182 3183 3184 3185 3186 3187 3188 3181
parm u 0 0 1 2 3 4 5 6 7 8 8
end
usemtl Default
v -153.04128557811026 0 -51.445317903014825
v -156.02494614052478 0 -61.502933516718258
v -141.11448844281728 0 -64.982220476180203
v -139.69299153809061 0 -65.626581794742322
v -138.62628604311413 0 -66.765877343295699
v -138.0767681999929 0 -68.226659702258473
v -138.12703989965547 0 -69.754409251979467
v -135.75173408644639 0 -56.701215869286727
cstype bspline
deg 1
curv 0 8 3189 3190 3191 3192 3193 3194 3195 3196 3189
parm u 0 0 1 2 3 4 5 6 7 8 8
end
usemtl Default
v -157.36879710241442 0 -12.516377062477346
v -156.0786742077932 0 -13.06134103461045
v -155.71362667107107 0 -8.8366926674115689
cstype bspline
deg 1
curv 0 3 3197 3198 3199 3197
parm u 0 0 1 2 3 3
end
usemtl Default
v -118.50407114633596 0 -39.780900565326363
v -108.25634858664499 0 -42.90280206160304
v -108.24278366739129 0 -42.910073378059167
v -108.22747658386619 0 -42.911677207795947
v -81.59110788709522 0 -51.173036966735623
v -81.302575729254798 0 -42.611511657784831
v -81.577739520635888 0 -42.751935200267724
v -83.528382021300857 0 -42.888824608771472
v -143.57499531503947 0 -22.203771643698275
v -145.0988063924417 0 -22.462456394825125
v -145.28221923829477 0 -22.457284432358989
v -145.46133412376088 0 -22.497094978536722
v -145.7653334594753 0 -22.443661348075636
v -146.07387041627851 0 -22.434961076577082
v -146.2413425670733 0 -22.359993748423392
v -146.42205797945121 0 -22.328229598308241
v -149.03685987865526 0 -21.313017843752448
v -150.1951931934135 0 -29.532789114667906
v -118.59297615867972 0 -39.731344000631168
cstype bspline
deg 1
curv 0 19 3200 3201 3202 3203 3204 3205 3206 3207 3208 3209 3210 3211 3212 3213 3214 3215 3216 3217 3218 3200
parm u 0 0 1 2 3 4 5 6 7 8 9 10 11 12 13 14 15 16 17 18 19 19
end
usemtl Default
v -134.37652493245525 0 -77.072019720956575
v -131.99850660615834 0 -77.610637030120955
v -131.94485402577106 0 -77.346604168964404
v -131.92162476081154 0 -77.239789797378194
v -125.6233706008985 0 -50.071921783108849
v -150.29742416331936 0 -42.109199128489735
v -151.62732097377801 0 -46.649228112788649
v -132.16619034605614 0 -52.565270349930387
v -130.43370850088297 0 -55.404769523515029
cstype bspline
deg 1
curv 0 9 3219 3220 3221 3222 3223 3224 3225 3226 3227 3219
parm u 0 0 1 2 3 4 5 6 7 8 9 9
end
usemtl Default
v -67.584024895778256 0 -10.743827783871183
v -72.655287933033051 0 -34.207146472705404
v -73.10667400708796 0 -35.18935957466465
v -74.527609392204099 0 -37.063600244646636
v -74.52627190808245 0 -37.063801364653301
v -69.274907806737886 0 -38.954575205070569
v -68.198997438773418 0 -20.010487941472434
v -68.190697354768034 0 -19.978395201785418
v -68.194954047129514 0 -19.945520958253837
v -67.79520855952525 0 -14.039548753009171
cstype bspline
deg 1
curv 0 10 3228 3229 3230 3231 3232 3233 3234 3235 3236 3237 3228
parm u 0 0 1 2 3 4 5 6 7 8 9 10 10
end
usemtl Default
v -137.81236170906013 0 95.673852488617257
v -140.23789456331832 0 95.585413743187758
v -140.10473925188359 0 94.609917428503877
v -143.32294804093794 0 41.646189474908169
v -143.33043417704016 0 41.544439318104168
v -148.32238629937976 0 -16.226782974488628
v -146.83394943197948 0 -16.804677079610542
v -146.35680233685861 0 -9.1343529381065025
v -146.10746924823516 0 -8.1913052964258668
v -145.5162268025245 0 -7.4154585241867039
v -144.67308630227569 0 -6.92492825957018
v -143.70640824569165 0 -6.7943932885468143
v -142.76336060376866 0 -7.0437263773314669
v -141.98751383164245 0 -7.6349688231067887
v -141.49698356700992 0 -8.4781093232264766
v -141.3664485959543 0 -9.4447873797620616
v -141.83004810568144 0 -16.897328845388728
v -141.51199850122498 0 -17.626082685315708
v -82.904289090941333 0 -37.815457352990677
v -80.405247057444697 0 -36.540128454682815
v -77.425492778061553 0 -32.609776157144694
v -70.616375986168535 0 -1.1058931777398584
v -69.787848892337095 0 13.888576160074507
v -69.545054663795625 0 14.833328405912312
v -68.959201013484133 0 15.613252340670613
v -68.119478848746425 0 16.109611615221922
v -67.153728256391574 0 16.246840029109194
v -66.208976010537967 0 16.004045800906738
v -65.88563449150017 0 15.761162103185171
v -63.193501522661549 0 57.774445352112295
v -66.334171967690807 0 57.977334958096108
v -80.988950760887334 0 58.790544696987979
v -87.905890264503924 0 -17.40787107700919
v -92.593134646388549 0 -20.983884368329541
v -126.65202157315098 0 -14.897825544857142
v -129.94367088514113 0 -10.765789101389146
v -125.39079640430002 0 82.799958482165152
v -121.16095043793332 0 86.59866599943939
v -82.865765422327613 0 84.349039403023454
v -79.115649601007661 0 80.006274625827672
v -80.277687757355793 0 66.763383513026639
v -65.872799179263168 0 65.964040456229057
v -65.836557193351283 0 65.961864318067001
v -62.712986412979475 0 65.760079362825593
v -60.965480553811361 0 96.790878980009438
v -61.107716685958067 0 97.573742282344028
v -62.014455600670672 0 97.544746896069853
v -62.032269985790336 0 97.547701939087005
v -62.044104734672842 0 97.545067410186192
v -127.22787993909508 0 96.06588986472002
v -137.81092125850813 0 95.673905425393599
v -137.81164674097005 0 95.674022002806652
cstype bspline
deg 1
curv 0 52 3238 3239 3240 3241 3242 3243 3244 3245 3246 3247 3248 3249 3250 3251 3252 3253 3254 3255 3256 3257 3258 3259 3260 3261 3262 3263 3264 3265 3266 3267 3268 3269 3270 3271 3272 3273 3274 3275 3276 3277 3278 3279 3280 3281 3282 3283 3284 3285 3286 3287 3288 3289 3238
parm u 0 0 1 2 3 4 5 6 7 8 9 10 11 12 13 14 15 16 17 18 19 20 21 22 23 24 25 26 27 28 29 30 31 32 33 34 35 36 37 38 39 40 41 42 43 44 45 46 47 48 49 50 51 52 52
end
usemtl Default
v -55.05821739932712 0 -44.077644170401697
v -56.954847006924226 0 -33.659595635572174
v -57.496589587646682 0 -43.198325837648753
cstype bspline
deg 1
curv 0 3 3290 3291 3292 3290
parm u 0 0 1 2 3 3
end
usemtl Default
v -58.706079792022408 0 -57.285305350870317
v -52.56148508535766 0 -58.936495140411211
v -52.689564420690672 0 -52.183273807834183
v -52.877734810579639 0 -50.409932349360247
v -54.746798773873607 0 -49.505124757669876
v -57.92179308685435 0 -48.360168003672698
cstype bspline
deg 1
curv 0 6 3293 3294 3295 3296 3297 3298 3293
parm u 0 0 1 2 3 4 5 6 6
end
usemtl Default
v -76.593908009433719 0 -74.257823679283604
v -72.335490930165165 0 -75.261510600031386
v -71.548329676613648 0 -66.329264726610461
v -77.049453795186494 0 -64.928630674360534
v -77.308379159580696 0 -72.694103262125395
v -77.162797613182548 0 -73.937145654293317
cstype bspline
deg 1
curv 0 6 3299 3300 3301 3302 3303 3304 3299
parm u 0 0 1 2 3 4 5 6 6
end
usemtl Default
v -84.255696248332995 0 -79.031642373758501
v -84.095107860290838 0 -79.04516569385288
v -81.406402681598749 0 -79.81936954325468
v -81.405013189447047 0 -79.812754865704903
v -81.335588052820427 0 -78.823207978907135
v -81.405084644272151 0 -77.659512757926279
v -81.707300326057933 0 -76.762927782440272
v -82.300256653607917 0 -76.086623702354757
v -82.923573752521023 0 -75.747750878365764
v -90.63282322954403 0 -73.390513508247011
v -91.282055795688294 0 -75.357571466570818
v -85.742714169565048 0 -77.396965143333063
v -85.35491038463006 0 -77.63425758282537
v -84.96084549889089 0 -77.861000484132376
v -84.939924698036677 0 -77.888182298711996
v -84.910666738602586 0 -77.906084889765566
v -84.643190642658126 0 -78.273720603652748
v -84.365892913808565 0 -78.634005829982073
v -84.356966644278103 0 -78.667124595837123
v -84.336786839211058 0 -78.694860969856222
cstype bspline
deg 1
curv 0 20 3305 3306 3307 3308 3309 3310 3311 3312 3313 3314 3315 3316 3317 3318 3319 3320 3321 3322 3323 3324 3305
parm u 0 0 1 2 3 4 5 6 7 8 9 10 11 12 13 14 15 16 17 18 19 20 20
end
usemtl Default
v -94.971844575466733 0 -87.020261269720663
v -85.67190968099537 0 -88.835626375300961
v -84.674332241603466 0 -88.723118078562209
v -83.768203609172659 0 -88.34560266777018
v -83.293163597945565 0 -87.899091396942026
v -82.823214520479368 0 -86.79072418441487
v -82.413517564617749 0 -84.732530163735476
v -85.167537676923089 0 -83.939519093166496
v -85.383639676901382 0 -83.93458855956257
v -85.4080495682568 0 -84.006846054068234
v -85.637299184789256 0 -84.405267453358704
v -85.857371797065426 0 -84.808830358179534
v -85.880021222007016 0 -84.827103070616317
v -85.894534888437462 0 -84.852326909466854
v -86.258803180056717 0 -85.132690251014196
v -86.616560605477488 0 -85.421315620664529
v -86.644478610597261 0 -85.429529846398083
v -86.667540234706863 0 -85.447279494549576
v -87.11137064833467 0 -85.566902004201552
v -87.552347569165377 0 -85.696649239838962
v -87.581283891385553 0 -85.693554436832414
v -87.609382549740175 0 -85.701127671822434
v -88.065205939360212 0 -85.641797913997891
v -88.522267606479446 0 -85.592914167612548
v -93.990061174609068 0 -83.884157627687301
cstype bspline
deg 1
curv 0 25 3325 3326 3327 3328 3329 3330 3331 3332 3333 3334 3335 3336 3337 3338 3339 3340 3341 3342 3343 3344 3345 3346 3347 3348 3349 3325
parm u 0 0 1 2 3 4 5 6 7 8 9 10 11 12 13 14 15 16 17 18 19 20 21 22 23 24 25 25
end
usemtl Default
v -74.818464554103613 0 -93.283992409824009
v -72.885734208797444 0 -80.26882425442551
v -76.367151194829589 0 -79.448272244293207
v -76.429278140503854 0 -80.333794816515052
v -76.476544747605843 0 -80.672766912748216
v -77.063549082592218 0 -83.467201046136722
v -77.969511732390984 0 -88.018484338596409
v -78.119753288858632 0 -88.506322680203994
v -78.895476652497493 0 -90.335853544872776
v -79.414995638112273 0 -91.081257219268451
v -79.333789100937409 0 -91.272444159084671
v -79.319299254042036 0 -91.342025591318645
v -79.304580349561306 0 -91.365569462633658
v -79.264145901791736 0 -91.606876505061905
v -79.134924261494788 0 -92.227409404115576
v -79.148324675739147 0 -92.298081133412836
v -79.143376926426626 0 -92.327608599012393
v -79.150131916621305 0 -92.550274321577973
cstype bspline
deg 1
curv 0 18 3350 3351 3352 3353 3354 3355 3356 3357 3358 3359 3360 3361 3362 3363 3364 3365 3366 3367 3350
parm u 0 0 1 2 3 4 5 6 7 8 9 10 11 12 13 14 15 16 17 18 18
end
usemtl Default
v -63.88951699990001 0 -101.28277968906335
v -63.889011207965225 0 -101.34523134300036
v -65.756978508351423 0 -111.15049784212692
v -65.793236040278074 0 -111.32644839620741
v -67.157402301156523 0 -117.47901899599702
v -64.990348968238564 0 -118.12846622298008
v -62.98412095152328 0 -111.01220585940013
v -62.697055890429127 0 -110.36420274334671
v -61.129026880411729 0 -107.85895355638519
v -61.101322067877632 0 -107.81568452725224
v -60.063650080775247 0 -106.23115548346902
v -58.398798085824765 0 -103.5401209833434
v -53.174981235721603 0 -84.806056258620487
v -53.542331784728319 0 -84.810931108272598
v -53.598205682008583 0 -84.788651311420892
v -53.658322782470677 0 -84.786598039342636
v -61.163495734622884 0 -83.025424905842698
v -63.848090567321393 0 -101.1037115405563
v -63.869049936296008 0 -101.16225973676799
v -63.867274281909957 0 -101.22442108751042
cstype bspline
deg 1
curv 0 20 3368 3369 3370 3371 3372 3373 3374 3375 3376 3377 3378 3379 3380 3381 3382 3383 3384 3385 3386 3387 3368
parm u 0 0 1 2 3 4 5 6 7 8 9 10 11 12 13 14 15 16 17 18 19 20 20
end
usemtl Default
v 4.9791366207837484 0 119.40846157571997
v -15.004194020562764 0 118.43405234177547
v -15.067875794593206 0 118.44352238890775
v -15.131046237876731 0 118.43109076473371
v -54.58832654058277 0 118.51149104245695
v -56.250911945965996 0 118.51233724935221
v -56.292988385397692 0 118.52072903874674
v -56.335331272203561 0 118.51380597241115
v -57.977758212916356 0 118.57013628061921
v -56.617769989332473 0 114.96355911865336
v 5.4143632500269803 0 117.66089788939257
cstype bspline
deg 1
curv 0 11 3388 3389 3390 3391 3392 3393 3394 3395 3396 3397 3398 3388
parm u 0 0 1 2 3 4 5 6 7 8 9 10 11 11
end
usemtl Default
v 13.539740019506297 0 118.138677803344
v 25.38318632537252 0 119.15131034520803
v 25.105573496686219 0 120.26689260947489
v 21.667747112284445 0 120.28150226266052
v 13.119514434166291 0 119.82600785929452
cstype bspline
deg 1
curv 0 5 3399 3400 3401 3402 3403 3399
parm u 0 0 1 2 3 4 5 5
end
usemtl Default
v -47.164135505019217 0 -79.708673404769115
v -39.685518885412264 0 -81.665242704588877
v -39.626669714384818 0 -81.681408917383976
v -25.932412691256147 0 -85.62368379265223
v -25.908069463218979 0 -85.630825618966583
v -6.2433525727231398 0 -91.508595015799358
v -2.6951068009644956 0 -92.547220540334393
v -0.96375054513939062 0 -86.384732069161316
v -16.407336103104726 0 -81.807698895546991
v -47.295144858250822 0 -72.865655173966559
cstype bspline
deg 1
curv 0 10 3404 3405 3406 3407 3408 3409 3410 3411 3412 3413 3404
parm u 0 0 1 2 3 4 5 6 7 8 9 10 10
end
usemtl Default
v -42.557209800320422 0 -107.72429987134541
v -40.020449134028141 0 -99.260765843781769
v -39.563480302182981 0 -98.39897391389232
v -38.811502657733698 0 -97.777656389815434
v -37.878997980029638 0 -97.491403232444952
v -36.907931653857489 0 -97.583793889593153
v -36.046139724145505 0 -98.040762721599947
v -35.424822200278456 0 -98.792740366049429
v -35.138569042536872 0 -99.725245043510995
v -35.230959699927226 0 -100.69631136973177
v -38.363665768852755 0 -111.14813079576601
v -38.673568944052434 0 -112.89466205453033
v -38.864370888435204 0 -115.137907972015
v -23.61029880181367 0 -116.97637048028184
v -23.223712312988042 0 -117.52112975771479
v -21.064552006986176 0 -113.06753810586019
v -20.71571052957573 0 -112.48133255787172
v -17.845113111512305 0 -108.47876396668931
v -17.389281770543604 0 -107.94813904808512
v -12.804413205726931 0 -103.47091182094482
v -12.39193263153426 0 -103.11942571297709
v -5.4722563847649752 0 -97.989594908855565
v -4.7771561531929621 0 -97.147576748705688
v -7.6548108896418654 0 -96.305243423284026
v -7.6684431131380819 0 -96.301210948285728
v -25.348692285868921 0 -91.01659749092795
v -25.411550246232778 0 -91.139085661179962
v -25.602740304672963 0 -91.380170917639077
v -25.756667218644239 0 -91.646595849788042
v -25.903043362829251 0 -91.758844581672577
v -26.017660572315279 0 -91.90337364109979
v -26.286556488346136 0 -92.052942107947075
v -26.530722820586064 0 -92.24018136914151
v -26.708912474160414 0 -92.287869949826359
v -26.870113844653773 0 -92.377535282489248
v -27.17577865120218 0 -92.412816515302723
v -27.473012291969681 0 -92.492364626881226
v -27.655887696302173 0 -92.468232902006577
v -27.839131779779038 0 -92.489383773992728
v -28.135030781536628 0 -92.405006525721149
v -28.440080603157341 0 -92.364753007791904
v -34.818353558924784 0 -90.197490516525761
v -35.430169178507398 0 -92.981140800756407
v -35.821406008942958 0 -93.874695268075016
v -36.524810199461697 0 -94.550512098648198
v -37.433294838496366 0 -94.905704306133771
v -38.40855137495025 0 -94.886197097048239
v -39.302105842494782 0 -94.494960266742027
v -39.977922673148683 0 -93.791556076239516
v -40.333114880714945 0 -92.883071437221076
v -40.313607671419717 0 -91.907814900557099
v -39.234354574830476 0 -86.997408738153069
v -40.980558271377774 0 -86.494715167414654
v -47.946905521906686 0 -84.672166712970181
v -53.677876479038801 0 -105.22502756558413
v -53.90487588246431 0 -105.74307618103853
cstype bspline
deg 1
curv 0 56 3414 3415 3416 3417 3418 3419 3420 3421 3422 3423 3424 3425 3426 3427 3428 3429 3430 3431 3432 3433 3434 3435 3436 3437 3438 3439 3440 3441 3442 3443 3444 3445 3446 3447 3448 3449 3450 3451 3452 3453 3454 3455 3456 3457 3458 3459 3460 3461 3462 3463 3464 3465 3466 3467 3468 3469 3414
parm u 0 0 1 2 3 4 5 6 7 8 9 10 11 12 13 14 15 16 17 18 19 20 21 22 23 24 25 26 27 28 29 30 31 32 33 34 35 36 37 38 39 40 41 42 43 44 45 46 47 48 49 50 51 52 53 54 55 56 56
end
usemtl Default
v -55.963874803122579 0 -121.03617200185431
v -52.884045878652145 0 -113.96454718795627
v -51.314354247733249 0 -113.18849724196735
v -57.797067319217021 0 -111.95971822728279
v -58.268847045715759 0 -112.71348347554249
v -60.200318056255455 0 -119.5645744193904
v -56.835316431291133 0 -120.57387031405085
cstype bspline
deg 1
curv 0 7 3470 3471 3472 3473 3474 3475 3476 3470
parm u 0 0 1 2 3 4 5 6 7 7
end
usemtl Default
v -59.367329769507151 0 -128.85087768250264
v -59.101154045245849 0 -128.23970904171273
v -59.133672084828092 0 -128.23660881200522
v -62.564374197237711 0 -127.20760676574162
v -62.753462956424457 0 -127.76782413607054
cstype bspline
deg 1
curv 0 5 3477 3478 3479 3480 3481 3477
parm u 0 0 1 2 3 4 5 5
end
usemtl Default
v 127.10392629066277 0 146.30647808120113
v 127.17194673712126 0 149.27799017164546
v 87.735948586730018 0 136.37815811022475
v 62.13111960679268 0 127.11555869241454
v 45.395893111270169 0 120.8837885740208
v 55.270467139864621 0 122.29997058792674
v 68.800166984003994 0 126.59369740554899
cstype bspline
deg 1
curv 0 7 3482 3483 3484 3485 3486 3487 3488 3482
parm u 0 0 1 2 3 4 5 6 7 7
end
usemtl Default
v 154.23537680137972 0 155.44024722169348
v 153.27460077142203 0 158.58854411249067
v 135.23706532617697 0 152.03118153247269
v 135.16821628307977 0 149.02347173126947
cstype bspline
deg 1
curv 0 4 3489 3490 3491 3492 3489
parm u 0 0 1 2 3 4 4
end
usemtl Default
v 9.6049097580977616 0 103.54274273271568
v 8.8324912471170762 0 105.79818886946595
v -50.191111347280653 0 103.23166981964238
v -50.083182889443506 0 102.93155106368926
v -47.302110569242771 0 103.02185744601604
v -47.277757445461376 0 103.01783011069514
v -47.253612789740046 0 103.02296135679609
v -31.721731132765953 0 103.22575616597138
v 4.3179505638816238 0 103.7722673393572
v 4.3919775554165597 0 103.75870591755717
v 4.4663672828906158 0 103.77011101189117
cstype bspline
deg 1
curv 0 11 3493 3494 3495 3496 3497 3498 3499 3500 3501 3502 3503 3493
parm u 0 0 1 2 3 4 5 6 7 8 9 10 11 11
end
usemtl Default
v 126.17474908947744 0 129.94443615211947
v 129.40100437738997 0 131.24877742179848
v 128.66060799297495 0 134.16546609596412
v 72.590433001160676 0 115.20787099056676
v 72.483606387745766 0 115.172864082817
v 58.427857714035866 0 110.71219269191403
v 57.464713423673032 0 110.49188035044816
v 43.091955927561258 0 108.43058225341161
v 42.665714923986201 0 108.38492257696694
v 31.3334069977507 0 107.57915748776077
v 27.743432623863583 0 107.30933179173297
v 17.083253557866641 0 106.39787038560374
v 18.192150054150176 0 103.15991546407253
v 20.520040813798317 0 103.05489792518603
v 20.548285804949927 0 103.04794302839178
v 21.627205011188011 0 103.11749770086124
v 45.430892296369592 0 104.91037468387208
v 62.839438192472102 0 109.34412348865641
v 124.10803924526962 0 129.14909607134769
v 126.1730952852806 0 129.94415028572291
cstype bspline
deg 1
curv 0 20 3504 3505 3506 3507 3508 3509 3510 3511 3512 3513 3514 3515 3516 3517 3518 3519 3520 3521 3522 3523 3504
parm u 0 0 1 2 3 4 5 6 7 8 9 10 11 12 13 14 15 16 17 18 19 20 20
end
usemtl Default
v 24.767885328760912 0 98.339889099970435
v 24.93255285757354 0 97.452382197637007
v 50.093363029142864 0 64.406690923555743
v 76.68812019215116 0 36.418203804191904
v 110.41627706067257 0 9.5882467787328096
v 155.31240572242089 0 -12.599791324426377
v 178.62796152752796 0 -21.423321392694248
v 181.12060089599103 0 -20.615216862635123
v 181.65791930642078 0 -19.454810052506929
v 181.77007494113698 0 -17.789983720530984
v 123.51095127136975 0 123.7013536657339
v 64.302061390629973 0 104.56217926646821
v 64.15013865972216 0 104.51832599531025
v 46.453378029557229 0 100.01117233867421
v 46.024121764492037 0 99.940893876788778
cstype bspline
deg 1
curv 0 15 3524 3525 3526 3527 3528 3529 3530 3531 3532 3533 3534 3535 3536 3537 3538 3524
parm u 0 0 1 2 3 4 5 6 7 8 9 10 11 12 13 14 15 15
end
usemtl Default
v 19.656670981577662 0 98.08876159395453
v 19.75799043489198 0 97.933295638502898
v 19.729757114412649 0 98.085464478059635
cstype bspline
deg 1
curv 0 3 3539 3540 3541 3539
parm u 0 0 1 2 3 3
end
usemtl Default
v 33.765182906954777 0 63.314274793976452
v 29.428519728641817 0 68.494776894055974
v 29.144550224612857 0 68.878357587443531
v 11.617498827018863 0 95.772105055246527
v 10.978461136557343 0 97.67603982170516
v 10.92206423734072 0 98.47957014236988
v 4.3195222209215274 0 98.771716326695554
v -31.648552666782066 0 98.226291009736798
v -31.65381976782983 0 98.226216688706074
v -47.164080755722793 0 98.023704173770909
v -49.014775046348191 0 97.963608894952415
v -48.944472955618309 0 96.826291201003102
v -50.737352126962676 0 64.989788894802672
v -45.135625909866647 0 64.631063181440794
v -45.112520793514093 0 64.624909284264049
v -45.088784035004281 0 64.627787325427036
v 22.789753827723445 0 59.480210772326686
v 28.599673509383678 0 61.012761858346096
cstype bspline
deg 1
curv 0 18 3542 3543 3544 3545 3546 3547 3548 3549 3550 3551 3552 3553 3554 3555 3556 3557 3558 3559 3542
parm u 0 0 1 2 3 4 5 6 7 8 9 10 11 12 13 14 15 16 17 18 18
end
usemtl Default
v -52.561717996371968 0 -18.64234777355972
v -53.53868474825147 0 -24.508269227219955
v -49.775148911193398 0 -45.181097942539139
v -48.581764485927422 0 -47.167088365060238
v -47.736609982330421 0 -47.942214403191599
v -34.78473514920357 0 -52.747310750606005
v -13.048805260512452 0 -58.77671614259441
v -13.006731193454314 0 -58.788784860062663
v 8.9593758339475755 0 -65.298291850526596
v 8.9930433126080231 0 -65.308527277882945
v 31.550494291657259 0 -72.340140428234122
v 53.185529816463117 0 -76.410513989071376
v 77.978405480820271 0 -80.43514353482027
v 105.33160318707885 0 -80.604575311010336
v 105.49704510332501 0 -80.611082875282023
v 117.63368631250714 0 -81.49173139863791
v 145.93993860726764 0 -77.594836453773127
v 175.0911949281784 0 -72.395278280134306
v 194.62093284810166 0 -67.5712062169234
v 194.65064513016605 0 -67.56405933160633
v 219.00358325187821 0 -61.863518694517069
v 235.70540549922785 0 -52.38284644721665
v 247.69483662231877 0 -44.539891503957875
v 248.59963582025719 0 -44.175413445888125
v 249.57504099462065 0 -44.184931290736756
v 250.47255554973859 0 -44.566996033050174
v 251.15554103041265 0 -45.263441779043433
v 251.52001908809481 0 -46.168240976933873
v 251.51050124335936 0 -47.143646151442482
v 251.12843650099731 0 -48.041160706318323
v 250.43199075519769 0 -48.724146186911412
v 238.37663226903933 0 -56.610227891914633
v 238.24219301861788 0 -56.692244945840145
v 221.15843384044032 0 -66.389721012583578
v 220.49409407449056 0 -66.649776728583134
v 195.80511921845178 0 -72.42897691213912
v 176.21051228766035 0 -77.269072374305523
v 176.04998572678542 0 -77.303176040566115
v 146.76904634029373 0 -82.525865108901229
v 146.67101932990076 0 -82.541348781316913
v 118.05554011395421 0 -86.480814703417536
v 117.5336561790692 0 -86.497618615246012
v 105.21780390789249 0 -85.603966333127062
v 77.753636596491589 0 -85.433847186516829
v 77.368540204575851 0 -85.401593332599361
v 52.353471895835952 0 -81.340895236483078
v 52.291817894753393 0 -81.330093100095297
v 30.483104141229632 0 -77.227044054641766
v 30.201348082272006 0 -77.156877216985379
v 7.5218576147132978 0 -70.087221892854814
v -14.406395444978969 0 -63.588932669199778
v -36.223277837846823 0 -57.537071579733436
v -36.424603365018399 0 -57.471932015927621
v -47.667469277357227 0 -53.300871484073809
v -47.534658472127219 0 -60.303568374910157
v -13.052117732320639 0 -70.286289693063679
v -13.034944922767878 0 -70.295189623435533
v -13.015684289801769 0 -70.296962241951405
v 6.153415640737677 0 -75.978130385188877
v 26.295808134107659 0 -81.596706851068518
v 44.058902282509933 0 -85.461076996101184
v 59.697542728766933 0 -87.964927545382409
v 79.111237657207454 0 -90.119593001154158
v 96.187076439912943 0 -90.865830262093084
v 116.6610768458078 0 -91.092242114821914
v 136.26248197062372 0 -89.841474227370782
v 153.23109140271899 0 -87.493676266523266
v 173.60794293972074 0 -83.873568084298654
v 191.76786069494725 0 -79.598213232741017
v 208.8600922561055 0 -74.985778843644937
v 228.30264485181286 0 -67.981872870747765
v 246.30838014784368 0 -60.28316488481201
v 275.256412560846 0 -45.689906309891001
v 265.83088681612514 0 -43.164841678378792
v 206.60822271553135 0 -36.397915095590122
v 197.04635918047623 0 -35.695262773196049
v 197.04389271123952 0 -35.694580947503198
v 197.04135267515696 0 -35.694891711982393
v 197.01996005473583 0 -35.688949069049102
v 196.99789362007547 0 -35.691405016988767
v 178.94906849268702 0 -34.14431704027902
v 178.16602186480159 0 -33.99756870654241
v 168.68950572096546 0 -31.221096416996716
v 168.39278616326337 0 -31.121399591973301
v 144.16673385301553 0 -21.911719791916482
v 143.81163449312461 0 -21.756648389652241
v 126.02197363598194 0 -12.938530891690363
v 125.75497281617069 0 -12.793293059224482
v 106.3787989592914 0 -1.2785830760985846
v 106.09297951877451 0 -1.0917757723632917
v 76.794284820713159 0 19.895049140134432
v 76.409300109043528 0 20.20873494992702
v 56.420449512272938 0 38.674659855042151
v 56.213591448934352 0 38.880231073925998
v 39.259628515726462 0 57.004197732457158
v 31.560339547921188 0 53.573749389106126
v 31.244049006057679 0 53.502089906686038
v 30.952631142895171 0 53.359785948332132
v 24.179035409014745 0 51.57303465638671
v 22.856333639109693 0 51.452190806547975
v -45.670316590971495 0 56.648917033841386
v -51.218246746350374 0 57.004197732457158
v -53.826252023965608 0 16.30380674303413
v -52.990647808428847 0 16.43068595464996
v -52.043622317748728 0 16.196915630785753
v -51.258144880408182 0 15.61852904839543
v -50.753797315325599 0 14.783580321201782
v -50.607361967250185 0 13.819182823916321
v -51.726670188342283 0 -10.678121331605666
v -51.304999274350976 0 -10.725275561016929
v -26.636414573125862 0 -15.012982208597037
v -25.180433086822674 0 -15.575096850745467
v -24.050393552453343 0 -16.651603056284955
v -23.418334245463925 0 -18.078612513808594
v -23.38048046562723 0 -19.638875969473077
v -23.942595107743202 0 -21.094857455937699
v -25.019101313395836 0 -22.224896990161852
v -26.446110770951705 0 -22.856956297199702
v -28.006374226777794 0 -22.894810076859017
v -52.435337526629567 0 -18.648752607367356
cstype bspline
deg 1
curv 0 120 3560 3561 3562 3563 3564 3565 3566 3567 3568 3569 3570 3571 3572 3573 3574 3575 3576 3577 3578 3579 3580 3581 3582 3583 3584 3585 3586 3587 3588 3589 3590 3591 3592 3593 3594 3595 3596 3597 3598 3599 3600 3601 3602 3603 3604 3605 3606 3607 3608 3609 3610 3611 3612 3613 3614 3615 3616 3617 3618 3619 3620 3621 3622 3623 3624 3625 3626 3627 3628 3629 3630 3631 3632 3633 3634 3635 3636 3637 3638 3639 3640 3641 3642 3643 3644 3645 3646 3647 3648 3649 3650 3651 3652 3653 3654 3655 3656 3657 3658 3659 3660 3661 3662 3663 3664 3665 3666 3667 3668 3669 3670 3671 3672 3673 3674 3675 3676 3677 3678 3679 3560
parm u 0 0 1 2 3 4 5 6 7 8 9 10 11 12 13 14 15 16 17 18 19 20 21 22 23 24 25 26 27 28 29 30 31 32 33 34 35 36 37 38 39 40 41 42 43 44 45 46 47 48 49 50 51 52 53 54 55 56 57 58 59 60 61 62 63 64 65 66 67 68 69 70 71 72 73 74 75 76 77 78 79 80 81 82 83 84 85 86 87 88 89 90 91 92 93 94 95 96 97 98 99 100 101 102 103 104 105 106 107 108 109 110 111 112 113 114 115 116 117 118 119 120 120
end
usemtl Default
v 136.26317275443634 0 136.73064909735115
v 161.69374518451846 0 145.28893829458019
v 161.8206529584327 0 145.33323589061516
v 187.33176208885092 0 154.55983162841309
v 189.33564728245162 0 155.77025212978003
v 190.72378792603641 0 157.65538852087499
v 191.28485219057879 0 159.92824587445915
v 190.93342312733657 0 162.24280226241171
v 189.72300262571136 0 164.24668745604441
v 187.83786623502007 0 165.63482809950045
v 185.56500888130697 0 166.19589236384894
v 183.25045249338663 0 165.84446330065526
v 161.7928379001693 0 158.08389380383215
v 160.80184135891167 0 161.33121808412727
v 173.58074190711304 0 165.9987163412647
v 174.41409474746203 0 166.50569650527763
v 174.98999947129929 0 167.2929954273512
v 175.22077980437709 0 168.24075398384292
v 175.07130153278158 0 169.20468452617001
v 174.56432136923669 0 170.0380373666971
v 173.7770224467433 0 170.6139420905339
v 172.82926389052633 0 170.84472242328906
v 171.86533334805344 0 170.69524415221002
v 159.33938019227546 0 166.12013502597287
v 155.40270652722367 0 179.00351248236132
v 155.27494880768924 0 179.36021250609491
v 152.90063208018441 0 185.11492250947074
v 152.03534495825213 0 186.41381940906871
v 150.73885757249914 0 187.28271262369938
v 149.20854837490592 0 187.58932103791568
v 147.67739306856342 0 187.28696629994033
v 146.37849616882031 0 186.42167917789493
v 145.50960295422189 0 185.12519179219044
v 145.20299454016694 0 183.59488259462967
v 145.50534927817452 0 182.0637272883356
v 147.80733079701699 0 176.48433852296603
v 151.81239935327969 0 163.37712887009832
v 134.76640698753445 0 157.18023169305673
v 134.03887773336575 0 162.77248929575921
v 133.92212205432995 0 163.34222624091581
v 130.2613024805714 0 176.32238729450793
v 130.18570136947935 0 176.56148758292403
v 119.67854940903126 0 206.49364462343937
v 118.88424773208143 0 207.83712510524498
v 117.63628094783175 0 208.77437313266478
v 116.12464068637232 0 209.16270118965042
v 114.57946047442189 0 208.94298984979724
v 113.23597999263276 0 208.14868817255683
v 112.29873196511593 0 206.90072138837166
v 111.91040390811409 0 205.38908112699292
v 112.13011524841929 0 203.84390091509133
v 122.59571739499776 0 174.03010854234344
v 125.16724836639784 0 164.91223603036462
v 28.671462640438932 0 134.70133266286396
v 27.979744118124671 0 136.60758576579934
v 2.9493995745308723 0 210.73289180050995
v -3.1605290123664389 0 258.59058112468682
v 1.5666786402225341 0 276.24642635903825
v 2.5832868306643775 0 277.03469216755121
v 3.6063992181438209 0 278.21329133699857
v 4.1006014364823784 0 279.69370314701399
v 3.9906556783560347 0 281.25054831922301
v 3.2933001890081925 0 282.64681128871882
v 2.1147010192055689 0 283.66992367629479
v 0.63428920925449006 0 284.16412589494013
v -0.92255596274466711 0 284.05418013681401
v -2.3188189325146169 0 283.3568246471591
v -4.3999042571889362 0 281.74317602521904
v -5.8127549517121366 0 279.61663825522697
v -11.091906720513961 0 259.89931389495922
v -11.195797718506824 0 258.35822228264294
v -4.9357034016750987 0 209.32431874495364
v -4.7576756842332344 0 208.55116818049299
v 20.414568364465566 0 134.00563843572309
v 20.444234671033513 0 133.9209314407006
v 22.456043496736498 0 128.37674447392141
v 22.467151390315308 0 128.34651322632567
v 23.610411664545239 0 125.27329171402673
v 21.617120509364867 0 125.28176255837252
v 21.473472092806361 0 125.27824353050718
v 11.711837861943792 0 124.75809276642804
v 11.236769133373315 0 125.91394548471487
v 4.4477273807708855 0 144.6543051291082
v -1.0611677859732112 0 162.17733850910474
v -13.271381595741772 0 201.27470598889059
v -20.464435431162443 0 237.72807800551237
v -19.902534401472892 0 273.32859027017724
v -18.774173341386202 0 281.58696664932143
v -18.868629923052495 0 283.14482829704093
v -19.552064268329659 0 284.54795781901487
v -20.720429693427221 0 285.58274146495984
v -22.195853153032871 0 286.09164280465592
v -23.753714800929785 0 285.99718622282802
v -25.156844323016841 0 285.31375187769606
v -26.191627968897492 0 284.14538645290526
v -26.70052930869015 0 282.66996299294436
v -27.861421823982894 0 274.17349172586984
v -27.897745695120747 0 273.69511973030097
v -28.470111052119492 0 237.43161631252565
v -28.394939881543465 0 236.59413318891404
v -21.078231326221257 0 199.51409667061154
v -20.972034949576667 0 199.09603992739753
v -8.6963085254016192 0 159.78889964604846
v -8.6940459167989417 0 159.78167873540403
v -3.1582406284030213 0 142.17304798143851
v -3.10319207387532 0 142.01025486857418
v 3.3008766905461755 0 124.3325683546432
v -15.184321687997326 0 123.43120970173212
v -53.648450872548253 0 123.50958628102183
v -55.098859063045651 0 124.77003240054646
v -79.693226210265053 0 191.48242161602332
v -80.202710241860373 0 192.31424603542965
v -80.991737534975258 0 192.88778049330969
v -81.94018583668749 0 193.11570956744242
v -82.903662490372099 0 192.96333312216615
v -83.735486910295108 0 192.45384909063492
v -84.309021367755193 0 191.66482179731057
v -84.536950442162649 0 190.71637349592092
v -84.384573996805315 0 189.75289684183281
v -82.945038484969373 0 185.84814691338755
v -83.43392682744836 0 186.6462485157862
v -84.696419987420754 0 187.56383555860128
v -86.21395693662943 0 187.92844023082753
v -87.75550643129047 0 187.68455477645816
v -89.086381535316733 0 186.86930854524769
v -90.003968577938153 0 185.60681538535619
v -90.368573250164204 0 184.08927843593764
v -90.124687796198558 0 182.54772894140535
v -68.514317950471352 0 123.93919255982237
v -71.899880003728512 0 124.05831280867199
v -71.816437893191406 0 125.14620583415731
v -76.118452020976392 0 137.72986061679867
v -89.256539387821803 0 176.62487658813899
v -89.742998291311281 0 177.47037264304876
v -90.515985048343012 0 178.06534938033207
v -91.457819431298006 0 178.31922698463734
v -92.425115694148602 0 178.19335489263781
v -93.270611749300642 0 177.70689598930954
v -93.8655884862291 0 176.93390923260102
v -94.119466090679381 0 175.99207484932305
v -93.99359399887372 0 175.0247785866014
v -80.854039959761181 0 136.12542056427455
v -80.851090703708579 0 136.11674186521793
v -76.895221711098841 0 124.54558280103126
v -77.214649684299914 0 123.93577301151174
v -77.85514079433058 0 123.44533995738689
v -128.36308961260085 0 121.76004530809479
v -129.31291982972419 0 121.53794532481555
v -130.10545454246301 0 120.9692674083671
v -130.62003752557521 0 120.14058761671805
v -130.77832818405147 0 119.17806493578982
v -130.5562282008371 0 118.22823471898926
v -129.98755028437245 0 117.43570000616975
v -129.15887049257822 0 116.92111702317069
v -128.19634781195657 0 116.76282636454886
v -76.887849403965319 0 118.47483288729953
v -75.451332589212214 0 118.98851381289842
v -74.988045295867735 0 119.34325941171394
v -74.633891136700598 0 119.259768608001
v -74.230628591935115 0 119.14099603158584
v -74.161401433032935 0 119.14838054707715
v -74.093639075521892 0 119.13240577020215
v -66.640776157164382 0 118.87017844405406
v -65.121153369360471 0 114.8402635180878
v -101.54787957446293 0 114.6633429087349
v -101.65664355359287 0 114.66182865096704
v -135.7940264018246 0 113.87700215872709
v -138.07902304213368 0 113.36762605686189
v -139.99515487515521 0 112.02259354491176
v -141.25070819833138 0 110.04667362956087
v -141.65453640096251 0 107.74068220690759
v -141.14516029874204 0 105.45568556650201
v -139.8001277867761 0 103.5395537338195
v -137.82420787171557 0 102.28400041041706
v -135.51821644888508 0 101.8801722081574
v -101.43520873172038 0 102.66374860315338
v -62.80671554138398 0 102.85136295293114
v -62.691743553984409 0 102.53165811771086
v -127.35922536700741 0 101.06419651844632
v -127.39504277373732 0 101.06312686254151
v -137.99526898011416 0 100.67050591353924
v -142.1350613308968 0 100.51956256854018
v -143.08420052645613 0 100.29452783531505
v -143.87497373861882 0 99.723403006092838
v -144.38699291426241 0 98.893136658810704
v -144.40688595107568 0 98.769792758820927
v -145.40115564830529 0 98.634074879449742
v -146.74904969033844 0 97.847286082082178
v -147.69325036956553 0 96.604571297035051
v -148.09001169281834 0 95.095122585837458
v -151.07442733138299 0 45.979049530692194
v -177.85379428257181 0 46.614065717521683
v -179.39131594279206 0 46.345957336573647
v -180.70920009971294 0 45.509873424488902
v -181.60681083770265 0 44.233100178046769
v -181.94749505830211 0 42.710014749879363
v -181.67938667730562 0 41.172493089626855
v -180.84330276541434 0 39.854608932415204
v -179.56652951908535 0 38.956998194570673
v -178.04344409077254 0 38.616313973874497
v -151.66730587005702 0 37.99085950562197
v -155.47664804528932 0 -6.0941693938451635
v -155.88129961754413 0 -5.4473744588201214
v -156.6757378345273 0 -4.8813587673396341
v -157.62630787073027 0 -4.6624467984801754
v -158.58829405464849 0 -4.8239659153990715
v -159.41524271085422 0 -5.341326296298007
v -159.98125840218927 0 -6.1357645133778931
v -161.81843140444482 0 -10.22006707236352
v -162.37183787043068 0 -10.485371441242535
v -164.29397402959231 0 -11.398110379504544
v -205.30813237928203 0 1.6120386538587468
v -206.2776001507377 0 1.7199186021108801
v -207.21455545139403 0 1.4485874239394434
v -207.97635533003557 0 0.83935283151612339
v -208.44702266049234 0 -0.015034731369325982
v -208.55490260914797 0 -0.98450250290611052
v -208.28357143094433 0 -1.9214578035139596
v -207.67433683853722 0 -2.6832576820748386
v -206.8199492754415 0 -3.1539250129511345
v -164.86709452196169 0 -16.461839027980488
v -163.03880837078651 0 -16.337176494632786
v -162.02741878330937 0 -15.856911528286901
v -161.90182492341035 0 -15.98195304418519
v -161.68464725713667 0 -16.07135076303652
v -161.49028551742236 0 -16.203190078134782
v -156.68204269896944 0 -18.234251704917767
v -157.89104976700872 0 -26.813614345259111
v -211.57979409641999 0 -6.8803450953515721
v -213.89129175979627 0 -6.5093299842369561
v -216.16881847614309 0 -7.0511285767468905
v -218.06564144925855 0 -8.4232569482416011
v -219.29298657608771 0 -10.416820992594097
v -219.66400168715424 0 -12.728318655582882
v -219.12220309453096 0 -15.005845372284767
v -217.7500747233108 0 -16.902668345287481
v -215.75651067895831 0 -18.130013472116644
v -157.90153256979428 0 -39.610099670897853
v -159.2821611557346 0 -44.32331782844949
v -222.6411758699243 0 -25.080821922633589
v -223.61189892877201 0 -24.9848918064435
v -224.54544096008485 0 -25.26774356779552
v -225.29967865308845 0 -25.886315589571353
v -225.75978615579677 0 -26.746435889049479
v -225.85571627198726 0 -27.717158947477458
v -225.57286451078025 0 -28.65070097911331
v -224.95429248897216 0 -29.404938672068454
v -224.09417218959095 0 -29.86504617471229
v -160.6959042652237 0 -49.1194634204642
v -164.90155591826661 0 -63.296286434902044
v -164.90317087523181 0 -63.301744529789858
v -167.06197853336602 0 -70.617026968592654
v -217.91719660380934 0 -60.686495058248198
v -218.89264222054632 0 -60.689914529407076
v -219.79252788566853 0 -61.066360585566628
v -220.47985416443339 0 -61.758522727009591
v -220.84998186186721 0 -62.661025542021207
v -220.84656239048246 0 -63.636471158628837
v -220.47011633433894 0 -64.536356823880197
v -219.77795419278283 0 -65.223683102790233
v -218.87545137790076 0 -65.593810799788315
v -202.11279134486878 0 -68.867066453939543
v -204.00827734368542 0 -69.661115934633528
v -205.65702696114437 0 -71.323132287770051
v -206.54424686427083 0 -73.489584341898535
v -206.53486586519452 0 -75.830649410757786
v -205.63031213679332 0 -77.989921559061742
v -203.96829578362457 0 -79.638671176472258
v -201.80184372935071 0 -80.525891079695441
v -166.43097826658732 0 -87.414366693911234
v -131.376991791292 0 -94.244112857312331
v -87.435276892675077 0 -103.35738913108003
v -87.161371209464093 0 -103.4075961014864
v -84.50550087149368 0 -103.83096825844683
v -84.581307168554829 0 -106.18331578812189
v -84.557595308723322 0 -106.32648183307043
v -84.574034230720983 0 -106.47066411465246
v -84.124851134288903 0 -111.88154247420516
v -94.202296296582929 0 -144.42542582552016
v -94.303505458874312 0 -145.39561268848922
v -94.025736093466904 0 -146.33067954363429
v -93.411276068531564 0 -147.08827093850567
v -92.553671352872371 0 -147.55305045071577
v -91.583484489903313 0 -147.65425961300713
v -90.648417634790306 0 -147.37649024785804
v -89.890826239951153 0 -146.76203022297119
v -89.426046727628105 0 -145.90442550724731
v -79.205185298993015 0 -112.89739676937035
v -79.101880139207154 0 -111.9510713185353
v -79.579264640439945 0 -106.20047765941928
v -79.52952292421763 0 -104.6569409427706
v -76.823063686214041 0 -105.11537367339571
v -77.528163988066964 0 -108.8165607166232
v -79.623035929227441 0 -118.26471075812253
v -87.849729687387779 0 -149.9913954460194
v -87.983944557526868 0 -152.3286288591089
v -87.213522423973998 0 -154.53931277949448
v -85.65575307308255 0 -156.28689061979628
v -83.547792767130247 0 -157.3053094958438
v -81.210559353798558 0 -157.43952436593429
v -78.999875433477527 0 -156.66910223247828
v -77.252297592868914 0 -155.11133288165115
v -76.233878717015401 0 -153.00337257536
v -69.041578917294984 0 -125.26588353890594
v -67.356566882081282 0 -125.77086712098503
v -68.303248072079228 0 -128.5756200243942
v -68.314602240019227 0 -128.61152656155036
v -68.31570136052359 0 -128.61351050076797
v -68.31596624382361 0 -128.61584010098056
v -68.332273506677225 0 -128.6674103574527
v -76.399605230511284 0 -155.99951806626905
v -76.487919112808683 0 -156.9709636395329
v -76.197754374687307 0 -157.90225858127837
v -75.573285967396785 0 -158.65162167870079
v -74.709583544706348 0 -159.1049691935313
v -73.738137971539416 0 -159.19328307576427
v -72.806843029809997 0 -158.90311833777201
v -72.05747993230689 0 -158.27864993046529
v -71.604132417637558 0 -157.41494750801718
v -64.260661749004342 0 -132.53527996298544
v -58.971085353869924 0 -134.22714917120817
v -58.958650573387658 0 -134.22856304624804
v -58.94764431898291 0 -134.23451998914783
v -58.474508866633286 0 -134.2836115353864
v -58.001878784031121 0 -134.3373511152156
v -57.989849478584304 0 -134.33389878087695
v -57.977401401654177 0 -134.33519036743365
v -57.521494715736381 0 -134.19948394205693
v -57.064276213057312 0 -134.06826513895811
v -57.054483734910562 0 -134.06047218201667
v -57.042488942883509 0 -134.05690177959821
v -56.673218704817984 0 -133.7570574690285
v -56.301019132997297 0 -133.46085714305775
v -56.294954298006829 0 -133.44990996945404
v -56.285238889722805 0 -133.44202114034925
v -55.728261517201602 0 -132.77051155905275
v -55.360436114199345 0 -132.17271046249141
v -49.317963347725382 0 -118.29853063071948
v -51.064843917032434 0 -128.54500294855075
v -49.208869985247773 0 -131.38997897690433
v -45.468748173253502 0 -132.32849796088215
v -42.521508458205901 0 -133.9063100154512
v -53.043537676592464 0 -171.16778821233493
v -53.120389936924127 0 -172.14020765563669
v -52.819263357040867 0 -173.06801616311344
v -52.186001729094372 0 -173.80996330008776
v -51.317013395018293 0 -174.25309434086648
v -50.344593951700304 0 -174.32994660127883
v -49.416785444175034 0 -174.02882002142786
v -48.674838307410809 0 -173.3955583932717
v -48.231707266615658 0 -172.52657005948618
v -37.785530185666275 0 -135.53370571096559
v -34.957763554945004 0 -136.06971227262801
v -28.336206195700655 0 -138.30978008310205
v -28.200717246982393 0 -138.32692490177226
v -28.072117940649278 0 -138.38325600032977
v -27.695549366032097 0 -138.39084902128184
v -27.34905645885199 0 -138.43469435450623
v -21.238611183535525 0 -137.97880349649
v -20.841018585467751 0 -137.86841542468409
v -20.437416004014082 0 -137.78256465889513
v -20.373476902187818 0 -137.73860660756986
v -20.298712982146398 0 -137.7178490657252
v -19.973629005249975 0 -137.46371168551843
v -19.633602506107493 0 -137.22994389881603
v -19.591352495769868 0 -137.16486351894804
v -19.530223208999146 0 -137.11707513816896
v -19.32713894140052 0 -136.75787856233069
v -19.102454477287679 0 -136.41178278079457
v -13.865015641953889 0 -123.27839557048088
v -11.75432757527075 0 -118.75738303342814
v -11.528277917554888 0 -117.49187718733532
v -11.834350834324951 0 -113.82461404804735
v -11.548810828951801 0 -113.42647620742559
v -7.4094543894060081 0 -109.38430158619468
v -0.31600350645535968 0 -104.12564474330054
v 0.38655392768905017 0 -103.45881725195667
v 2.4985194738963798 0 -100.90046197721986
v 3.043510513580685 0 -100.03483506181249
v 3.302648667703437 0 -99.475241938784848
v 7.2712046839882021 0 -100.59477871609602
v 7.2815853296376929 0 -100.5976829693891
v 24.396510727385788 0 -105.34626320389734
v 24.612915579744623 0 -105.39607036126739
v 40.023068805604936 0 -108.22876582150724
v 40.078433357100181 0 -108.23830113016317
v 51.738430852451273 0 -110.11183052310005
v 51.32503388246343 0 -112.4556038917666
v 51.326604729371724 0 -113.85404954761486
v 51.922761680002878 0 -117.19015782098643
v 51.96852732353446 0 -117.41032924637574
v 53.889832956060474 0 -125.50439913004561
v 55.60643375985822 0 -127.93740315972479
v 58.939445683380683 0 -130.09723118438012
v 58.893383213859323 0 -137.22583246350047
v 52.774187049944118 0 -167.80939259579031
v 52.772432613451684 0 -169.3701141858088
v 52.94673122941785 0 -169.7922498188758
v 48.536308944125807 0 -176.62169574323184
v 46.333345679953396 0 -177.56028302316497
v 42.143996951309674 0 -175.0282547892196
v 42.142609945481723 0 -175.02775273783436
v 42.141519495399137 0 -175.02675938019649
v 29.493220127416038 0 -167.40214473646915
v 28.575622901994194 0 -167.07120489887933
v 27.601228414005931 0 -167.1166056124348
v 26.718379390407534 0 -167.53143502940839
v 26.061481592218087 0 -168.25253913176596
v 25.730541754886445 0 -169.17013635700988
v 25.775942468119268 0 -170.14453084527293
v 26.190771885431872 0 -171.02737986888718
v 26.911875987724528 0 -171.68427766675381
v 39.558936178814093 0 -179.30814531312654
v 44.842518453507154 0 -182.50152460964375
v 45.03283985782204 0 -182.57041482591262
v 45.202257523730708 0 -182.68116568731949
v 45.487141065002362 0 -182.73485722554892
v 45.759731995163833 0 -182.83352635954532
v 45.961929189464371 0 -182.82433977228413
v 46.160833223927995 0 -182.86182689249279
v 46.444578159107806 0 -182.80241119419486
v 46.734178382947306 0 -182.78925355490924
v 46.917468677986932 0 -182.70338873834754
v 47.115577743296427 0 -182.66190504296077
v 51.200810400714403 0 -180.92136425843955
v 52.3210357342451 0 -179.97766959250475
v 57.138579864896343 0 -172.51780407316488
v 57.472399195345446 0 -172.51817932583509
v 58.914989322107516 0 -171.9225379187302
v 60.0198267158448 0 -170.82018167281694
v 60.618709898895048 0 -169.3789343336208
v 66.813085150219507 0 -138.41963136143784
v 66.890740222653875 0 -137.66070652100831
v 66.930395064370515 0 -131.52374605569383
v 86.546953128785361 0 -129.39412569503486
v 87.501844560395142 0 -129.16946752788954
v 92.774077682215051 0 -127.22102743597418
v 93.263164822490893 0 -126.97526046540941
v 93.326341294446905 0 -128.86193672899111
v 90.095526310235101 0 -151.84323387975667
v 88.510347477538716 0 -162.74309113781771
v 88.72865952547582 0 -164.73722705747366
v 90.499330165096438 0 -169.40592239532879
v 91.486286884728969 0 -170.88926401846618
v 96.850204949626658 0 -175.97827952711395
v 98.591984484581332 0 -176.94651601917161
v 109.3430137873128 0 -179.75594832304131
v 110.90099745306182 0 -179.84837049162354
v 112.3757551063263 0 -179.3375429046057
v 113.5427682635636 0 -178.30123443186119
v 114.22436975001656 0 -176.89721364380921
v 114.31679191834044 0 -175.33922997802819
v 113.8059643314356 0 -173.86447232469891
v 112.76965585877215 0 -172.69745916786519
v 111.36563507083312 0 -172.01585768134754
v 101.61001494098295 0 -169.46654323281314
v 97.655378519820061 0 -165.71458322241187
v 96.576182168121164 0 -162.86908566772684
v 98.013611269205825 0 -152.98517118679143
v 98.016300739870331 0 -152.96636462429069
v 101.29676711070115 0 -129.63188932189314
v 101.33347801011811 0 -128.94115983180495
v 101.20875116008577 0 -125.21636832088973
v 103.53905528598492 0 -125.79162240646895
v 157.10412869755723 0 -142.62607030015317
v 157.12291228814442 0 -142.62810982510473
v 157.13961843158555 0 -142.63693522497169
v 210.49197162751162 0 -158.53818255029057
v 211.46317980402424 0 -158.6290699631777
v 212.39524026707224 0 -158.3413737051718
v 213.14625526032373 0 -157.71889292351938
v 213.60188955937414 0 -156.85639467476284
v 213.6927769719384 0 -155.88518649831508
v 213.40508071390028 0 -154.95312603531556
v 212.78259993250614 0 -154.20211104209613
v 211.92010168365297 0 -153.74647674319112
v 158.585533685851 0 -137.85053015570855
v 104.96362552821941 0 -120.99822022034323
v 104.8132295642433 0 -120.9560681671054
v 100.93719761922299 0 -119.99923888994641
v 100.88183242825457 0 -119.4715024856892
v 100.34294387895031 0 -114.12149367332955
v 100.82410528313071 0 -114.1047983093826
v 107.42940574938709 0 -114.64810147118459
v 116.29666466989872 0 -115.45452391391871
v 137.77688216604881 0 -122.93461714877907
v 137.81872774365635 0 -122.94046073269186
v 137.85584364073165 0 -122.96065008553182
v 148.15092393159827 0 -126.16606166536837
v 148.16263865909073 0 -126.16730206464126
v 148.17303860962235 0 -126.1728350993086
v 154.63234177156838 0 -128.11859814061484
v 154.80194339174531 0 -128.16326295899256
v 161.22617618432938 0 -129.61618308912875
v 161.30676370381903 0 -129.61828456633003
v 161.38234811580699 0 -129.64631599795769
v 171.05606233424376 0 -131.19543613071698
v 171.44634674187105 0 -131.22688231148743
v 182.07685719832969 0 -131.24823577657298
v 182.50638090006382 0 -131.21193683972717
v 191.60839378195803 0 -129.64363361519332
v 191.85311521456842 0 -129.58870077113045
v 221.93127795644486 0 -121.2321256364736
v 225.72988058575763 0 -124.27916599614923
v 226.78929114072517 0 -125.12910983970949
v 229.52191649461722 0 -127.36752866974564
v 230.38260915593182 0 -127.82656460110695
v 231.35345093542676 0 -127.92128568105443
v 232.28663997252519 0 -127.6372714834888
v 233.04010669630483 0 -127.01776059587314
v 233.49914262774686 0 -126.15706793454228
v 233.59386370753296 0 -125.18622615507979
v 233.30984951006403 0 -124.25303711783602
v 232.69033862227101 0 -123.49957039421793
v 232.57067695010127 0 -123.40155002715471
v 235.16257022846864 0 -122.64967981851237
v 236.02838213859238 0 -122.20037415389015
v 236.65634620687123 0 -121.45393797275892
v 236.95086059723965 0 -120.52400941776273
v 236.8670881630978 0 -119.55216168127311
v 236.41778249828204 0 -118.68634977144018
v 235.67134631745742 0 -118.0583857030158
v 234.74141776249368 0 -117.76387131280876
v 233.76957002598786 0 -117.84764374686995
v 227.8452823665618 0 -119.56619266795985
v 226.34786434903688 0 -118.36504224708005
v 228.59093431258711 0 -114.03118524448053
v 229.51804297242174 0 -113.1307398599987
v 243.94089349973737 0 -109.0780154383543
v 244.810451891876 0 -108.63600407402313
v 245.44466866672573 0 -107.89487323123626
v 245.74699006963706 0 -106.96745336257194
v 245.67139040725854 0 -105.99493573572065
v 245.22937904284649 0 -105.12537734338835
v 244.48824820005959 0 -104.49116056853867
v 243.56082833116935 0 -104.18883916575669
v 242.58831070438279 0 -104.26443882824816
v 227.55490396579731 0 -108.48872545701286
v 226.48940478240397 0 -109.10214665743877
v 224.81574773884691 0 -110.72766999110596
v 224.33729109904712 0 -111.37190599853233
v 223.62626230652111 0 -112.74569155206382
v 220.27897471607045 0 -99.494127643773055
v 220.21161801661637 0 -99.271610104853778
v 220.07274996685177 0 -98.879595815179471
v 257.54451714405513 0 -88.104021385695262
v 258.41137185300011 0 -87.656730923986714
v 259.04107052716245 0 -86.911757485970213
v 259.33774725166222 0 -85.982516524345499
v 259.25623568419621 0 -85.01047655174392
v 258.80894522271376 0 -84.14362184287944
v 258.06397178474583 0 -83.513923168749272
v 257.13473082292717 0 -83.217246444120576
v 256.16269085043837 0 -83.298758011312003
v 216.13850691726472 0 -94.808318553780566
v 216.10004984445644 0 -94.819712259634144
v 183.82385697477017 0 -104.66452656212346
v 183.00033211120714 0 -105.09655121639241
v 181.51028648922906 0 -106.27757856464336
v 170.27957844763048 0 -106.83892191555418
v 169.82663814873248 0 -106.90347792546493
v 152.70311174376238 0 -110.97076667356743
v 152.3763624718467 0 -111.07245081205065
v 143.67526845792784 0 -114.44922794821719
v 143.24061515972963 0 -114.6687827885367
v 138.28016682872763 0 -117.81538598305065
v 117.65101903411559 0 -110.63166222005822
v 117.05528832609045 0 -110.50288168026705
v 107.87151717344418 0 -109.6676744046292
v 107.85003145927143 0 -109.66581381502334
v 101.08836986877751 0 -109.10964954367955
v 100.94207388996145 0 -109.12644166125733
v 100.79673748812868 0 -109.10273893674849
v 100.07453754548951 0 -109.12779786861594
v 100.04836112519465 0 -102.90926402212739
v 116.75281909704958 0 -103.09399036776574
v 117.20124967627717 0 -103.08217919059592
v 137.24759404948085 0 -101.80301967904543
v 137.68784393791921 0 -101.758577846507
v 154.98969226796439 0 -99.364672536274128
v 155.21687216634004 0 -99.328789455630357
v 175.87063215413158 0 -95.659486306102536
v 176.19609618461229 0 -95.59231774411964
v 194.61231920639588 0 -91.256621431563644
v 194.8005572410344 0 -91.209077869563913
v 212.2247035870358 0 -86.507074417646692
v 212.44827058584028 0 -86.396328810040671
v 212.69498389091919 0 -86.359189381143409
v 232.53417764584893 0 -79.212399012007751
v 232.85952827112428 0 -79.084368117625246
v 251.19961435357251 0 -71.242701844917519
v 251.54169054005379 0 -71.083539173128258
v 282.57089624662183 0 -55.441121208850745
v 282.60733371411914 0 -55.4232534636472
v 284.46782395559592 0 -54.002250395210808
v 285.64289847877455 0 -51.977435953344894
v 285.95366283877149 0 -49.657069781258883
v 285.3902057313403 0 -47.535243867023468
v 285.95558759893026 0 -47.343291539502246
v 287.12895029291417 0 -46.314177868383439
v 287.81917131802891 0 -44.914374347817812
v 287.92117078014917 0 -43.356988374615241
v 287.75596591685905 0 -42.870389252716024
v 288.47655771761754 0 -42.761322925587507
v 289.8128578552147 0 -41.954999850414794
v 290.73887172001457 0 -40.698674541431501
v 291.11362209489675 0 -39.183611138096524
v 290.88005663256229 0 -37.640464309505234
v 288.47649484081023 0 -30.985011863713396
v 291.0771218968739 0 -31.050502839739153
v 292.73676747346497 0 -31.132535236395825
v 293.67928836516535 0 -31.179370514198808
v 294.64426265214092 0 -31.036785560904264
v 295.48121774621131 0 -30.535774568729607
v 296.0627348210611 0 -29.752611919417774
v 296.30028317330095 0 -28.806527026792253
v 296.15769822007098 0 -27.841552739719674
v 295.65668722789644 0 -27.004597645859121
v 294.87352457834254 0 -26.423080571058023
v 294.56090681134901 0 -26.344586731768345
v 279.88008849869368 0 5.8735266023066401
v 304.91905477522221 0 14.641559574086557
v 310.33508268635217 0 1.0776215378405709
v 311.18549311022457 0 -0.23106370736391568
v 312.4719820562857 0 -1.1146932398860088
v 313.99869324495626 0 -1.4387424737333276
v 315.5331987373288 0 -1.1538778505209848
v 316.84188398261415 0 -0.3034674268421611
v 317.7255135150391 0 0.98302151949317818
v 318.04956274883807 0 2.5097327081960259
v 317.76469812586799 0 4.0442382004073352
v 310.92790819200525 0 21.166342545231998
v 305.89110848396331 0 23.458260986163594
v 276.68364045200633 0 13.230520755186689
v 228.198950076523 0 131.01836470984659
v 226.40843840116074 0 135.9337116078521
v 225.90217975060759 0 136.76750296234914
v 225.1153796081413 0 137.34408893096654
v 224.16782116273313 0 137.57568952701689
v 223.20376159816377 0 137.4270456591228
v 222.36997024397331 0 136.92078700871522
v 221.79338427519448 0 136.13398686621653
v 221.56178367901501 0 135.18642842082446
v 221.71042754677993 0 134.22236885627103
v 221.96530896626777 0 133.52266350808685
v 220.4886398831234 0 137.06973408990439
v 220.38486548915498 0 137.29848645464753
v 217.31228340018512 0 143.54254465140534
v 216.36323669549742 0 144.78156253371748
v 215.01228025406928 0 145.56308134495819
v 213.46508494702661 0 145.7681219311614
v 211.95719723493883 0 145.36546872139854
v 210.71817935280413 0 144.41642201687242
v 209.93666054146669 0 143.06546557529893
v 209.73161995506936 0 141.5182702685951
v 210.13427316480008 0 140.01038255645881
v 211.30036494963477 0 137.64066719785976
v 209.38957542526376 0 136.87555457822737
v 204.00006816281413 0 150.50366218180272
v 203.47126727075366 0 151.32334227790594
v 202.66904095681932 0 151.87826460165692
v 201.71552090567909 0 152.08394725933775
v 200.75587190144702 0 151.9090769307804
v 199.93619180527932 0 151.38027603862298
v 199.38126948144722 0 150.57804972509214
v 199.17558682366948 0 149.62452967401637
v 199.3504571521303 0 148.66488066942907
v 204.73053239347033 0 135.06062322424859
v 156.98076899626111 0 117.96009566886946
v 155.64232186462331 0 117.15734151220491
v 154.71295867072226 0 115.90349183487402
v 154.33416653599497 0 114.3894338840131
v 154.56361312908794 0 112.84566925782985
v 155.36636728580058 0 111.50722212657953
v 156.62021696311521 0 110.57785893275914
v 158.13427491375026 0 110.19906679790256
v 159.6780395397561 0 110.4285133908339
v 207.74211684114002 0 127.64160555827266
v 246.79310000030793 0 33.939537428225748
v 203.51050433701093 0 19.483386881406034
v 194.18559165908292 0 43.725763397170113
v 193.35185975989364 0 45.045136763406163
v 192.0766895939133 0 45.945023427540264
v 190.55421425998489 0 46.28842380204236
v 189.01621682619813 0 46.023058293055016
v 187.69684345994605 0 45.189326393736593
v 186.79695679621543 0 43.914156227837367
v 186.45355642158424 0 42.391680893924985
v 186.71892193045844 0 40.853683460283349
v 196.03321325405793 0 16.638919736510672
v 190.63371858974583 0 14.328191771373696
v 143.30585459898074 0 131.37520903966396
v 197.1389553039331 0 150.71921531843699
v 197.9749486708848 0 151.22182941902949
v 198.55496374241724 0 152.00610511059355
v 198.79069848248318 0 152.95264352806586
v 198.64626441323381 0 153.91734277826203
v 198.14365031262534 0 154.75333614508463
v 197.35937462125466 0 155.3333512169078
v 196.41283620352422 0 155.56908595679587
v 195.44813695331183 0 155.42465188762728
v 139.16802694504119 0 135.20135456460585
v 139.12602429467049 0 135.1858355123816
v 137.50392192068418 0 134.56993901143636
v 137.3761284686299 0 134.54388503137579
v 136.87200306776523 0 134.33224667828063
cstype bspline
deg 1
curv 0 706 3680 3681 3682 3683 3684 3685 3686 3687 3688 3689 3690 3691 3692 3693 3694 3695 3696 3697 3698 3699 3700 3701 3702 3703 3704 3705 3706 3707 3708 3709 3710 3711 3712 3713 3714 3715 3716 3717 3718 3719 3720 3721 3722 3723 3724 3725 3726 3727 3728 3729 3730 3731 3732 3733 3734 3735 3736 3737 3738 3739 3740 3741 3742 3743 3744 3745 3746 3747 3748 3749 3750 3751 3752 3753 3754 3755 3756 3757 3758 3759 3760 3761 3762 3763 3764 3765 3766 3767 3768 3769 3770 3771 3772 3773 3774 3775 3776 3777 3778 3779 3780 3781 3782 3783 3784 3785 3786 3787 3788 3789 3790 3791 3792 3793 3794 3795 3796 3797 3798 3799 3800 3801 3802 3803 3804 3805 3806 3807 3808 3809 3810 3811 3812 3813 3814 3815 3816 3817 3818 3819 3820 3821 3822 3823 3824 3825 3826 3827 3828 3829 3830 3831 3832 3833 3834 3835 3836 3837 3838 3839 3840 3841 3842 3843 3844 3845 3846 3847 3848 3849 3850 3851 3852 3853 3854 3855 3856 3857 3858 3859 3860 3861 3862 3863 3864 3865 3866 3867 3868 3869 3870 3871 3872 3873 3874 3875 3876 3877 3878 3879 3880 3881 3882 3883 3884 3885 3886 3887 3888 3889 3890 3891 3892 3893 3894 3895 3896 3897 3898 3899 3900 3901 3902 3903 3904 3905 3906 3907 3908 3909 3910 3911 3912 3913 3914 3915 3916 3917 3918 3919 3920 3921 3922 3923 3924 3925 3926 3927 3928 3929 3930 3931 3932 3933 3934 3935 3936 3937 3938 3939 3940 3941 3942 3943 3944 3945 3946 3947 3948 3949 3950 3951 3952 3953 3954 3955 3956 3957 3958 3959 3960 3961 3962 3963 3964 3965 3966 3967 3968 3969 3970 3971 3972 3973 3974 3975 3976 3977 3978 3979 3980 3981 3982 3983 3984 3985 3986 3987 3988 3989 3990 3991 3992 3993 3994 3995 3996 3997 3998 3999 4000 4001 4002 4003 4004 4005 4006 4007 4008 4009 4010 4011 4012 4013 4014 4015 4016 4017 4018 4019 4020 4021 4022 4023 4024 4025 4026 4027 4028 4029 4030 4031 4032 4033 4034 4035 4036 4037 4038 4039 4040 4041 4042 4043 4044 4045 4046 4047 4048 4049 4050 4051 4052 4053 4054 4055 4056 4057 4058 4059 4060 4061 4062 4063 4064 4065 4066 4067 4068 4069 4070 4071 4072 4073 4074 4075 4076 4077 4078 4079 4080 4081 4082 4083 4084 4085 4086 4087 4088 4089 4090 4091 4092 4093 4094 4095 4096 4097 4098 4099 4100 4101 4102 4103 4104 4105 4106 4107 4108 4109 4110 4111 4112 4113 4114 4115 4116 4117 4118 4119 4120 4121 4122 4123 4124 4125 4126 4127 4128 4129 4130 4131 4132 4133 4134 4135 4136 4137 4138 4139 4140 4141 4142 4143 4144 4145 4146 4147 4148 4149 4150 4151 4152 4153 4154 4155 4156 4157 4158 4159 4160 4161 4162 4163 4164 4165 4166 4167 4168 4169 4170 4171 4172 4173 4174 4175 4176 4177 4178 4179 4180 4181 4182 4183 4184 4185 4186 4187 4188 4189 4190 4191 4192 4193 4194 4195 4196 4197 4198 4199 4200 4201 4202 4203 4204 4205 4206 4207 4208 4209 4210 4211 4212 4213 4214 4215 4216 4217 4218 4219 4220 4221 4222 4223 4224 4225 4226 4227 4228 4229 4230 4231 4232 4233 4234 4235 4236 4237 4238 4239 4240 4241 4242 4243 4244 4245 4246 4247 4248 4249 4250 4251 4252 4253 4254 4255 4256 4257 4258 4259 4260 4261 4262 4263 4264 4265 4266 4267 4268 4269 4270 4271 4272 4273 4274 4275 4276 4277 4278 4279 4280 4281 4282 4283 4284 4285 4286 4287 4288 4289 4290 4291 4292 4293 4294 4295 4296 4297 4298 4299 4300 4301 4302 4303 4304 4305 4306 4307 4308 4309 4310 4311 4312 4313 4314 4315 4316 4317 4318 4319 4320 4321 4322 4323 4324 4325 4326 4327 4328 4329 4330 4331 4332 4333 4334 4335 4336 4337 4338 4339 4340 4341 4342 4343 4344 4345 4346 4347 4348 4349 4350 4351 4352 4353 4354 4355 4356 4357 4358 4359 4360 4361 4362 4363 4364 4365 4366 4367 4368 4369 4370 4371 4372 4373 4374 4375 4376 4377 4378 4379 4380 4381 4382 4383 4384 4385 3680
parm u 0 0 1 2 3 4 5 6 7 8 9 10 11 12 13 14 15 16 17 18 19 20 21 22 23 24 25 26 27 28 29 30 31 32 33 34 35 36 37 38 39 40 41 42 43 44 45 46 47 48 49 50 51 52 53 54 55 56 57 58 59 60 61 62 63 64 65 66 67 68 69 70 71 72 73 74 75 76 77 78 79 80 81 82 83 84 85 86 87 88 89 90 91 92 93 94 95 96 97 98 99 100 101 102 103 104 105 106 107 108 109 110 111 112 113 114 115 116 117 118 119 120 121 122 123 124 125 126 127 128 129 130 131 132 133 134 135 136 137 138 139 140 141 142 143 144 145 146 147 148 149 150 151 152 153 154 155 156 157 158 159 160 161 162 163 164 165 166 167 168 169 170 171 172 173 174 175 176 177 178 179 180 181 182 183 184 185 186 187 188 189 190 191 192 193 194 195 196 197 198 199 200 201 202 203 204 205 206 207 208 209 210 211 212 213 214 215 216 217 218 219 220 221 222 223 224 225 226 227 228 229 230 231 232 233 234 235 236 237 238 239 240 241 242 243 244 245 246 247 248 249 250 251 252 253 254 255 256 257 258 259 260 261 262 263 264 265 266 267 268 269 270 271 272 273 274 275 276 277 278 279 280 281 282 283 284 285 286 287 288 289 290 291 292 293 294 295 296 297 298 299 300 301 302 303 304 305 306 307 308 309 310 311 312 313 314 315 316 317 318 319 320 321 322 323 324 325 326 327 328 329 330 331 332 333 334 335 336 337 338 339 340 341 342 343 344 345 346 347 348 349 350 351 352 353 354 355 356 357 358 359 360 361 362 363 364 365 366 367 368 369 370 371 372 373 374 375 376 377 378 379 380 381 382 383 384 385 386 387 388 389 390 391 392 393 394 395 396 397 398 399 400 401 402 403 404 405 406 407 408 409 410 411 412 413 414 415 416 417 418 419 420 421 422 423 424 425 426 427 428 429 430 431 432 433 434 435 436 437 438 439 440 441 442 443 444 445 446 447 448 449 450 451 452 453 454 455 456 457 458 459 460 461 462 463 464 465 466 467 468 469 470 471 472 473 474 475 476 477 478 479 480 481 482 483 484 485 486 487 488 489 490 491 492 493 494 495 496 497 498 499 500 501 502 503 504 505 506 507 508 509 510 511 512 513 514 515 516 517 518 519 520 521 522 523 524 525 526 527 528 529 530 531 532 533 534 535 536 537 538 539 540 541 542 543 544 545 546 547 548 549 550 551 552 553 554 555 556 557 558 559 560 561 562 563 564 565 566 567 568 569 570 571 572 573 574 575 576 577 578 579 580 581 582 583 584 585 586 587 588 589 590 591 592 593 594 595 596 597 598 599 600 601 602 603 604 605 606 607 608 609 610 611 612 613 614 615 616 617 618 619 620 621 622 623 624 625 626 627 628 629 630 631 632 633 634 635 636 637 638 639 640 641 642 643 644 645 646 647 648 649 650 651 652 653 654 655 656 657 658 659 660 661 662 663 664 665 666 667 668 669 670 671 672 673 674 675 676 677 678 679 680 681 682 683 684 685 686 687 688 689 690 691 692 693 694 695 696 697 698 699 700 701 702 703 704 705 706 706
end
usemtl Default
v 206.0255537440722 0 -164.13658009437376
v 267.10689522397217 0 -69.879046611256257
v 221.80446910707914 0 -91.926670374895821
v 213.85888075453178 0 -99.931851256053449
v 207.91238069268249 0 -101.19437398243531
v 206.21410821537083 0 -103.66122968045076
v 183.8968141758414 0 -109.94888829291568
v 178.38651666169855 0 -110.6921345562892
v 171.47876853714453 0 -110.44684404573485
v 171.23955348637381 0 -113.37987194345493
v 163.4189622002219 0 -112.78271595596061
v 161.39671189903859 0 -117.51007550226905
v 149.67146904076517 0 -120.49420583423455
v 147.06317484510018 0 -127.10022177966744
v 107.74661996411689 0 -113.74417356779594
v 102.32493847767861 0 -130.87930968921671
v 155.31011310127431 0 -147.87535037907054
v 184.64778005167531 0 -157.40130810939752
cstype bspline
deg 1
curv 0 18 4386 4387 4388 4389 4390 4391 4392 4393 4394 4395 4396 4397 4398 4399 4400 4401 4402 4403 4386
parm u 0 0 1 2 3 4 5 6 7 8 9 10 11 12 13 14 15 16 17 18 18
end
usemtl Default
v 200.37809354274341 0 -172.85144548762952
v 185.85119237788771 0 -168.79103600935855
v 141.40605155763498 0 -156.32423256161144
cstype bspline
deg 1
curv 0 2 4404 4405 4406
parm u 0 0 1 2 2
end
usemtl Default
v 109.97197023849364 0 -137.52159280730399
v 182.66540423327652 0 -160.95613942735184
v 203.87948744444927 0 -167.44827743402874
cstype bspline
deg 1
curv 0 2 4407 4408 4409
parm u 0 0 1 2 2
end
usemtl Default
v 141.40605155763498 0 -156.32423256161144
v 107.18021506776685 0 -146.35933980801286
cstype bspline
deg 1
curv 0 1 4410 4411
parm u 0 0 1 1
end
usemtl Default
v 9.1290126135544085 0 -105.82087603783634
v 109.97197023849364 0 -137.52159280730399
cstype bspline
deg 1
curv 0 1 4412 4413
parm u 0 0 1 1
end
usemtl Default
v 215.81564378125162 0 -24.21563748022092
v 202.09313775847804 0 -24.00010281357595
cstype bspline
deg 1
curv 0 1 4414 4415
parm u 0 0 1 1
end
usemtl Default
v 107.18021506776685 0 -146.35933980801286
v -74.963221470332073 0 -89.193559294606558
v -110.38102579349483 0 -78.58834321901432
v -123.28369981882653 0 -74.10823952940234
v -133.6597746669384 0 -69.882653375184589
v -143.21231763380479 0 -65.821993502061986
v -151.55727082708555 0 -61.299394198567228
v -162.86070613120427 0 -54.334250984247205
v -170.96676313979512 0 -48.17811309928544
v -179.08220235793468 0 -41.711689560160153
v -186.00300947128298 0 -35.281924160313423
v -191.64379227623942 0 -30.363769969781487
v -197.57979759873271 0 -23.576574005658244
v -202.20983791757573 0 -18.124214750519059
v -208.26626893015117 0 -11.010077004024282
v -210.57975954175009 0 -7.7393456220920598
cstype bspline
deg 1
curv 0 15 4416 4417 4418 4419 4420 4421 4422 4423 4424 4425 4426 4427 4428 4429 4430 4431
parm u 0 0 1 2 3 4 5 6 7 8 9 10 11 12 13 14 15 15
end
usemtl Default
v -205.34675926936171 0 0.33592526771823827
v -197.89465766468422 0 -8.9182029305044352
v -188.36832159289762 0 -19.377843168319913
v -174.59280942859812 0 -32.305188280268339
v -165.39895992484236 0 -39.295292521008861
v -155.21065880789524 0 -46.699345695469702
v -144.43110289895463 0 -53.361903628802196
v -131.84435985661003 0 -59.748261489530819
v -121.65024271503384 0 -64.049533614753983
v -111.61530765909471 0 -67.63925662457649
v -85.947595456460235 0 -75.957237228765251
v 9.1290126135544085 0 -105.82087603783634
cstype bspline
deg 1
curv 0 11 4432 4433 4434 4435 4436 4437 4438 4439 4440 4441 4442 4443
parm u 0 0 1 2 3 4 5 6 7 8 9 10 11 11
end
